Shipment_ID,Plant_ID,Shipment_Date,Mode_of_Transport,Weight_Tons,Distance_KM
SHP_00000,PLNT_03,03-10-2025,Heavy Truck,4.42,724.78
SHP_00001,PLNT_05,23-07-2025,Heavy Truck,11.77,622.67
SHP_00002,PLNT_02,06-07-2024,Air Freight,19.03,7439.3
SHP_00003,PLNT_03,27-05-2026,Heavy Truck,2.89,58.06
SHP_00004,PLNT_02,14-06-2026,Heavy Truck,21.29,196.65
SHP_00005,PLNT_05,06-05-2026,Ocean Cargo,20.82,10543.17
SHP_00006,PLNT_04,01-01-2026,Heavy Truck,15.76,311.8
SHP_00007,PLNT_01,27-02-2026,Heavy Truck,20.1,158.62
SHP_00008,PLNT_04,15-09-2026,Ocean Cargo,23.72,1934.53
SHP_00009,PLNT_02,17-03-2026,Ocean Cargo,19.79,854.83
SHP_00010,PLNT_04,03-09-2026,Ocean Cargo,23.06,5256.66
SHP_00011,PLNT_02,05-09-2026,Heavy Truck,2.96,202.48
SHP_00012,PLNT_05,18-04-2026,Rail,10.41,340.31
SHP_00013,PLNT_04,08-04-2026,Heavy Truck,5.25,605.75
SHP_00014,PLNT_05,12-03-2025,Ocean Cargo,14.24,565.91
SHP_00015,PLNT_01,16-02-2024,Ocean Cargo,19.47,8074.16
SHP_00016,PLNT_01,25-02-2024,Ocean Cargo,11.84,9890.63
SHP_00017,PLNT_02,11-01-2026,Air Freight,10.33,8893.95
SHP_00018,PLNT_02,05-05-2025,Ocean Cargo,9.05,2160.29
SHP_00019,PLNT_05,23-10-2026,Heavy Truck,3.81,150.6
SHP_00020,PLNT_05,06-11-2025,Heavy Truck,19.11,148.4
SHP_00021,PLNT_05,27-05-2026,Ocean Cargo,10.25,3658.72
SHP_00022,PLNT_05,05-08-2024,Heavy Truck,3.09,380.16
SHP_00023,PLNT_04,10-01-2024,Rail,2.17,349.08
SHP_00024,PLNT_03,26-10-2026,Heavy Truck,6.73,689.85
SHP_00025,PLNT_03,19-09-2025,Ocean Cargo,19.6,8099.03
SHP_00026,PLNT_05,08-01-2024,Heavy Truck,14.06,179.66
SHP_00027,PLNT_01,09-10-2025,Heavy Truck,5.11,689.47
SHP_00028,PLNT_04,16-04-2026,Heavy Truck,11.57,507.05
SHP_00029,PLNT_01,23-03-2024,Heavy Truck,5.02,600.53
SHP_00030,PLNT_01,24-01-2024,Ocean Cargo,10.78,9724.19
SHP_00031,PLNT_04,02-12-2024,Ocean Cargo,17.82,10016.58
SHP_00032,PLNT_03,22-02-2024,Heavy Truck,6.61,395.86
SHP_00033,PLNT_01,18-09-2025,Heavy Truck,18.05,498.71
SHP_00034,PLNT_05,05-03-2026,Heavy Truck,16.41,617.68
SHP_00035,PLNT_03,01-12-2025,Heavy Truck,16.81,215.63
SHP_00036,PLNT_05,02-07-2024,Ocean Cargo,24.01,10948.28
SHP_00037,PLNT_03,18-03-2026,Heavy Truck,17.94,80.16
SHP_00038,PLNT_04,17-11-2026,Ocean Cargo,23.56,1463.66
SHP_00039,PLNT_01,03-05-2026,Ocean Cargo,9.07,174.09
SHP_00040,PLNT_05,14-07-2026,Heavy Truck,17.09,684.87
SHP_00041,PLNT_01,05-02-2026,Ocean Cargo,1.59,4024.25
SHP_00042,PLNT_05,05-11-2024,Ocean Cargo,24.28,3777.11
SHP_00043,PLNT_02,22-06-2024,Heavy Truck,24.09,288.14
SHP_00044,PLNT_02,08-02-2025,Ocean Cargo,22.77,1017.6
SHP_00045,PLNT_05,24-12-2025,Heavy Truck,7.15,354.47
SHP_00046,PLNT_04,27-03-2026,Heavy Truck,2.28,539.32
SHP_00047,PLNT_04,03-06-2024,Heavy Truck,9.56,518.95
SHP_00048,PLNT_03,16-08-2026,Ocean Cargo,23.23,3474.11
SHP_00049,PLNT_03,01-09-2026,Rail,15.12,305.96
SHP_00050,PLNT_04,20-06-2024,Ocean Cargo,17.56,9163.57
SHP_00051,PLNT_05,26-08-2024,Ocean Cargo,11.11,11684.4
SHP_00052,PLNT_05,15-08-2026,Ocean Cargo,3.2,5485
SHP_00053,PLNT_03,21-07-2024,Ocean Cargo,8.32,468.12
SHP_00054,PLNT_03,09-12-2024,Heavy Truck,4.46,141.87
SHP_00055,PLNT_01,27-11-2026,Ocean Cargo,19.57,5772.02
SHP_00056,PLNT_03,23-12-2025,Air Freight,8.58,10640.56
SHP_00057,PLNT_03,05-10-2024,Ocean Cargo,18.5,8401.69
SHP_00058,PLNT_01,26-01-2024,Ocean Cargo,21.31,7494.16
SHP_00059,PLNT_04,04-06-2024,Heavy Truck,4.45,454.65
SHP_00060,PLNT_05,17-08-2026,Air Freight,22.08,6810.66
SHP_00061,PLNT_05,13-12-2026,Heavy Truck,18.23,431.28
SHP_00062,PLNT_01,19-03-2024,Ocean Cargo,20.15,1897.83
SHP_00063,PLNT_04,10-01-2024,Heavy Truck,22.98,523.11
SHP_00064,PLNT_02,05-09-2026,Ocean Cargo,13.26,2521.77
SHP_00065,PLNT_04,06-05-2024,Heavy Truck,19.81,204.18
SHP_00066,PLNT_05,25-09-2025,Ocean Cargo,5.67,1856.51
SHP_00067,PLNT_05,04-07-2025,Heavy Truck,22.78,162.46
SHP_00068,PLNT_05,08-09-2024,Heavy Truck,22.83,75.04
SHP_00069,PLNT_05,24-01-2024,Ocean Cargo,14.66,6052.49
SHP_00070,PLNT_01,20-01-2025,Heavy Truck,21.43,726.79
SHP_00071,PLNT_04,19-11-2026,Ocean Cargo,18.74,2266.03
SHP_00072,PLNT_04,13-10-2026,Heavy Truck,2.12,526.55
SHP_00073,PLNT_04,08-02-2025,Ocean Cargo,14.31,9568.35
SHP_00074,PLNT_04,18-05-2025,Ocean Cargo,21.21,460.96
SHP_00075,PLNT_03,22-02-2024,Heavy Truck,19.91,76.93
SHP_00076,PLNT_02,06-06-2026,Heavy Truck,19.65,671.98
SHP_00077,PLNT_05,01-11-2025,Heavy Truck,5.59,630.36
SHP_00078,PLNT_01,09-12-2026,Rail,19.85,76.2
SHP_00079,PLNT_03,17-07-2024,Ocean Cargo,18.99,11196.49
SHP_00080,PLNT_05,13-12-2026,Rail,8.11,619.62
SHP_00081,PLNT_03,16-09-2025,Ocean Cargo,24.86,430.61
SHP_00082,PLNT_03,03-10-2026,Ocean Cargo,6.27,1921.97
SHP_00083,PLNT_04,24-11-2025,Ocean Cargo,6,7094.1
SHP_00084,PLNT_01,17-07-2025,Rail,11.63,84.19
SHP_00085,PLNT_01,02-04-2024,Heavy Truck,7.54,88.68
SHP_00086,PLNT_05,12-07-2024,Heavy Truck,18.11,496.83
SHP_00087,PLNT_03,19-02-2024,Rail,24.91,685.62
SHP_00088,PLNT_05,22-01-2025,Ocean Cargo,22.5,3313.41
SHP_00089,PLNT_02,03-05-2025,Heavy Truck,14.99,460.43
SHP_00090,PLNT_04,14-07-2026,Heavy Truck,16.62,172.88
SHP_00091,PLNT_01,14-03-2024,Ocean Cargo,17.54,11829.88
SHP_00092,PLNT_01,11-03-2025,Ocean Cargo,4.98,1234.81
SHP_00093,PLNT_05,23-05-2025,Heavy Truck,8.93,592.29
SHP_00094,PLNT_04,07-03-2026,Ocean Cargo,19.46,11046.87
SHP_00095,PLNT_03,07-11-2024,Rail,13,627.71
SHP_00096,PLNT_03,12-11-2026,Ocean Cargo,22.01,7600.86
SHP_00097,PLNT_02,23-05-2025,Ocean Cargo,12.14,2222.54
SHP_00098,PLNT_05,18-09-2025,Heavy Truck,12.77,163.26
SHP_00099,PLNT_05,15-09-2026,Ocean Cargo,15.35,4669.81
SHP_00100,PLNT_01,20-05-2026,Heavy Truck,23.25,422.05
SHP_00101,PLNT_02,08-11-2026,Heavy Truck,15.97,478.04
SHP_00102,PLNT_05,11-10-2026,Heavy Truck,14.73,797.65
SHP_00103,PLNT_04,03-02-2026,Heavy Truck,21.76,648.91
SHP_00104,PLNT_03,19-12-2026,Rail,13.69,73.6
SHP_00105,PLNT_02,03-07-2024,Ocean Cargo,13.66,7700.68
SHP_00106,PLNT_03,27-06-2026,Heavy Truck,15.7,199.63
SHP_00107,PLNT_02,20-01-2025,Ocean Cargo,2.7,10268.4
SHP_00108,PLNT_05,14-11-2024,Heavy Truck,11.17,667.92
SHP_00109,PLNT_04,14-05-2024,Ocean Cargo,11.26,593.59
SHP_00110,PLNT_02,06-07-2026,Ocean Cargo,18.98,1046.05
SHP_00111,PLNT_03,20-06-2024,Ocean Cargo,23.41,1554.02
SHP_00112,PLNT_04,01-01-2025,Heavy Truck,10.87,414.83
SHP_00113,PLNT_05,17-10-2024,Air Freight,19.62,7602.49
SHP_00114,PLNT_04,10-12-2024,Ocean Cargo,13.91,3663.47
SHP_00115,PLNT_04,25-08-2024,Heavy Truck,14.45,529.54
SHP_00116,PLNT_02,26-08-2026,Heavy Truck,9.23,92.4
SHP_00117,PLNT_02,25-01-2025,Heavy Truck,8.3,744.64
SHP_00118,PLNT_05,13-06-2026,Ocean Cargo,19.19,4169
SHP_00119,PLNT_05,27-02-2026,Heavy Truck,18.4,258.01
SHP_00120,PLNT_03,12-03-2025,Heavy Truck,9.15,328.56
SHP_00121,PLNT_04,10-02-2026,Heavy Truck,24.53,241.89
SHP_00122,PLNT_05,20-09-2025,Air Freight,19.78,5743.85
SHP_00123,PLNT_01,22-04-2026,Heavy Truck,18.01,185.9
SHP_00124,PLNT_02,17-04-2026,Heavy Truck,9.62,249.59
SHP_00125,PLNT_04,27-07-2026,Heavy Truck,8.9,157.21
SHP_00126,PLNT_03,05-02-2025,Rail,9.95,465.32
SHP_00127,PLNT_04,23-08-2026,Heavy Truck,8.29,543.08
SHP_00128,PLNT_05,07-09-2025,Rail,14.3,679.14
SHP_00129,PLNT_02,08-06-2024,Air Freight,13.61,428.23
SHP_00130,PLNT_03,22-01-2026,Rail,3.39,593.61
SHP_00131,PLNT_02,12-03-2026,Rail,13.91,376.5
SHP_00132,PLNT_02,16-07-2025,Ocean Cargo,6.14,8685.26
SHP_00133,PLNT_04,07-04-2024,Heavy Truck,24.7,100.35
SHP_00134,PLNT_04,13-06-2025,Heavy Truck,3.98,690.59
SHP_00135,PLNT_02,21-11-2026,Ocean Cargo,12.48,5990.85
SHP_00136,PLNT_05,13-02-2026,Ocean Cargo,18.75,8686.69
SHP_00137,PLNT_04,27-01-2025,Ocean Cargo,2.78,10023.22
SHP_00138,PLNT_04,04-09-2025,Heavy Truck,14.61,795.21
SHP_00139,PLNT_04,08-09-2024,Ocean Cargo,14.37,11225.67
SHP_00140,PLNT_04,01-10-2025,Rail,20.61,551.94
SHP_00141,PLNT_05,16-01-2024,Heavy Truck,4.91,720.88
SHP_00142,PLNT_03,24-08-2024,Heavy Truck,5.12,571.86
SHP_00143,PLNT_01,24-07-2024,Heavy Truck,10.28,196.86
SHP_00144,PLNT_01,12-02-2026,Heavy Truck,11.89,115.89
SHP_00145,PLNT_04,17-05-2024,Ocean Cargo,22.26,8992.57
SHP_00146,PLNT_04,20-07-2024,Heavy Truck,1.74,219.05
SHP_00147,PLNT_04,07-12-2026,Ocean Cargo,24.26,896.62
SHP_00148,PLNT_01,03-12-2026,Rail,9.41,168.83
SHP_00149,PLNT_01,17-11-2024,Heavy Truck,22.62,329.04
SHP_00150,PLNT_01,04-05-2024,Heavy Truck,23.2,195.3
SHP_00151,PLNT_02,17-06-2025,Ocean Cargo,21.2,3828.18
SHP_00152,PLNT_02,22-09-2024,Heavy Truck,4.29,632.12
SHP_00153,PLNT_01,14-11-2025,Ocean Cargo,24.64,9585.44
SHP_00154,PLNT_05,27-04-2024,Ocean Cargo,7.95,2501.84
SHP_00155,PLNT_02,11-04-2024,Ocean Cargo,6.03,1655.75
SHP_00156,PLNT_03,13-06-2025,Ocean Cargo,20.18,7452.31
SHP_00157,PLNT_04,02-04-2024,Ocean Cargo,19.89,9606.79
SHP_00158,PLNT_05,25-08-2024,Ocean Cargo,19.21,4164.59
SHP_00159,PLNT_04,11-02-2025,Ocean Cargo,9.36,9711.86
SHP_00160,PLNT_02,01-11-2024,Heavy Truck,22.85,750.21
SHP_00161,PLNT_01,01-07-2025,Ocean Cargo,23.77,3289.52
SHP_00162,PLNT_02,19-08-2026,Heavy Truck,2.65,442.53
SHP_00163,PLNT_03,11-06-2024,Rail,9.02,307.81
SHP_00164,PLNT_03,10-06-2025,Heavy Truck,2.41,703.47
SHP_00165,PLNT_04,15-11-2026,Heavy Truck,20.11,713.75
SHP_00166,PLNT_03,03-01-2026,Heavy Truck,1.71,739.86
SHP_00167,PLNT_02,11-11-2024,Heavy Truck,6.3,780.79
SHP_00168,PLNT_04,23-12-2025,Heavy Truck,8.07,257.27
SHP_00169,PLNT_05,27-03-2024,Ocean Cargo,10.05,10021.76
SHP_00170,PLNT_03,02-05-2024,Heavy Truck,10.74,765.01
SHP_00171,PLNT_02,27-03-2025,Heavy Truck,4.44,327.17
SHP_00172,PLNT_03,03-11-2026,Rail,2.72,227.17
SHP_00173,PLNT_02,05-06-2025,Heavy Truck,13.59,122.83
SHP_00174,PLNT_03,26-05-2026,Ocean Cargo,4.81,1525.47
SHP_00175,PLNT_01,17-05-2024,Ocean Cargo,16.96,1183.99
SHP_00176,PLNT_01,11-02-2025,Ocean Cargo,9.44,11397.52
SHP_00177,PLNT_03,23-11-2025,Ocean Cargo,7.42,10146.36
SHP_00178,PLNT_02,04-11-2026,Heavy Truck,6.57,344.59
SHP_00179,PLNT_02,02-05-2026,Ocean Cargo,11.99,10202.22
SHP_00180,PLNT_05,27-07-2024,Heavy Truck,9.29,692.23
SHP_00181,PLNT_04,24-11-2024,Heavy Truck,22.5,632.04
SHP_00182,PLNT_05,12-09-2025,Heavy Truck,10.77,157.29
SHP_00183,PLNT_05,01-01-2025,Rail,11.53,401.72
SHP_00184,PLNT_01,12-05-2024,Rail,5.59,508.15
SHP_00185,PLNT_01,02-10-2026,Heavy Truck,8.36,179.79
SHP_00186,PLNT_01,25-02-2025,Ocean Cargo,24.37,1792.13
SHP_00187,PLNT_04,25-07-2024,Ocean Cargo,16.11,6277.62
SHP_00188,PLNT_01,10-01-2024,Heavy Truck,8.63,551.23
SHP_00189,PLNT_02,15-11-2025,Ocean Cargo,18.84,8088.06
SHP_00190,PLNT_02,05-04-2026,Ocean Cargo,10.56,4306.33
SHP_00191,PLNT_02,16-02-2025,Heavy Truck,14.12,546.4
SHP_00192,PLNT_02,10-07-2026,Heavy Truck,2.94,400.51
SHP_00193,PLNT_01,15-03-2026,Heavy Truck,17.53,669.56
SHP_00194,PLNT_01,20-11-2025,Ocean Cargo,11.55,308.92
SHP_00195,PLNT_01,01-11-2024,Heavy Truck,16.92,649.99
SHP_00196,PLNT_03,10-02-2025,Ocean Cargo,11.03,11119.05
SHP_00197,PLNT_04,12-07-2024,Ocean Cargo,15.47,5898.28
SHP_00198,PLNT_01,26-08-2024,Rail,9.43,772.68
SHP_00199,PLNT_05,17-09-2024,Heavy Truck,14.12,289.84
SHP_00200,PLNT_04,07-06-2025,Air Freight,11.37,11025.66
SHP_00201,PLNT_03,04-03-2024,Ocean Cargo,8.7,5015.98
SHP_00202,PLNT_04,12-05-2026,Heavy Truck,18.71,67.13
SHP_00203,PLNT_02,26-10-2024,Heavy Truck,6.2,260.92
SHP_00204,PLNT_04,13-04-2025,Heavy Truck,8,702.44
SHP_00205,PLNT_05,07-06-2024,Heavy Truck,23,69.84
SHP_00206,PLNT_03,04-10-2025,Heavy Truck,11.88,611.87
SHP_00207,PLNT_04,15-04-2024,Ocean Cargo,14.24,1106.48
SHP_00208,PLNT_02,10-03-2024,Ocean Cargo,8.53,252.15
SHP_00209,PLNT_01,15-06-2024,Ocean Cargo,11.64,11670.81
SHP_00210,PLNT_05,21-05-2026,Heavy Truck,21.29,735.03
SHP_00211,PLNT_04,25-10-2026,Ocean Cargo,13.7,10330.05
SHP_00212,PLNT_01,26-12-2026,Ocean Cargo,3.24,10146.91
SHP_00213,PLNT_02,07-03-2024,Ocean Cargo,18.18,1736.29
SHP_00214,PLNT_01,13-10-2024,Ocean Cargo,3.87,2372.71
SHP_00215,PLNT_03,18-01-2025,Rail,11.22,654.88
SHP_00216,PLNT_03,01-07-2025,Ocean Cargo,17.71,6559.17
SHP_00217,PLNT_04,23-12-2026,Heavy Truck,4.82,377.51
SHP_00218,PLNT_02,01-12-2026,Ocean Cargo,1.69,9030.43
SHP_00219,PLNT_05,19-05-2024,Ocean Cargo,18.73,7930.86
SHP_00220,PLNT_01,18-04-2025,Heavy Truck,4.41,274.48
SHP_00221,PLNT_03,12-09-2026,Ocean Cargo,16.55,10032.39
SHP_00222,PLNT_05,07-12-2024,Heavy Truck,9.12,471.17
SHP_00223,PLNT_01,03-10-2024,Air Freight,9.89,8629.35
SHP_00224,PLNT_03,09-05-2024,Air Freight,23.7,3345.75
SHP_00225,PLNT_03,26-12-2025,Ocean Cargo,10.91,5488.07
SHP_00226,PLNT_02,01-01-2026,Heavy Truck,21.36,610.17
SHP_00227,PLNT_01,15-09-2026,Ocean Cargo,21.01,7611.38
SHP_00228,PLNT_01,06-04-2024,Ocean Cargo,21.13,6517.87
SHP_00229,PLNT_05,11-04-2025,Heavy Truck,19.59,790
SHP_00230,PLNT_01,17-06-2024,Heavy Truck,14.01,153.7
SHP_00231,PLNT_01,20-10-2025,Ocean Cargo,20.14,5778.48
SHP_00232,PLNT_04,17-08-2024,Ocean Cargo,7.45,11461.25
SHP_00233,PLNT_05,22-10-2026,Ocean Cargo,13.35,9399.68
SHP_00234,PLNT_02,06-10-2024,Ocean Cargo,14.31,4499.53
SHP_00235,PLNT_01,21-11-2025,Air Freight,1.97,10209.56
SHP_00236,PLNT_03,19-02-2025,Ocean Cargo,19.48,9267.57
SHP_00237,PLNT_05,02-03-2025,Rail,6.72,181.55
SHP_00238,PLNT_03,19-02-2024,Heavy Truck,20.54,680.8
SHP_00239,PLNT_02,02-04-2024,Heavy Truck,24.37,384.22
SHP_00240,PLNT_05,07-04-2025,Ocean Cargo,2.01,10731.23
SHP_00241,PLNT_05,13-08-2026,Ocean Cargo,21.25,6428.49
SHP_00242,PLNT_01,06-09-2025,Rail,12.11,454.8
SHP_00243,PLNT_04,24-01-2025,Ocean Cargo,13.44,6379.69
SHP_00244,PLNT_04,03-10-2026,Ocean Cargo,5.07,5077.2
SHP_00245,PLNT_05,08-06-2025,Heavy Truck,2,164.98
SHP_00246,PLNT_01,06-02-2025,Ocean Cargo,20.57,2546.23
SHP_00247,PLNT_01,18-04-2024,Ocean Cargo,6.29,7612.44
SHP_00248,PLNT_03,09-11-2025,Heavy Truck,6.18,788.49
SHP_00249,PLNT_05,15-12-2024,Heavy Truck,17.55,477.76
SHP_00250,PLNT_04,14-06-2026,Ocean Cargo,14.69,10448.75
SHP_00251,PLNT_05,14-10-2025,Air Freight,16,1854.38
SHP_00252,PLNT_01,27-04-2025,Heavy Truck,15.75,708.77
SHP_00253,PLNT_01,24-11-2025,Heavy Truck,19.06,778.57
SHP_00254,PLNT_03,24-04-2026,Air Freight,19.59,4152
SHP_00255,PLNT_04,02-11-2026,Heavy Truck,4.27,625.86
SHP_00256,PLNT_02,08-09-2025,Heavy Truck,7.08,462.11
SHP_00257,PLNT_04,05-07-2026,Heavy Truck,24.93,252.93
SHP_00258,PLNT_03,17-11-2024,Ocean Cargo,21.92,3704.23
SHP_00259,PLNT_01,15-09-2025,Heavy Truck,22.77,518.43
SHP_00260,PLNT_05,20-10-2025,Ocean Cargo,13.64,2219.66
SHP_00261,PLNT_05,19-10-2025,Ocean Cargo,8.43,924.47
SHP_00262,PLNT_05,01-07-2025,Heavy Truck,5.29,509.51
SHP_00263,PLNT_04,27-01-2024,Rail,10.59,361.42
SHP_00264,PLNT_01,22-09-2025,Heavy Truck,14.98,72.56
SHP_00265,PLNT_03,24-06-2024,Ocean Cargo,11.6,2210.77
SHP_00266,PLNT_04,15-08-2024,Ocean Cargo,23.76,2860.88
SHP_00267,PLNT_01,12-09-2024,Heavy Truck,13.74,85.81
SHP_00268,PLNT_03,10-11-2026,Ocean Cargo,16.5,4064.69
SHP_00269,PLNT_01,03-01-2026,Heavy Truck,7.28,444.91
SHP_00270,PLNT_05,14-11-2026,Heavy Truck,1.58,503.43
SHP_00271,PLNT_05,06-10-2025,Heavy Truck,20.33,599.47
SHP_00272,PLNT_04,17-07-2024,Ocean Cargo,22.8,11131.89
SHP_00273,PLNT_02,01-08-2026,Rail,24.07,436.64
SHP_00274,PLNT_01,04-05-2025,Ocean Cargo,6.57,8143.89
SHP_00275,PLNT_04,21-10-2026,Ocean Cargo,12.88,3963.91
SHP_00276,PLNT_01,26-10-2025,Air Freight,8.19,11800.06
SHP_00277,PLNT_05,18-12-2025,Ocean Cargo,10.94,9278.7
SHP_00278,PLNT_05,15-10-2026,Ocean Cargo,6.34,5643.67
SHP_00279,PLNT_03,23-02-2025,Ocean Cargo,16.03,1538.28
SHP_00280,PLNT_01,17-05-2024,Heavy Truck,16.68,294.54
SHP_00281,PLNT_03,25-01-2024,Heavy Truck,21.61,131.68
SHP_00282,PLNT_04,23-01-2025,Heavy Truck,3.13,570.33
SHP_00283,PLNT_01,27-10-2025,Heavy Truck,3.42,222.28
SHP_00284,PLNT_02,07-05-2025,Heavy Truck,6.33,58.02
SHP_00285,PLNT_01,09-04-2024,Heavy Truck,13,187.34
SHP_00286,PLNT_05,20-06-2024,Ocean Cargo,15.13,5931.08
SHP_00287,PLNT_05,22-01-2026,Heavy Truck,15.01,677.11
SHP_00288,PLNT_04,16-03-2024,Ocean Cargo,7.01,9725.37
SHP_00289,PLNT_04,12-09-2025,Heavy Truck,3.52,539.22
SHP_00290,PLNT_03,24-10-2026,Heavy Truck,2.05,695.63
SHP_00291,PLNT_05,02-03-2026,Ocean Cargo,7.38,413.96
SHP_00292,PLNT_04,04-02-2024,Heavy Truck,2.2,769.44
SHP_00293,PLNT_02,10-08-2024,Heavy Truck,22.81,618.83
SHP_00294,PLNT_05,04-08-2026,Ocean Cargo,17.77,5204.65
SHP_00295,PLNT_02,25-02-2024,Ocean Cargo,9,2591.37
SHP_00296,PLNT_04,09-03-2026,Ocean Cargo,10.52,3697.41
SHP_00297,PLNT_01,07-03-2025,Heavy Truck,19.74,494.61
SHP_00298,PLNT_05,14-11-2025,Ocean Cargo,22.37,2116.63
SHP_00299,PLNT_05,23-03-2026,Ocean Cargo,23.01,11957.85
SHP_00300,PLNT_01,22-06-2025,Heavy Truck,2.5,627.49
SHP_00301,PLNT_03,16-06-2024,Heavy Truck,12.46,459.72
SHP_00302,PLNT_04,23-06-2026,Ocean Cargo,11.55,6402.21
SHP_00303,PLNT_05,02-12-2025,Ocean Cargo,2.96,137.62
SHP_00304,PLNT_04,09-02-2026,Ocean Cargo,6.79,5273.36
SHP_00305,PLNT_02,07-02-2026,Heavy Truck,1.9,218.13
SHP_00306,PLNT_05,26-05-2026,Heavy Truck,24.68,50.85
SHP_00307,PLNT_05,11-05-2024,Heavy Truck,2.52,429.34
SHP_00308,PLNT_02,23-05-2025,Heavy Truck,9.01,50.79
SHP_00309,PLNT_02,18-09-2025,Heavy Truck,19.82,361.96
SHP_00310,PLNT_01,10-03-2026,Rail,15.48,148.84
SHP_00311,PLNT_03,07-08-2024,Heavy Truck,1.78,97.84
SHP_00312,PLNT_04,02-08-2024,Heavy Truck,15.24,372.22
SHP_00313,PLNT_01,08-10-2024,Rail,6.98,339.1
SHP_00314,PLNT_03,22-01-2025,Heavy Truck,21.56,341.74
SHP_00315,PLNT_04,25-10-2025,Ocean Cargo,16.39,9225.16
SHP_00316,PLNT_01,08-12-2025,Ocean Cargo,15.69,7427.68
SHP_00317,PLNT_03,13-09-2025,Heavy Truck,24,771.77
SHP_00318,PLNT_04,02-12-2026,Heavy Truck,9.33,344.12
SHP_00319,PLNT_05,22-05-2026,Heavy Truck,3.75,363.73
SHP_00320,PLNT_04,21-09-2026,Heavy Truck,20.82,408.46
SHP_00321,PLNT_05,10-07-2026,Heavy Truck,1.51,498.7
SHP_00322,PLNT_05,13-10-2024,Ocean Cargo,11.75,3233.06
SHP_00323,PLNT_01,11-02-2025,Ocean Cargo,20.32,11955.88
SHP_00324,PLNT_05,01-05-2025,Ocean Cargo,4.87,5513.68
SHP_00325,PLNT_05,26-10-2024,Ocean Cargo,19.72,8374.31
SHP_00326,PLNT_01,21-01-2024,Ocean Cargo,17.22,1283.43
SHP_00327,PLNT_04,05-09-2024,Ocean Cargo,14.28,10420.07
SHP_00328,PLNT_03,20-10-2026,Heavy Truck,6.67,219.73
SHP_00329,PLNT_02,15-09-2025,Heavy Truck,10.5,690.66
SHP_00330,PLNT_04,04-06-2025,Ocean Cargo,22.19,1375.86
SHP_00331,PLNT_02,10-07-2026,Air Freight,19.41,2068.1
SHP_00332,PLNT_02,14-10-2024,Ocean Cargo,8.64,5097.67
SHP_00333,PLNT_05,15-05-2026,Heavy Truck,10.57,235.68
SHP_00334,PLNT_05,03-12-2026,Ocean Cargo,24.17,9870.72
SHP_00335,PLNT_01,19-07-2025,Ocean Cargo,5.58,3320.86
SHP_00336,PLNT_03,21-10-2025,Ocean Cargo,23,371.64
SHP_00337,PLNT_04,26-11-2025,Ocean Cargo,10.17,7512.65
SHP_00338,PLNT_01,05-07-2026,Heavy Truck,13.95,507.22
SHP_00339,PLNT_04,19-04-2025,Heavy Truck,4.45,794.38
SHP_00340,PLNT_01,22-08-2025,Heavy Truck,10.09,793.8
SHP_00341,PLNT_05,15-01-2024,Heavy Truck,15.17,259.46
SHP_00342,PLNT_01,02-03-2024,Heavy Truck,22.18,778.92
SHP_00343,PLNT_02,21-07-2024,Heavy Truck,7.61,446.55
SHP_00344,PLNT_02,06-01-2026,Heavy Truck,7.46,593.95
SHP_00345,PLNT_03,20-10-2025,Ocean Cargo,15.04,4960.78
SHP_00346,PLNT_01,01-11-2026,Heavy Truck,16.21,56.11
SHP_00347,PLNT_05,10-06-2025,Ocean Cargo,22.44,8476.38
SHP_00348,PLNT_04,16-06-2025,Ocean Cargo,5.7,5450.33
SHP_00349,PLNT_01,19-09-2025,Ocean Cargo,8.27,9701.08
SHP_00350,PLNT_03,06-11-2024,Heavy Truck,20.06,621.86
SHP_00351,PLNT_02,21-06-2026,Heavy Truck,10.26,240.1
SHP_00352,PLNT_03,06-10-2025,Heavy Truck,21.81,699.07
SHP_00353,PLNT_04,10-07-2026,Heavy Truck,15.2,50.67
SHP_00354,PLNT_04,20-03-2025,Ocean Cargo,7.45,9120.74
SHP_00355,PLNT_01,12-02-2025,Heavy Truck,13.58,497.78
SHP_00356,PLNT_03,03-06-2026,Heavy Truck,3.71,659.03
SHP_00357,PLNT_03,02-04-2025,Ocean Cargo,12.88,193.49
SHP_00358,PLNT_01,23-06-2026,Heavy Truck,24.36,654.25
SHP_00359,PLNT_05,20-12-2025,Ocean Cargo,12.67,8786.94
SHP_00360,PLNT_03,09-11-2026,Ocean Cargo,16.5,4393.15
SHP_00361,PLNT_01,11-08-2025,Ocean Cargo,11.38,10451.02
SHP_00362,PLNT_05,05-05-2025,Rail,12.27,679.44
SHP_00363,PLNT_02,25-12-2025,Heavy Truck,23.27,253.18
SHP_00364,PLNT_05,08-02-2025,Rail,6.63,398.41
SHP_00365,PLNT_05,12-11-2025,Heavy Truck,18.14,356.68
SHP_00366,PLNT_02,27-10-2025,Air Freight,2.82,3700
SHP_00367,PLNT_04,05-02-2026,Ocean Cargo,17.17,1756.9
SHP_00368,PLNT_02,16-05-2024,Ocean Cargo,19.39,8759.49
SHP_00369,PLNT_02,01-01-2025,Ocean Cargo,18.53,1163.88
SHP_00370,PLNT_02,11-10-2026,Heavy Truck,8.6,405.09
SHP_00371,PLNT_03,14-05-2025,Ocean Cargo,2.9,6329.31
SHP_00372,PLNT_05,19-07-2026,Heavy Truck,7.43,271.29
SHP_00373,PLNT_03,01-02-2024,Heavy Truck,19.35,288.01
SHP_00374,PLNT_02,02-02-2026,Rail,4.82,438.74
SHP_00375,PLNT_04,13-04-2024,Ocean Cargo,11.31,7375.55
SHP_00376,PLNT_01,26-07-2025,Heavy Truck,6.85,311.18
SHP_00377,PLNT_03,25-08-2026,Ocean Cargo,21.86,4170.57
SHP_00378,PLNT_03,24-08-2026,Ocean Cargo,8.38,10039.89
SHP_00379,PLNT_01,16-12-2024,Ocean Cargo,21.01,1037.03
SHP_00380,PLNT_02,11-12-2024,Heavy Truck,3.48,603.09
SHP_00381,PLNT_01,08-01-2026,Ocean Cargo,23.92,9688.82
SHP_00382,PLNT_03,12-03-2026,Heavy Truck,10.09,431.53
SHP_00383,PLNT_01,06-11-2024,Ocean Cargo,17.8,11837.44
SHP_00384,PLNT_01,23-05-2026,Heavy Truck,12.55,71.43
SHP_00385,PLNT_03,24-05-2025,Ocean Cargo,7.15,1377.08
SHP_00386,PLNT_04,13-04-2024,Ocean Cargo,8.66,1349.91
SHP_00387,PLNT_01,10-11-2026,Rail,4.76,446.06
SHP_00388,PLNT_02,13-11-2025,Ocean Cargo,21.95,11433.13
SHP_00389,PLNT_05,08-07-2026,Rail,17.04,112.22
SHP_00390,PLNT_01,09-01-2026,Heavy Truck,4.23,146.32
SHP_00391,PLNT_01,07-07-2026,Heavy Truck,24.13,370.71
SHP_00392,PLNT_01,14-07-2025,Ocean Cargo,13.81,7873.67
SHP_00393,PLNT_01,04-01-2025,Heavy Truck,22.57,455.8
SHP_00394,PLNT_02,11-07-2025,Ocean Cargo,12.55,8842.09
SHP_00395,PLNT_02,25-03-2024,Ocean Cargo,8.97,5017.78
SHP_00396,PLNT_02,07-06-2024,Ocean Cargo,13.64,8971.39
SHP_00397,PLNT_01,26-10-2024,Heavy Truck,1.66,467.58
SHP_00398,PLNT_01,24-11-2025,Ocean Cargo,16.48,11885.96
SHP_00399,PLNT_03,02-10-2025,Ocean Cargo,8.15,2200.69
SHP_00400,PLNT_02,18-01-2025,Rail,15.72,751.02
SHP_00401,PLNT_03,03-03-2025,Ocean Cargo,9.29,6403.54
SHP_00402,PLNT_04,07-06-2024,Ocean Cargo,9.73,3315.81
SHP_00403,PLNT_01,05-04-2026,Heavy Truck,12.63,282.83
SHP_00404,PLNT_05,01-11-2026,Heavy Truck,1.83,163.53
SHP_00405,PLNT_04,11-05-2024,Ocean Cargo,4.27,10294.2
SHP_00406,PLNT_01,06-03-2026,Ocean Cargo,22.35,5766.38
SHP_00407,PLNT_03,22-03-2024,Heavy Truck,8.42,743.69
SHP_00408,PLNT_04,05-11-2026,Heavy Truck,5.34,431.06
SHP_00409,PLNT_04,18-01-2026,Rail,9.93,392.52
SHP_00410,PLNT_04,16-04-2025,Ocean Cargo,2.04,954.84
SHP_00411,PLNT_05,21-10-2025,Heavy Truck,5.42,524.69
SHP_00412,PLNT_05,07-09-2026,Ocean Cargo,5.54,10151.38
SHP_00413,PLNT_01,03-06-2026,Ocean Cargo,17.35,5868.68
SHP_00414,PLNT_05,21-06-2026,Ocean Cargo,20.04,7078.62
SHP_00415,PLNT_02,01-12-2025,Ocean Cargo,8.56,9782.5
SHP_00416,PLNT_01,23-02-2024,Heavy Truck,15.54,181.15
SHP_00417,PLNT_02,07-02-2024,Ocean Cargo,11.35,2704.76
SHP_00418,PLNT_02,11-12-2024,Ocean Cargo,24.46,9913.64
SHP_00419,PLNT_04,14-08-2025,Heavy Truck,3.74,215.4
SHP_00420,PLNT_01,16-10-2025,Heavy Truck,20.12,133.5
SHP_00421,PLNT_02,08-08-2026,Ocean Cargo,5.01,473.47
SHP_00422,PLNT_02,01-07-2026,Ocean Cargo,21.74,7664.8
SHP_00423,PLNT_05,07-12-2025,Ocean Cargo,7.4,1853.85
SHP_00424,PLNT_04,01-08-2024,Heavy Truck,3.36,597.56
SHP_00425,PLNT_01,16-04-2024,Rail,12.9,185.17
SHP_00426,PLNT_02,20-06-2024,Heavy Truck,18.41,756.05
SHP_00427,PLNT_01,19-05-2026,Heavy Truck,6.35,732.61
SHP_00428,PLNT_05,17-08-2024,Rail,15.34,474.95
SHP_00429,PLNT_03,21-02-2025,Ocean Cargo,5.99,1060.56
SHP_00430,PLNT_04,10-04-2024,Heavy Truck,18.91,440.93
SHP_00431,PLNT_04,12-06-2025,Heavy Truck,5.88,521.45
SHP_00432,PLNT_01,12-02-2024,Ocean Cargo,16.75,9824.78
SHP_00433,PLNT_01,14-06-2024,Ocean Cargo,6.25,3416.14
SHP_00434,PLNT_05,22-02-2024,Heavy Truck,11.32,398.27
SHP_00435,PLNT_02,01-05-2025,Heavy Truck,13.76,338.79
SHP_00436,PLNT_02,19-07-2026,Ocean Cargo,6.21,3828.07
SHP_00437,PLNT_02,14-02-2026,Heavy Truck,23.19,296.36
SHP_00438,PLNT_02,21-09-2025,Air Freight,9.14,2387.25
SHP_00439,PLNT_01,05-09-2025,Rail,19.63,795.37
SHP_00440,PLNT_03,23-12-2026,Ocean Cargo,16.39,9074.33
SHP_00441,PLNT_04,06-05-2025,Heavy Truck,2.29,231.58
SHP_00442,PLNT_02,13-08-2025,Heavy Truck,7.98,365.26
SHP_00443,PLNT_03,11-11-2024,Heavy Truck,22.55,341.23
SHP_00444,PLNT_01,10-01-2025,Ocean Cargo,6.89,10496.79
SHP_00445,PLNT_04,04-03-2026,Heavy Truck,17.45,203.48
SHP_00446,PLNT_05,13-01-2026,Ocean Cargo,18.47,5163.32
SHP_00447,PLNT_01,13-08-2025,Heavy Truck,1.71,656.73
SHP_00448,PLNT_05,06-09-2024,Ocean Cargo,21.42,9004.47
SHP_00449,PLNT_02,10-09-2024,Air Freight,23.91,3237.02
SHP_00450,PLNT_05,07-04-2026,Heavy Truck,20,394.87
SHP_00451,PLNT_01,16-09-2026,Ocean Cargo,18.06,3727.49
SHP_00452,PLNT_05,03-06-2025,Heavy Truck,5.79,607.15
SHP_00453,PLNT_01,07-10-2024,Heavy Truck,24.23,288.85
SHP_00454,PLNT_03,19-03-2026,Heavy Truck,5.66,186.91
SHP_00455,PLNT_01,09-05-2026,Heavy Truck,14.47,455.53
SHP_00456,PLNT_05,10-03-2025,Heavy Truck,22.37,279.66
SHP_00457,PLNT_05,10-03-2026,Heavy Truck,6.95,188.26
SHP_00458,PLNT_04,16-06-2026,Heavy Truck,16.35,526.9
SHP_00459,PLNT_04,08-03-2025,Heavy Truck,17.42,631.05
SHP_00460,PLNT_02,20-09-2024,Ocean Cargo,12.46,6885.99
SHP_00461,PLNT_04,18-11-2024,Rail,4.57,518.07
SHP_00462,PLNT_02,23-03-2026,Ocean Cargo,18.89,10451.14
SHP_00463,PLNT_01,15-02-2025,Ocean Cargo,3.51,7800.1
SHP_00464,PLNT_02,13-02-2024,Ocean Cargo,1.86,8691.78
SHP_00465,PLNT_03,24-01-2025,Rail,18.18,461.35
SHP_00466,PLNT_05,08-10-2024,Ocean Cargo,13.74,4548.02
SHP_00467,PLNT_01,26-09-2026,Heavy Truck,15.91,750.83
SHP_00468,PLNT_03,08-11-2024,Ocean Cargo,15.75,6772.62
SHP_00469,PLNT_05,06-08-2026,Heavy Truck,7.43,262.36
SHP_00470,PLNT_05,06-05-2024,Ocean Cargo,7.24,10915.67
SHP_00471,PLNT_05,03-04-2026,Ocean Cargo,17.05,2183.03
SHP_00472,PLNT_02,25-06-2026,Ocean Cargo,9.97,7200.85
SHP_00473,PLNT_04,02-09-2024,Rail,18.43,713.4
SHP_00474,PLNT_05,11-01-2025,Heavy Truck,23.59,654.68
SHP_00475,PLNT_05,01-03-2025,Heavy Truck,9.5,366.72
SHP_00476,PLNT_04,16-01-2024,Heavy Truck,19.4,501.99
SHP_00477,PLNT_04,16-09-2026,Ocean Cargo,17.93,9080.23
SHP_00478,PLNT_02,03-01-2026,Rail,20.61,536.63
SHP_00479,PLNT_01,16-07-2026,Heavy Truck,15.05,176.35
SHP_00480,PLNT_03,01-11-2026,Ocean Cargo,11.32,10218.6
SHP_00481,PLNT_02,27-02-2024,Ocean Cargo,7.59,1171.94
SHP_00482,PLNT_02,17-07-2025,Heavy Truck,3.48,313.01
SHP_00483,PLNT_03,17-04-2024,Heavy Truck,10.78,308.56
SHP_00484,PLNT_04,05-02-2024,Ocean Cargo,14.9,7323.64
SHP_00485,PLNT_01,03-01-2026,Heavy Truck,2,256
SHP_00486,PLNT_05,08-10-2025,Heavy Truck,23.21,696.89
SHP_00487,PLNT_03,10-05-2025,Ocean Cargo,14.44,8841.26
SHP_00488,PLNT_04,14-12-2025,Rail,24.06,413.91
SHP_00489,PLNT_03,20-12-2024,Ocean Cargo,24.02,8013.99
SHP_00490,PLNT_05,10-01-2025,Ocean Cargo,21.42,3562.4
SHP_00491,PLNT_04,05-04-2026,Ocean Cargo,18.07,3373.11
SHP_00492,PLNT_02,18-04-2024,Ocean Cargo,5.96,11585.62
SHP_00493,PLNT_04,11-11-2026,Ocean Cargo,15.92,2913.6
SHP_00494,PLNT_05,14-10-2026,Ocean Cargo,5.51,1555.49
SHP_00495,PLNT_02,15-09-2025,Air Freight,17.81,3991.14
SHP_00496,PLNT_03,03-09-2026,Ocean Cargo,21.17,5301.15
SHP_00497,PLNT_04,18-02-2025,Ocean Cargo,18.16,7416.32
SHP_00498,PLNT_01,01-11-2025,Ocean Cargo,16.56,880.72
SHP_00499,PLNT_04,12-02-2025,Heavy Truck,18.54,790.61
SHP_00500,PLNT_01,17-10-2026,Heavy Truck,2.42,99.57
SHP_00501,PLNT_04,24-08-2024,Heavy Truck,20.32,66.06
SHP_00502,PLNT_02,26-07-2024,Heavy Truck,14.47,672.13
SHP_00503,PLNT_04,13-08-2025,Ocean Cargo,5.52,6535.38
SHP_00504,PLNT_04,16-08-2026,Air Freight,17.59,1889.12
SHP_00505,PLNT_05,09-10-2024,Ocean Cargo,10.76,7128.43
SHP_00506,PLNT_04,16-04-2026,Ocean Cargo,15.53,1311.06
SHP_00507,PLNT_02,16-09-2024,Rail,14.31,376.37
SHP_00508,PLNT_04,08-09-2026,Ocean Cargo,13,7582.24
SHP_00509,PLNT_03,11-12-2025,Heavy Truck,8.62,419
SHP_00510,PLNT_04,13-12-2025,Ocean Cargo,15.31,10307.91
SHP_00511,PLNT_01,26-12-2026,Heavy Truck,12.13,203.59
SHP_00512,PLNT_05,23-09-2026,Rail,17.11,111.28
SHP_00513,PLNT_03,19-11-2026,Heavy Truck,11.23,703.99
SHP_00514,PLNT_01,04-09-2025,Heavy Truck,14.05,464.25
SHP_00515,PLNT_03,06-10-2026,Heavy Truck,14.26,573.44
SHP_00516,PLNT_04,08-05-2025,Heavy Truck,11.97,560.4
SHP_00517,PLNT_03,17-10-2025,Heavy Truck,4.29,536.17
SHP_00518,PLNT_02,21-10-2026,Ocean Cargo,3.42,8386.57
SHP_00519,PLNT_01,07-10-2024,Heavy Truck,18.11,786.11
SHP_00520,PLNT_03,16-12-2024,Heavy Truck,12.15,300.22
SHP_00521,PLNT_04,13-12-2025,Ocean Cargo,5.35,9660.74
SHP_00522,PLNT_03,11-07-2025,Ocean Cargo,24.48,561.69
SHP_00523,PLNT_04,27-01-2026,Heavy Truck,8.7,311.54
SHP_00524,PLNT_05,01-01-2026,Rail,9.67,727.34
SHP_00525,PLNT_03,26-01-2025,Ocean Cargo,18.29,393.43
SHP_00526,PLNT_03,08-03-2026,Ocean Cargo,24.98,11347.69
SHP_00527,PLNT_05,21-02-2024,Air Freight,6.42,2744.29
SHP_00528,PLNT_01,07-01-2024,Heavy Truck,17.23,637.93
SHP_00529,PLNT_01,03-05-2024,Heavy Truck,4.39,781.26
SHP_00530,PLNT_03,24-07-2025,Ocean Cargo,14.37,10495.53
SHP_00531,PLNT_01,10-12-2024,Ocean Cargo,5.02,557.61
SHP_00532,PLNT_03,10-12-2024,Ocean Cargo,4.84,11914.2
SHP_00533,PLNT_02,19-10-2024,Ocean Cargo,3.67,1057.23
SHP_00534,PLNT_02,12-06-2025,Heavy Truck,10.34,334.03
SHP_00535,PLNT_01,03-12-2024,Ocean Cargo,24.78,3137.17
SHP_00536,PLNT_05,04-01-2024,Heavy Truck,7.38,170.63
SHP_00537,PLNT_03,25-05-2025,Rail,23.73,517.59
SHP_00538,PLNT_01,14-01-2024,Ocean Cargo,20.28,6698.22
SHP_00539,PLNT_04,04-05-2025,Ocean Cargo,15.14,2799.76
SHP_00540,PLNT_02,04-04-2024,Ocean Cargo,12.44,4777.26
SHP_00541,PLNT_04,16-10-2024,Ocean Cargo,20.56,9346.86
SHP_00542,PLNT_03,01-05-2024,Heavy Truck,5.45,249.95
SHP_00543,PLNT_01,19-04-2026,Heavy Truck,17.62,266.72
SHP_00544,PLNT_03,26-04-2025,Heavy Truck,12.94,475.16
SHP_00545,PLNT_03,22-09-2024,Heavy Truck,22.58,493.36
SHP_00546,PLNT_01,04-04-2025,Heavy Truck,9.77,306.53
SHP_00547,PLNT_03,15-11-2026,Heavy Truck,12.77,424.38
SHP_00548,PLNT_04,06-12-2025,Heavy Truck,2.15,253.5
SHP_00549,PLNT_02,23-04-2024,Ocean Cargo,7.71,3354.25
SHP_00550,PLNT_05,24-02-2025,Rail,24.72,539.34
SHP_00551,PLNT_05,27-05-2026,Heavy Truck,2.35,691.75
SHP_00552,PLNT_03,01-07-2025,Ocean Cargo,6.76,8356.72
SHP_00553,PLNT_01,15-12-2024,Heavy Truck,23.82,238.76
SHP_00554,PLNT_02,10-02-2026,Ocean Cargo,18.48,10275.21
SHP_00555,PLNT_02,27-06-2026,Heavy Truck,3.82,179.69
SHP_00556,PLNT_03,04-06-2026,Heavy Truck,21.25,655.7
SHP_00557,PLNT_04,21-04-2024,Ocean Cargo,17.31,4290.59
SHP_00558,PLNT_02,23-10-2024,Heavy Truck,19.83,607.6
SHP_00559,PLNT_04,04-01-2024,Ocean Cargo,15.13,1688.58
SHP_00560,PLNT_04,02-10-2026,Ocean Cargo,19.98,665.57
SHP_00561,PLNT_04,10-06-2026,Heavy Truck,6.6,287.53
SHP_00562,PLNT_02,10-08-2024,Heavy Truck,20.39,293.43
SHP_00563,PLNT_04,10-10-2024,Ocean Cargo,5,2852.12
SHP_00564,PLNT_05,05-02-2024,Heavy Truck,8.81,175.02
SHP_00565,PLNT_03,24-04-2025,Heavy Truck,6.95,412
SHP_00566,PLNT_01,19-05-2025,Rail,18.11,586.36
SHP_00567,PLNT_05,01-04-2026,Rail,24.45,113.13
SHP_00568,PLNT_05,07-04-2026,Ocean Cargo,19.65,7122.46
SHP_00569,PLNT_03,01-10-2026,Heavy Truck,5.29,724.65
SHP_00570,PLNT_02,23-06-2025,Heavy Truck,13.97,513.95
SHP_00571,PLNT_01,08-09-2024,Heavy Truck,16.34,450.32
SHP_00572,PLNT_02,07-04-2026,Heavy Truck,8.06,784.85
SHP_00573,PLNT_01,15-09-2025,Heavy Truck,23.08,568.91
SHP_00574,PLNT_04,27-10-2025,Heavy Truck,14.82,533.08
SHP_00575,PLNT_04,07-08-2024,Ocean Cargo,15.26,6879.05
SHP_00576,PLNT_05,23-04-2024,Ocean Cargo,7.78,4217.5
SHP_00577,PLNT_03,24-03-2025,Air Freight,11.8,5027.59
SHP_00578,PLNT_01,16-09-2025,Heavy Truck,2.99,646.52
SHP_00579,PLNT_01,19-02-2025,Air Freight,15.36,7887.23
SHP_00580,PLNT_05,13-01-2024,Heavy Truck,17.93,604.17
SHP_00581,PLNT_02,27-03-2024,Air Freight,15.65,1031.98
SHP_00582,PLNT_01,06-06-2025,Ocean Cargo,2.49,10956.75
SHP_00583,PLNT_02,23-01-2026,Ocean Cargo,3.23,2602.07
SHP_00584,PLNT_04,03-12-2026,Rail,9.43,572.15
SHP_00585,PLNT_01,04-01-2026,Heavy Truck,1.81,224.78
SHP_00586,PLNT_02,22-01-2024,Heavy Truck,8.36,425.35
SHP_00587,PLNT_05,27-08-2025,Ocean Cargo,23.27,9669.8
SHP_00588,PLNT_04,14-08-2026,Ocean Cargo,23.27,4517.68
SHP_00589,PLNT_05,12-04-2024,Heavy Truck,11.8,627.15
SHP_00590,PLNT_04,24-02-2025,Heavy Truck,6.97,198.64
SHP_00591,PLNT_05,27-10-2025,Heavy Truck,21.61,389.82
SHP_00592,PLNT_03,03-01-2025,Ocean Cargo,7.85,6925.71
SHP_00593,PLNT_02,07-10-2025,Ocean Cargo,11.7,10506.68
SHP_00594,PLNT_05,12-01-2024,Ocean Cargo,11.28,6526.54
SHP_00595,PLNT_02,19-01-2024,Ocean Cargo,21.83,10423.95
SHP_00596,PLNT_04,10-02-2024,Ocean Cargo,20.16,9947.31
SHP_00597,PLNT_02,15-11-2026,Ocean Cargo,4.33,11758.01
SHP_00598,PLNT_02,08-10-2024,Rail,8.63,646.64
SHP_00599,PLNT_03,27-09-2026,Ocean Cargo,10.5,8768.48
SHP_00600,PLNT_05,22-01-2024,Ocean Cargo,16.7,1178.16
SHP_00601,PLNT_01,12-05-2026,Heavy Truck,2.53,330.14
SHP_00602,PLNT_02,14-07-2025,Heavy Truck,6.06,404.23
SHP_00603,PLNT_02,15-05-2025,Heavy Truck,14.11,162.03
SHP_00604,PLNT_05,06-12-2024,Heavy Truck,9.88,324.57
SHP_00605,PLNT_05,15-05-2024,Heavy Truck,23.65,111.66
SHP_00606,PLNT_01,15-09-2026,Heavy Truck,18.87,710.67
SHP_00607,PLNT_02,16-11-2024,Heavy Truck,19.05,84.77
SHP_00608,PLNT_01,27-10-2025,Ocean Cargo,4.38,1537.1
SHP_00609,PLNT_01,08-05-2024,Ocean Cargo,12.19,11972.81
SHP_00610,PLNT_04,13-12-2025,Heavy Truck,17.48,431.79
SHP_00611,PLNT_01,17-11-2025,Ocean Cargo,2.27,5882.89
SHP_00612,PLNT_03,06-01-2025,Ocean Cargo,18.69,2825.54
SHP_00613,PLNT_05,25-11-2026,Heavy Truck,6.86,402.48
SHP_00614,PLNT_05,08-02-2025,Heavy Truck,14.97,783.32
SHP_00615,PLNT_03,23-07-2024,Ocean Cargo,22.45,3055.85
SHP_00616,PLNT_03,11-02-2024,Heavy Truck,5.27,666.29
SHP_00617,PLNT_05,10-11-2024,Rail,24.46,741.11
SHP_00618,PLNT_03,05-03-2025,Ocean Cargo,12.3,11399.35
SHP_00619,PLNT_05,09-11-2025,Ocean Cargo,6.02,11588.22
SHP_00620,PLNT_05,01-04-2026,Heavy Truck,19.06,447.32
SHP_00621,PLNT_01,04-09-2025,Heavy Truck,6.3,153.61
SHP_00622,PLNT_04,06-12-2024,Ocean Cargo,16.61,4896.57
SHP_00623,PLNT_05,27-08-2024,Ocean Cargo,18.97,10952.36
SHP_00624,PLNT_05,03-05-2025,Heavy Truck,24.26,283.83
SHP_00625,PLNT_05,26-08-2025,Ocean Cargo,11.97,9613.41
SHP_00626,PLNT_05,08-02-2026,Heavy Truck,12.03,708.44
SHP_00627,PLNT_02,03-08-2024,Heavy Truck,7.67,217.27
SHP_00628,PLNT_01,02-08-2025,Heavy Truck,22.32,226.51
SHP_00629,PLNT_05,24-03-2025,Heavy Truck,19.15,475.51
SHP_00630,PLNT_03,14-02-2026,Heavy Truck,18.38,343.7
SHP_00631,PLNT_03,21-05-2025,Rail,9.23,710.09
SHP_00632,PLNT_01,12-03-2025,Ocean Cargo,11.01,9228.87
SHP_00633,PLNT_03,03-05-2026,Heavy Truck,2.99,776.82
SHP_00634,PLNT_05,18-04-2025,Ocean Cargo,3.74,4332.07
SHP_00635,PLNT_04,20-09-2026,Ocean Cargo,23.11,5740.14
SHP_00636,PLNT_02,10-02-2025,Ocean Cargo,12.66,4270.92
SHP_00637,PLNT_03,10-04-2024,Heavy Truck,14.17,300.87
SHP_00638,PLNT_01,01-06-2025,Heavy Truck,15.28,121.98
SHP_00639,PLNT_01,14-03-2024,Rail,16.27,715.73
SHP_00640,PLNT_03,11-10-2026,Ocean Cargo,21.73,6476.45
SHP_00641,PLNT_02,23-05-2026,Ocean Cargo,4.25,10030.96
SHP_00642,PLNT_04,14-10-2025,Rail,19.01,727.92
SHP_00643,PLNT_04,10-01-2024,Heavy Truck,10.8,665.97
SHP_00644,PLNT_03,09-07-2026,Heavy Truck,16.77,670.27
SHP_00645,PLNT_04,10-06-2024,Ocean Cargo,15.12,6720.49
SHP_00646,PLNT_03,16-06-2024,Rail,17.65,332.81
SHP_00647,PLNT_04,12-04-2024,Ocean Cargo,17.43,5213.84
SHP_00648,PLNT_05,02-09-2025,Ocean Cargo,1.85,1008.05
SHP_00649,PLNT_03,25-06-2024,Ocean Cargo,10.06,7110.3
SHP_00650,PLNT_01,24-04-2026,Heavy Truck,10.98,545.54
SHP_00651,PLNT_05,09-12-2024,Heavy Truck,7.42,532.87
SHP_00652,PLNT_02,14-05-2024,Heavy Truck,10.6,197.73
SHP_00653,PLNT_03,22-07-2024,Air Freight,23.8,4656.16
SHP_00654,PLNT_04,27-10-2026,Heavy Truck,19.84,178.54
SHP_00655,PLNT_04,07-01-2024,Ocean Cargo,10.47,10543.8
SHP_00656,PLNT_04,22-05-2026,Heavy Truck,16.16,259.26
SHP_00657,PLNT_01,14-10-2024,Ocean Cargo,6.03,8457.26
SHP_00658,PLNT_04,06-05-2024,Heavy Truck,5.51,629.31
SHP_00659,PLNT_04,04-12-2025,Ocean Cargo,19.99,9618.89
SHP_00660,PLNT_01,17-11-2025,Ocean Cargo,2.47,5048.71
SHP_00661,PLNT_01,13-12-2025,Rail,14.71,592.82
SHP_00662,PLNT_01,27-06-2026,Rail,14.98,637.94
SHP_00663,PLNT_03,15-10-2024,Ocean Cargo,3.78,8085.56
SHP_00664,PLNT_01,06-04-2026,Rail,9.42,796.56
SHP_00665,PLNT_02,01-02-2024,Ocean Cargo,4.8,10900.67
SHP_00666,PLNT_03,23-11-2025,Heavy Truck,16.41,748.07
SHP_00667,PLNT_01,01-03-2025,Heavy Truck,4.1,95.3
SHP_00668,PLNT_05,27-07-2026,Heavy Truck,16.39,104.92
SHP_00669,PLNT_01,02-01-2025,Air Freight,14.42,6742.43
SHP_00670,PLNT_01,11-01-2024,Heavy Truck,9.33,537.73
SHP_00671,PLNT_01,12-05-2024,Heavy Truck,12.47,688.6
SHP_00672,PLNT_05,03-02-2024,Ocean Cargo,12.28,11594.72
SHP_00673,PLNT_02,17-02-2026,Heavy Truck,3.66,405.69
SHP_00674,PLNT_05,16-04-2024,Heavy Truck,19.51,304.23
SHP_00675,PLNT_02,12-01-2026,Ocean Cargo,22.62,6574.99
SHP_00676,PLNT_04,02-04-2025,Heavy Truck,16.7,609.98
SHP_00677,PLNT_02,07-07-2025,Heavy Truck,18.75,249.41
SHP_00678,PLNT_05,24-02-2025,Heavy Truck,10.74,321.7
SHP_00679,PLNT_03,27-06-2025,Heavy Truck,19.02,266.24
SHP_00680,PLNT_03,15-12-2024,Heavy Truck,17.11,59.81
SHP_00681,PLNT_01,14-11-2025,Ocean Cargo,8.39,11720.3
SHP_00682,PLNT_05,26-06-2026,Ocean Cargo,15.71,8232.83
SHP_00683,PLNT_02,19-03-2025,Ocean Cargo,21.51,7518.31
SHP_00684,PLNT_05,21-02-2025,Heavy Truck,12.68,576.52
SHP_00685,PLNT_03,04-04-2024,Ocean Cargo,18.41,5910.59
SHP_00686,PLNT_02,27-02-2025,Ocean Cargo,15.32,750.42
SHP_00687,PLNT_01,22-10-2025,Heavy Truck,21.31,525.26
SHP_00688,PLNT_05,27-10-2026,Heavy Truck,13,367.81
SHP_00689,PLNT_03,11-08-2025,Ocean Cargo,18.93,6162.87
SHP_00690,PLNT_03,23-10-2026,Ocean Cargo,3.2,4558.95
SHP_00691,PLNT_02,15-09-2025,Heavy Truck,10.9,417.7
SHP_00692,PLNT_02,11-11-2024,Rail,8.46,483.21
SHP_00693,PLNT_01,01-06-2025,Heavy Truck,8.5,434.19
SHP_00694,PLNT_02,07-09-2026,Heavy Truck,14.45,103.02
SHP_00695,PLNT_02,11-10-2026,Rail,15.27,321.59
SHP_00696,PLNT_02,18-06-2026,Ocean Cargo,16.49,10600.92
SHP_00697,PLNT_05,01-10-2025,Ocean Cargo,14.38,645.59
SHP_00698,PLNT_05,06-02-2026,Heavy Truck,7.23,601.75
SHP_00699,PLNT_05,02-04-2024,Ocean Cargo,11.04,10154.08
SHP_00700,PLNT_03,27-04-2025,Heavy Truck,6.72,479.41
SHP_00701,PLNT_01,21-11-2024,Rail,15.95,430.99
SHP_00702,PLNT_01,08-03-2026,Heavy Truck,3.75,778.35
SHP_00703,PLNT_01,02-01-2026,Heavy Truck,5.56,473.72
SHP_00704,PLNT_02,05-06-2025,Ocean Cargo,23.06,8495.93
SHP_00705,PLNT_04,24-07-2024,Heavy Truck,9.99,751.9
SHP_00706,PLNT_02,13-01-2024,Ocean Cargo,22.62,6170.61
SHP_00707,PLNT_01,03-12-2026,Ocean Cargo,24.56,5230.5
SHP_00708,PLNT_05,01-03-2026,Ocean Cargo,1.74,2601.65
SHP_00709,PLNT_03,24-12-2025,Heavy Truck,4.76,80.42
SHP_00710,PLNT_04,11-06-2024,Ocean Cargo,17.52,4451.18
SHP_00711,PLNT_03,17-08-2024,Heavy Truck,24.45,185.94
SHP_00712,PLNT_04,24-11-2025,Ocean Cargo,21.64,5395.32
SHP_00713,PLNT_05,10-01-2026,Heavy Truck,13.2,202.85
SHP_00714,PLNT_01,23-09-2025,Heavy Truck,6.04,313.4
SHP_00715,PLNT_02,18-05-2025,Rail,7.56,602.07
SHP_00716,PLNT_03,03-07-2024,Heavy Truck,5.61,453.82
SHP_00717,PLNT_02,04-08-2024,Heavy Truck,18.86,529.27
SHP_00718,PLNT_03,02-10-2024,Ocean Cargo,21.16,2395.6
SHP_00719,PLNT_03,24-12-2024,Heavy Truck,7.06,475.37
SHP_00720,PLNT_02,01-04-2025,Heavy Truck,23.25,636.82
SHP_00721,PLNT_01,05-09-2024,Ocean Cargo,8.61,6024.79
SHP_00722,PLNT_02,20-03-2026,Heavy Truck,4.2,784.92
SHP_00723,PLNT_02,12-04-2025,Ocean Cargo,23.93,5483.52
SHP_00724,PLNT_02,15-01-2026,Heavy Truck,20.65,332.4
SHP_00725,PLNT_05,15-11-2025,Ocean Cargo,18.12,771.15
SHP_00726,PLNT_02,02-01-2026,Heavy Truck,19.48,561.68
SHP_00727,PLNT_01,15-08-2026,Heavy Truck,7.19,204.83
SHP_00728,PLNT_02,26-06-2024,Rail,3.12,302.33
SHP_00729,PLNT_01,16-12-2026,Air Freight,24.18,1493.7
SHP_00730,PLNT_03,09-06-2024,Ocean Cargo,15.17,4797.1
SHP_00731,PLNT_05,23-02-2024,Rail,20.28,735.09
SHP_00732,PLNT_02,04-09-2024,Air Freight,11.97,6333.35
SHP_00733,PLNT_02,10-02-2026,Heavy Truck,3.37,756.02
SHP_00734,PLNT_04,05-09-2026,Ocean Cargo,11.95,11427.93
SHP_00735,PLNT_01,23-07-2024,Ocean Cargo,14.79,10568.7
SHP_00736,PLNT_02,08-08-2026,Rail,14.79,80.32
SHP_00737,PLNT_02,22-06-2026,Air Freight,19.73,3375.28
SHP_00738,PLNT_02,03-02-2025,Rail,14.57,418.61
SHP_00739,PLNT_05,11-07-2024,Heavy Truck,7.33,705.6
SHP_00740,PLNT_01,15-04-2025,Heavy Truck,7.18,707.8
SHP_00741,PLNT_01,20-06-2024,Ocean Cargo,12.52,10559.2
SHP_00742,PLNT_01,14-06-2026,Ocean Cargo,6.17,7812.63
SHP_00743,PLNT_03,04-11-2026,Heavy Truck,17.31,456.07
SHP_00744,PLNT_05,26-12-2024,Heavy Truck,1.88,86.47
SHP_00745,PLNT_05,20-08-2026,Heavy Truck,16.93,113
SHP_00746,PLNT_02,14-03-2024,Ocean Cargo,12.39,10563
SHP_00747,PLNT_01,04-07-2024,Ocean Cargo,1.8,6450.49
SHP_00748,PLNT_04,19-08-2026,Heavy Truck,23.51,683.46
SHP_00749,PLNT_01,27-04-2024,Heavy Truck,22.79,508.26
SHP_00750,PLNT_04,10-08-2025,Heavy Truck,15.85,64.16
SHP_00751,PLNT_05,10-03-2025,Heavy Truck,23.63,623.84
SHP_00752,PLNT_05,15-04-2026,Heavy Truck,10.11,777.04
SHP_00753,PLNT_01,12-05-2024,Ocean Cargo,5.58,8461.96
SHP_00754,PLNT_05,17-04-2025,Ocean Cargo,15.82,3078.38
SHP_00755,PLNT_02,11-08-2024,Heavy Truck,4.35,233.23
SHP_00756,PLNT_03,25-08-2025,Ocean Cargo,19.19,8022.92
SHP_00757,PLNT_05,18-11-2024,Ocean Cargo,11.03,8971.87
SHP_00758,PLNT_01,11-11-2026,Ocean Cargo,12.3,2769.82
SHP_00759,PLNT_02,25-12-2025,Heavy Truck,22.95,573.04
SHP_00760,PLNT_01,08-02-2025,Air Freight,4.64,4145.67
SHP_00761,PLNT_03,20-11-2024,Ocean Cargo,24.99,9741.27
SHP_00762,PLNT_03,07-11-2024,Ocean Cargo,15.45,1969.27
SHP_00763,PLNT_03,15-02-2025,Ocean Cargo,9.96,10663.96
SHP_00764,PLNT_03,20-01-2024,Ocean Cargo,3.52,9296.88
SHP_00765,PLNT_02,08-03-2024,Heavy Truck,3.8,492.44
SHP_00766,PLNT_05,10-10-2025,Rail,3.37,239.77
SHP_00767,PLNT_04,22-04-2025,Heavy Truck,24.13,467.42
SHP_00768,PLNT_04,02-07-2025,Ocean Cargo,16,445.15
SHP_00769,PLNT_01,05-10-2024,Ocean Cargo,16.46,2846.21
SHP_00770,PLNT_01,11-07-2024,Heavy Truck,1.64,158
SHP_00771,PLNT_05,18-12-2026,Heavy Truck,17.07,180.76
SHP_00772,PLNT_01,11-09-2026,Ocean Cargo,10.15,1638.99
SHP_00773,PLNT_01,19-01-2024,Heavy Truck,4.48,387.8
SHP_00774,PLNT_01,05-05-2025,Ocean Cargo,22.23,2436.39
SHP_00775,PLNT_01,08-09-2026,Heavy Truck,3.95,647.96
SHP_00776,PLNT_05,23-11-2024,Rail,21.59,299.89
SHP_00777,PLNT_05,23-10-2024,Heavy Truck,19.91,759.94
SHP_00778,PLNT_03,07-06-2025,Heavy Truck,13.9,699.37
SHP_00779,PLNT_01,14-03-2025,Ocean Cargo,23.41,10988.97
SHP_00780,PLNT_03,27-11-2026,Heavy Truck,24.26,669.16
SHP_00781,PLNT_02,09-08-2025,Heavy Truck,22.89,285.66
SHP_00782,PLNT_02,07-11-2026,Heavy Truck,18.97,312.36
SHP_00783,PLNT_01,02-12-2025,Heavy Truck,6.76,123.86
SHP_00784,PLNT_04,18-04-2024,Air Freight,17.01,10346.03
SHP_00785,PLNT_04,08-02-2026,Ocean Cargo,6.16,1233.33
SHP_00786,PLNT_01,23-04-2024,Heavy Truck,4.46,722.84
SHP_00787,PLNT_04,12-04-2024,Heavy Truck,6.25,123.75
SHP_00788,PLNT_04,12-09-2025,Ocean Cargo,19.05,6788.95
SHP_00789,PLNT_04,05-07-2026,Heavy Truck,6.65,140.71
SHP_00790,PLNT_01,25-12-2024,Heavy Truck,19.67,557.05
SHP_00791,PLNT_03,11-06-2024,Heavy Truck,19.52,642.72
SHP_00792,PLNT_02,03-07-2024,Heavy Truck,3.11,72.59
SHP_00793,PLNT_03,02-11-2025,Air Freight,13.08,3811.09
SHP_00794,PLNT_02,27-08-2025,Heavy Truck,22.03,531.35
SHP_00795,PLNT_03,24-07-2025,Heavy Truck,3.46,397.55
SHP_00796,PLNT_04,12-02-2025,Ocean Cargo,20.63,5839.5
SHP_00797,PLNT_04,20-06-2024,Ocean Cargo,20.2,7508.1
SHP_00798,PLNT_01,17-01-2024,Heavy Truck,10.74,234.28
SHP_00799,PLNT_03,15-02-2024,Heavy Truck,17.94,267.93
SHP_00800,PLNT_03,13-12-2025,Ocean Cargo,10.47,2407.57
SHP_00801,PLNT_04,23-07-2025,Ocean Cargo,24.69,7941.04
SHP_00802,PLNT_03,12-07-2026,Heavy Truck,20.92,577.13
SHP_00803,PLNT_05,07-04-2025,Heavy Truck,3.82,614.98
SHP_00804,PLNT_03,24-06-2026,Heavy Truck,6.95,695.42
SHP_00805,PLNT_04,18-02-2026,Ocean Cargo,17.84,1723.4
SHP_00806,PLNT_01,16-08-2025,Heavy Truck,20.71,251.45
SHP_00807,PLNT_04,27-12-2024,Ocean Cargo,23.6,5905.63
SHP_00808,PLNT_01,17-07-2025,Ocean Cargo,12.17,2418.72
SHP_00809,PLNT_02,24-04-2026,Ocean Cargo,1.55,6696.4
SHP_00810,PLNT_04,27-09-2026,Heavy Truck,8.97,715.86
SHP_00811,PLNT_02,06-04-2026,Rail,6.87,632.91
SHP_00812,PLNT_05,27-02-2026,Ocean Cargo,21.03,6418.62
SHP_00813,PLNT_05,12-01-2026,Ocean Cargo,7.43,797.05
SHP_00814,PLNT_04,22-07-2026,Ocean Cargo,16.57,8326.39
SHP_00815,PLNT_05,10-05-2026,Ocean Cargo,23.33,7833.1
SHP_00816,PLNT_02,03-05-2026,Heavy Truck,14.1,232.51
SHP_00817,PLNT_01,09-06-2026,Ocean Cargo,25,5125.15
SHP_00818,PLNT_03,04-02-2025,Heavy Truck,18.26,448.34
SHP_00819,PLNT_01,05-11-2026,Ocean Cargo,7.39,8352.94
SHP_00820,PLNT_05,23-11-2026,Ocean Cargo,10.52,1302.57
SHP_00821,PLNT_04,21-12-2025,Air Freight,18.49,1988.73
SHP_00822,PLNT_03,19-04-2026,Ocean Cargo,23.24,4241.48
SHP_00823,PLNT_05,23-01-2024,Ocean Cargo,4.37,8214.64
SHP_00824,PLNT_05,15-07-2026,Rail,9.85,692.6
SHP_00825,PLNT_02,24-10-2025,Heavy Truck,23.3,442.65
SHP_00826,PLNT_04,22-04-2024,Rail,7.91,698.49
SHP_00827,PLNT_02,25-08-2026,Rail,2.32,400.16
SHP_00828,PLNT_02,03-05-2025,Heavy Truck,11.48,193.67
SHP_00829,PLNT_05,16-09-2025,Heavy Truck,17.89,308.63
SHP_00830,PLNT_04,05-05-2024,Ocean Cargo,10.04,1164.98
SHP_00831,PLNT_03,05-10-2024,Ocean Cargo,7.73,2529.85
SHP_00832,PLNT_02,23-12-2026,Heavy Truck,4.02,597.84
SHP_00833,PLNT_02,15-08-2024,Ocean Cargo,7.35,11427.87
SHP_00834,PLNT_04,26-07-2026,Ocean Cargo,12.53,2603.08
SHP_00835,PLNT_04,16-07-2026,Ocean Cargo,17.92,7453.33
SHP_00836,PLNT_02,14-05-2024,Heavy Truck,8.68,651.11
SHP_00837,PLNT_02,26-11-2025,Heavy Truck,16.66,501.29
SHP_00838,PLNT_01,14-01-2026,Heavy Truck,21.78,183.29
SHP_00839,PLNT_04,10-11-2025,Ocean Cargo,8.42,10176
SHP_00840,PLNT_01,11-10-2024,Ocean Cargo,21.41,2261.34
SHP_00841,PLNT_05,17-06-2025,Air Freight,23.95,10438.88
SHP_00842,PLNT_05,15-06-2024,Ocean Cargo,21.61,1037.99
SHP_00843,PLNT_05,09-12-2025,Heavy Truck,21.21,344.77
SHP_00844,PLNT_02,07-12-2024,Ocean Cargo,4.49,7979.92
SHP_00845,PLNT_02,18-05-2025,Air Freight,22.17,8549.71
SHP_00846,PLNT_04,25-07-2025,Heavy Truck,22.94,594.54
SHP_00847,PLNT_03,01-10-2025,Heavy Truck,4.62,581.13
SHP_00848,PLNT_05,07-08-2026,Ocean Cargo,15.32,10143.13
SHP_00849,PLNT_02,03-06-2026,Ocean Cargo,10.57,2907.93
SHP_00850,PLNT_02,10-08-2026,Heavy Truck,24.35,551.99
SHP_00851,PLNT_03,02-07-2024,Ocean Cargo,21.3,2634.53
SHP_00852,PLNT_03,27-07-2024,Ocean Cargo,24.35,4839.18
SHP_00853,PLNT_01,27-05-2026,Air Freight,9.21,6579.76
SHP_00854,PLNT_02,19-09-2024,Heavy Truck,15.37,111.99
SHP_00855,PLNT_05,01-12-2026,Heavy Truck,24.92,79.72
SHP_00856,PLNT_03,06-12-2024,Heavy Truck,24.98,564.09
SHP_00857,PLNT_04,03-04-2024,Heavy Truck,20.63,229.63
SHP_00858,PLNT_02,16-09-2026,Ocean Cargo,20.37,9107.85
SHP_00859,PLNT_02,01-02-2026,Ocean Cargo,18.08,7297.86
SHP_00860,PLNT_01,12-06-2026,Heavy Truck,9.41,717.42
SHP_00861,PLNT_04,21-10-2025,Heavy Truck,21.56,554.36
SHP_00862,PLNT_05,21-08-2024,Heavy Truck,5.93,736.78
SHP_00863,PLNT_02,21-04-2024,Heavy Truck,8.71,401.91
SHP_00864,PLNT_02,21-07-2025,Heavy Truck,18.97,52.45
SHP_00865,PLNT_02,27-09-2024,Heavy Truck,12.76,374.19
SHP_00866,PLNT_02,03-12-2026,Heavy Truck,23.21,438.35
SHP_00867,PLNT_02,03-05-2024,Heavy Truck,13.52,351.71
SHP_00868,PLNT_02,07-07-2025,Ocean Cargo,22.84,4775.06
SHP_00869,PLNT_04,09-10-2024,Air Freight,8.33,3957.3
SHP_00870,PLNT_01,08-06-2024,Ocean Cargo,22.13,7646.52
SHP_00871,PLNT_02,09-01-2025,Heavy Truck,2.21,673.77
SHP_00872,PLNT_05,21-04-2024,Heavy Truck,24.2,592.14
SHP_00873,PLNT_05,04-03-2025,Rail,18.7,591.96
SHP_00874,PLNT_03,17-05-2024,Heavy Truck,13.93,257.1
SHP_00875,PLNT_02,27-09-2024,Rail,16.37,747.94
SHP_00876,PLNT_03,26-02-2025,Heavy Truck,3.29,517.52
SHP_00877,PLNT_01,25-02-2024,Heavy Truck,19.9,435.78
SHP_00878,PLNT_01,03-05-2025,Heavy Truck,17.75,454.33
SHP_00879,PLNT_05,21-01-2025,Rail,20.95,649.14
SHP_00880,PLNT_04,06-09-2024,Heavy Truck,6.11,702.41
SHP_00881,PLNT_01,21-06-2026,Ocean Cargo,10.08,1522.33
SHP_00882,PLNT_04,02-08-2025,Ocean Cargo,14.84,10071.85
SHP_00883,PLNT_04,26-12-2025,Ocean Cargo,19.68,5416.09
SHP_00884,PLNT_01,23-10-2026,Ocean Cargo,21.75,1085.62
SHP_00885,PLNT_01,04-04-2024,Heavy Truck,21.28,260.51
SHP_00886,PLNT_02,13-03-2026,Ocean Cargo,10.13,3482.87
SHP_00887,PLNT_03,07-11-2026,Heavy Truck,4.44,213.29
SHP_00888,PLNT_04,20-09-2024,Heavy Truck,2.17,197.92
SHP_00889,PLNT_03,20-12-2024,Heavy Truck,15.91,317.29
SHP_00890,PLNT_05,02-06-2026,Ocean Cargo,4.29,6615.18
SHP_00891,PLNT_02,18-05-2024,Heavy Truck,3.93,262.66
SHP_00892,PLNT_05,22-02-2025,Heavy Truck,12.56,65.47
SHP_00893,PLNT_03,05-02-2026,Rail,6.43,150.06
SHP_00894,PLNT_04,11-11-2024,Ocean Cargo,7.33,4179.98
SHP_00895,PLNT_04,26-11-2026,Heavy Truck,2.28,96.7
SHP_00896,PLNT_02,14-08-2026,Ocean Cargo,11.2,8914.83
SHP_00897,PLNT_03,05-01-2025,Heavy Truck,20.95,307.8
SHP_00898,PLNT_03,09-09-2024,Ocean Cargo,24.99,5086.2
SHP_00899,PLNT_03,07-08-2025,Ocean Cargo,17.43,6991.88
SHP_00900,PLNT_03,09-06-2026,Heavy Truck,6.52,312.5
SHP_00901,PLNT_01,07-11-2026,Heavy Truck,7.76,682.19
SHP_00902,PLNT_05,07-06-2026,Ocean Cargo,13.33,2167.79
SHP_00903,PLNT_02,15-12-2026,Heavy Truck,13.57,111.86
SHP_00904,PLNT_04,15-07-2025,Heavy Truck,8.17,364.7
SHP_00905,PLNT_01,18-05-2026,Ocean Cargo,7.22,970.63
SHP_00906,PLNT_01,04-05-2024,Ocean Cargo,5.34,734.51
SHP_00907,PLNT_05,08-01-2026,Ocean Cargo,6.03,8146.24
SHP_00908,PLNT_04,18-08-2025,Rail,13.06,235.45
SHP_00909,PLNT_03,15-07-2026,Ocean Cargo,6.44,3306.04
SHP_00910,PLNT_02,19-10-2024,Heavy Truck,17.53,356.02
SHP_00911,PLNT_01,19-02-2025,Heavy Truck,13.96,206.06
SHP_00912,PLNT_05,04-03-2024,Air Freight,12.6,10593.5
SHP_00913,PLNT_05,05-01-2025,Rail,18.53,107.68
SHP_00914,PLNT_02,03-02-2025,Rail,18.76,755.02
SHP_00915,PLNT_02,18-07-2025,Ocean Cargo,3.96,11555.92
SHP_00916,PLNT_03,03-08-2024,Ocean Cargo,19.62,7176.43
SHP_00917,PLNT_04,07-05-2026,Heavy Truck,7.58,141.03
SHP_00918,PLNT_04,22-10-2024,Heavy Truck,19.67,368.25
SHP_00919,PLNT_03,17-02-2025,Heavy Truck,18.28,399.81
SHP_00920,PLNT_03,15-08-2026,Air Freight,13.89,3820.64
SHP_00921,PLNT_04,24-05-2024,Ocean Cargo,6.5,3501.37
SHP_00922,PLNT_05,01-03-2024,Ocean Cargo,11.68,8932.36
SHP_00923,PLNT_03,20-08-2026,Ocean Cargo,19.65,2177.78
SHP_00924,PLNT_02,05-05-2025,Ocean Cargo,10.58,2139.16
SHP_00925,PLNT_02,20-08-2024,Ocean Cargo,16.86,2867.43
SHP_00926,PLNT_03,06-09-2026,Ocean Cargo,14.57,10896.6
SHP_00927,PLNT_02,22-06-2025,Ocean Cargo,2.74,7175.57
SHP_00928,PLNT_01,22-12-2024,Ocean Cargo,18.92,7648.93
SHP_00929,PLNT_02,09-12-2026,Heavy Truck,19.7,525.34
SHP_00930,PLNT_01,24-08-2026,Heavy Truck,15.43,624.23
SHP_00931,PLNT_04,12-09-2025,Ocean Cargo,24.8,11196.9
SHP_00932,PLNT_05,10-01-2026,Ocean Cargo,3.23,6091.85
SHP_00933,PLNT_04,06-09-2024,Ocean Cargo,3.52,5024.48
SHP_00934,PLNT_01,26-05-2026,Heavy Truck,11.4,686.82
SHP_00935,PLNT_03,10-07-2026,Rail,18.86,785.32
SHP_00936,PLNT_04,02-09-2025,Ocean Cargo,19.03,2102.96
SHP_00937,PLNT_04,03-04-2024,Heavy Truck,17.03,190.02
SHP_00938,PLNT_04,12-12-2024,Heavy Truck,22.58,101.7
SHP_00939,PLNT_02,02-09-2026,Ocean Cargo,8.64,10685.55
SHP_00940,PLNT_02,18-07-2026,Rail,7.86,307.02
SHP_00941,PLNT_02,27-06-2025,Heavy Truck,9.62,320.86
SHP_00942,PLNT_04,19-10-2026,Ocean Cargo,6.09,4203.05
SHP_00943,PLNT_01,13-02-2026,Heavy Truck,6.28,514.1
SHP_00944,PLNT_01,05-05-2026,Air Freight,14.69,8533.17
SHP_00945,PLNT_04,17-05-2024,Heavy Truck,16.2,128.23
SHP_00946,PLNT_02,24-03-2026,Heavy Truck,18.68,299.78
SHP_00947,PLNT_03,18-08-2024,Heavy Truck,17.64,53.31
SHP_00948,PLNT_01,18-10-2025,Ocean Cargo,13.92,10141.97
SHP_00949,PLNT_02,23-06-2026,Ocean Cargo,13.59,931.53
SHP_00950,PLNT_04,24-09-2026,Ocean Cargo,23.42,3219.31
SHP_00951,PLNT_02,22-07-2024,Heavy Truck,10.95,712.19
SHP_00952,PLNT_05,20-10-2026,Heavy Truck,7.24,586.49
SHP_00953,PLNT_05,01-06-2026,Heavy Truck,10.73,377.94
SHP_00954,PLNT_05,13-10-2025,Air Freight,5.61,7430.95
SHP_00955,PLNT_01,02-07-2024,Ocean Cargo,19.11,4957.04
SHP_00956,PLNT_05,19-11-2026,Ocean Cargo,9.64,5596.69
SHP_00957,PLNT_02,24-05-2024,Ocean Cargo,5.18,7307.04
SHP_00958,PLNT_05,05-11-2024,Ocean Cargo,6.17,5578.99
SHP_00959,PLNT_01,24-05-2024,Heavy Truck,21.23,492.45
SHP_00960,PLNT_05,20-03-2024,Air Freight,7.3,1459.22
SHP_00961,PLNT_03,24-01-2026,Heavy Truck,8.94,637.74
SHP_00962,PLNT_05,15-09-2026,Ocean Cargo,15.15,10358.46
SHP_00963,PLNT_05,21-09-2024,Ocean Cargo,9.68,744.42
SHP_00964,PLNT_04,18-11-2025,Heavy Truck,24.96,168.14
SHP_00965,PLNT_02,20-02-2026,Air Freight,24.56,8692.51
SHP_00966,PLNT_02,05-08-2026,Ocean Cargo,2.47,6197.44
SHP_00967,PLNT_03,02-07-2026,Heavy Truck,6.32,337.76
SHP_00968,PLNT_01,11-01-2024,Rail,6.5,631.29
SHP_00969,PLNT_02,02-07-2026,Heavy Truck,14.77,711.59
SHP_00970,PLNT_03,17-08-2026,Heavy Truck,12.37,676.63
SHP_00971,PLNT_01,13-02-2025,Ocean Cargo,24.14,9197.63
SHP_00972,PLNT_01,20-07-2025,Rail,16.93,443.08
SHP_00973,PLNT_04,02-04-2026,Heavy Truck,10.14,702.59
SHP_00974,PLNT_02,10-06-2025,Heavy Truck,9.21,474.34
SHP_00975,PLNT_03,17-08-2026,Ocean Cargo,10.18,3384.32
SHP_00976,PLNT_04,23-03-2026,Heavy Truck,13.26,178.14
SHP_00977,PLNT_05,20-09-2025,Heavy Truck,15.88,615.37
SHP_00978,PLNT_03,01-06-2024,Heavy Truck,22.45,323.23
SHP_00979,PLNT_03,22-05-2026,Rail,17.28,768.38
SHP_00980,PLNT_05,26-05-2026,Ocean Cargo,2.13,11753.7
SHP_00981,PLNT_04,12-02-2026,Ocean Cargo,12.38,6252.67
SHP_00982,PLNT_01,21-11-2026,Heavy Truck,10.1,236.71
SHP_00983,PLNT_02,19-09-2025,Ocean Cargo,11.67,7231.69
SHP_00984,PLNT_02,01-05-2026,Heavy Truck,15.84,691.45
SHP_00985,PLNT_02,18-03-2024,Ocean Cargo,13.09,6810.5
SHP_00986,PLNT_02,27-03-2025,Air Freight,19.84,9346.22
SHP_00987,PLNT_05,02-12-2026,Heavy Truck,23.62,787.41
SHP_00988,PLNT_01,09-03-2026,Heavy Truck,14.29,689.87
SHP_00989,PLNT_02,02-09-2026,Ocean Cargo,21.48,11746.06
SHP_00990,PLNT_04,23-12-2025,Ocean Cargo,12.06,2951.7
SHP_00991,PLNT_02,21-06-2024,Ocean Cargo,10.28,8591.21
SHP_00992,PLNT_02,18-05-2026,Heavy Truck,1.94,603.48
SHP_00993,PLNT_02,12-07-2025,Ocean Cargo,18.92,7881.92
SHP_00994,PLNT_04,08-08-2026,Ocean Cargo,6.71,238.66
SHP_00995,PLNT_05,15-03-2024,Ocean Cargo,14.84,10869.03
SHP_00996,PLNT_05,13-07-2025,Rail,5.04,60.86
SHP_00997,PLNT_04,23-04-2024,Heavy Truck,2.43,671.13
SHP_00998,PLNT_03,04-12-2024,Heavy Truck,15.57,394.42
SHP_00999,PLNT_05,10-03-2025,Heavy Truck,13.59,277.8
SHP_01000,PLNT_03,13-07-2026,Ocean Cargo,17.25,673.86
SHP_01001,PLNT_02,15-08-2024,Rail,5.81,743.6
SHP_01002,PLNT_05,04-07-2024,Heavy Truck,13.47,541.19
SHP_01003,PLNT_02,25-03-2024,Heavy Truck,6.46,238.53
SHP_01004,PLNT_03,24-05-2024,Ocean Cargo,6.04,9952.79
SHP_01005,PLNT_05,03-10-2025,Heavy Truck,8.28,580.45
SHP_01006,PLNT_03,11-05-2024,Heavy Truck,15.24,56.11
SHP_01007,PLNT_01,13-05-2026,Heavy Truck,3.81,515.47
SHP_01008,PLNT_03,24-11-2026,Ocean Cargo,11.77,6901.64
SHP_01009,PLNT_03,15-07-2026,Heavy Truck,13.46,515.34
SHP_01010,PLNT_04,15-01-2026,Ocean Cargo,21.19,4306.6
SHP_01011,PLNT_04,06-09-2025,Rail,8.28,360.76
SHP_01012,PLNT_04,23-11-2025,Heavy Truck,1.73,242.22
SHP_01013,PLNT_02,27-09-2024,Ocean Cargo,20.41,2682.57
SHP_01014,PLNT_01,11-10-2024,Heavy Truck,1.58,188.97
SHP_01015,PLNT_05,14-04-2024,Ocean Cargo,10.69,5458
SHP_01016,PLNT_02,20-06-2024,Heavy Truck,15.48,493.01
SHP_01017,PLNT_02,22-08-2025,Ocean Cargo,12.76,1547.68
SHP_01018,PLNT_05,18-11-2024,Ocean Cargo,17.21,1970.64
SHP_01019,PLNT_05,15-06-2024,Heavy Truck,16.19,261.68
SHP_01020,PLNT_04,05-01-2026,Heavy Truck,9.36,173.27
SHP_01021,PLNT_04,15-09-2025,Ocean Cargo,20.92,10566.77
SHP_01022,PLNT_05,20-05-2024,Ocean Cargo,6.37,10583.2
SHP_01023,PLNT_03,12-04-2024,Ocean Cargo,8.57,5857.06
SHP_01024,PLNT_02,08-10-2024,Heavy Truck,14.69,476.11
SHP_01025,PLNT_05,25-02-2024,Rail,7.98,266.24
SHP_01026,PLNT_02,23-02-2025,Ocean Cargo,7.46,9450.14
SHP_01027,PLNT_03,08-12-2024,Heavy Truck,6.81,798.2
SHP_01028,PLNT_04,12-07-2024,Ocean Cargo,18.68,4073.74
SHP_01029,PLNT_01,06-09-2025,Ocean Cargo,24.06,5749.54
SHP_01030,PLNT_02,12-07-2024,Heavy Truck,11.16,93.85
SHP_01031,PLNT_02,27-09-2024,Ocean Cargo,3.17,4419.67
SHP_01032,PLNT_04,04-12-2024,Ocean Cargo,2.88,5959.16
SHP_01033,PLNT_03,11-11-2025,Heavy Truck,22.37,639.16
SHP_01034,PLNT_02,02-04-2026,Air Freight,2.92,1683.61
SHP_01035,PLNT_02,20-03-2025,Heavy Truck,2.3,223.77
SHP_01036,PLNT_03,16-04-2024,Ocean Cargo,18.34,7121.63
SHP_01037,PLNT_05,12-07-2025,Heavy Truck,15.81,675.59
SHP_01038,PLNT_04,19-05-2024,Heavy Truck,19.31,519.35
SHP_01039,PLNT_03,16-08-2026,Ocean Cargo,2.18,10375.65
SHP_01040,PLNT_05,19-11-2024,Rail,13.65,336.01
SHP_01041,PLNT_01,16-06-2024,Heavy Truck,6.75,709.82
SHP_01042,PLNT_01,22-11-2025,Heavy Truck,16.77,166.9
SHP_01043,PLNT_02,16-10-2025,Heavy Truck,1.95,390.21
SHP_01044,PLNT_04,09-03-2025,Ocean Cargo,23.33,5905.68
SHP_01045,PLNT_01,03-05-2024,Ocean Cargo,24.88,11861.78
SHP_01046,PLNT_02,03-06-2026,Heavy Truck,8.31,455.44
SHP_01047,PLNT_03,22-09-2026,Heavy Truck,20.76,53.18
SHP_01048,PLNT_04,01-02-2025,Heavy Truck,22.03,472.95
SHP_01049,PLNT_05,09-12-2025,Ocean Cargo,14.45,8908.87
SHP_01050,PLNT_03,24-09-2025,Ocean Cargo,24.47,4739.73
SHP_01051,PLNT_01,17-03-2024,Heavy Truck,22.55,507.25
SHP_01052,PLNT_04,04-07-2026,Heavy Truck,9.41,541.74
SHP_01053,PLNT_05,08-10-2024,Heavy Truck,7.12,731.98
SHP_01054,PLNT_02,25-12-2024,Heavy Truck,14.2,162.17
SHP_01055,PLNT_04,21-08-2024,Heavy Truck,6.35,777.3
SHP_01056,PLNT_02,01-10-2026,Heavy Truck,23.87,614.53
SHP_01057,PLNT_02,18-04-2025,Ocean Cargo,11.86,8156.29
SHP_01058,PLNT_02,20-12-2025,Heavy Truck,9.78,375.28
SHP_01059,PLNT_03,07-05-2025,Ocean Cargo,7.84,1533.85
SHP_01060,PLNT_01,12-08-2026,Heavy Truck,2.51,282.62
SHP_01061,PLNT_05,02-01-2025,Ocean Cargo,13.58,640.76
SHP_01062,PLNT_03,03-09-2026,Ocean Cargo,2.93,7162.61
SHP_01063,PLNT_05,26-11-2026,Heavy Truck,21.29,633.8
SHP_01064,PLNT_02,09-05-2025,Heavy Truck,22.34,277.55
SHP_01065,PLNT_01,15-05-2026,Ocean Cargo,23.38,8547.91
SHP_01066,PLNT_02,04-05-2025,Ocean Cargo,12.19,8898.7
SHP_01067,PLNT_03,12-09-2024,Ocean Cargo,4.53,6992.59
SHP_01068,PLNT_03,13-12-2025,Heavy Truck,8.87,508.39
SHP_01069,PLNT_05,27-08-2025,Ocean Cargo,4.91,2575.3
SHP_01070,PLNT_02,20-02-2026,Heavy Truck,8.38,195.19
SHP_01071,PLNT_02,01-08-2024,Heavy Truck,6.24,363.62
SHP_01072,PLNT_04,22-12-2024,Ocean Cargo,22.82,6887.53
SHP_01073,PLNT_05,17-06-2024,Ocean Cargo,8.07,560.05
SHP_01074,PLNT_05,04-06-2026,Heavy Truck,23.48,198.24
SHP_01075,PLNT_05,17-05-2026,Ocean Cargo,20.7,4051.78
SHP_01076,PLNT_04,12-07-2025,Ocean Cargo,3.26,10644.27
SHP_01077,PLNT_03,09-08-2026,Heavy Truck,6.27,92.14
SHP_01078,PLNT_01,18-11-2024,Heavy Truck,22.77,729.47
SHP_01079,PLNT_05,10-10-2024,Heavy Truck,23.12,366.79
SHP_01080,PLNT_01,02-09-2026,Ocean Cargo,8.92,2066.48
SHP_01081,PLNT_05,01-01-2025,Ocean Cargo,13.16,7880.05
SHP_01082,PLNT_02,13-03-2024,Heavy Truck,9.62,512.68
SHP_01083,PLNT_04,13-07-2026,Ocean Cargo,21.89,284.96
SHP_01084,PLNT_05,27-04-2024,Heavy Truck,15.66,342.85
SHP_01085,PLNT_04,08-07-2026,Heavy Truck,9.32,57.7
SHP_01086,PLNT_02,13-09-2026,Heavy Truck,21.06,512.15
SHP_01087,PLNT_01,24-05-2026,Ocean Cargo,6.07,4742.95
SHP_01088,PLNT_05,07-03-2025,Heavy Truck,12.16,552.8
SHP_01089,PLNT_02,03-06-2025,Heavy Truck,16.43,58.12
SHP_01090,PLNT_02,03-11-2024,Heavy Truck,6.64,359.54
SHP_01091,PLNT_01,03-02-2026,Ocean Cargo,20.73,4973.5
SHP_01092,PLNT_04,23-07-2024,Heavy Truck,11.08,684.86
SHP_01093,PLNT_02,20-02-2024,Heavy Truck,10.84,108.87
SHP_01094,PLNT_03,16-04-2024,Heavy Truck,17.36,671.84
SHP_01095,PLNT_01,07-01-2024,Air Freight,21.89,4974.98
SHP_01096,PLNT_02,02-09-2026,Heavy Truck,17.44,726.91
SHP_01097,PLNT_05,07-04-2024,Ocean Cargo,17.74,6595.4
SHP_01098,PLNT_05,24-12-2026,Heavy Truck,1.99,575.03
SHP_01099,PLNT_05,09-02-2026,Heavy Truck,13.66,510.42
SHP_01100,PLNT_01,11-03-2024,Heavy Truck,6.86,257.51
SHP_01101,PLNT_03,02-11-2025,Ocean Cargo,22.12,2754
SHP_01102,PLNT_02,22-12-2024,Air Freight,16.73,6077.23
SHP_01103,PLNT_01,03-06-2025,Ocean Cargo,10,11253.08
SHP_01104,PLNT_03,17-09-2026,Ocean Cargo,11.57,7671.58
SHP_01105,PLNT_04,14-07-2025,Ocean Cargo,7.78,1464.06
SHP_01106,PLNT_02,05-05-2024,Heavy Truck,24.7,366.18
SHP_01107,PLNT_02,02-07-2026,Heavy Truck,18.76,438.42
SHP_01108,PLNT_03,24-04-2024,Heavy Truck,4.5,454.44
SHP_01109,PLNT_05,10-11-2026,Ocean Cargo,21.69,9296.07
SHP_01110,PLNT_02,04-06-2025,Ocean Cargo,15.16,7067.16
SHP_01111,PLNT_01,23-10-2024,Heavy Truck,3.14,345.98
SHP_01112,PLNT_04,24-03-2024,Ocean Cargo,9.53,7542.08
SHP_01113,PLNT_01,23-05-2026,Ocean Cargo,18.56,6629.35
SHP_01114,PLNT_04,21-06-2024,Rail,3.93,709.15
SHP_01115,PLNT_04,10-12-2024,Air Freight,8.93,4887.43
SHP_01116,PLNT_03,04-09-2025,Heavy Truck,5.45,609.19
SHP_01117,PLNT_04,14-04-2024,Ocean Cargo,20.99,2042.57
SHP_01118,PLNT_02,24-06-2025,Heavy Truck,9.96,342.34
SHP_01119,PLNT_05,22-04-2024,Rail,13.6,521.65
SHP_01120,PLNT_03,18-10-2024,Ocean Cargo,13.46,8036.55
SHP_01121,PLNT_05,14-01-2025,Ocean Cargo,23.53,1233.34
SHP_01122,PLNT_01,22-11-2026,Heavy Truck,15.61,311.65
SHP_01123,PLNT_04,07-12-2026,Ocean Cargo,6.73,5346.15
SHP_01124,PLNT_03,17-07-2025,Ocean Cargo,6,7099.83
SHP_01125,PLNT_01,02-04-2025,Rail,23.05,140.42
SHP_01126,PLNT_03,19-06-2025,Heavy Truck,16.75,512.33
SHP_01127,PLNT_05,23-04-2026,Ocean Cargo,8.32,3983.26
SHP_01128,PLNT_03,04-11-2026,Heavy Truck,13.19,762.6
SHP_01129,PLNT_05,27-10-2025,Ocean Cargo,4.52,4501.9
SHP_01130,PLNT_01,22-02-2024,Ocean Cargo,10.36,10874.66
SHP_01131,PLNT_03,10-02-2026,Rail,23.02,201.6
SHP_01132,PLNT_04,07-01-2024,Heavy Truck,15.6,547.16
SHP_01133,PLNT_05,24-09-2024,Heavy Truck,10.86,57.39
SHP_01134,PLNT_04,27-12-2026,Heavy Truck,19.35,777.78
SHP_01135,PLNT_03,26-03-2024,Ocean Cargo,8.16,8484.05
SHP_01136,PLNT_02,05-08-2024,Heavy Truck,24.64,401.61
SHP_01137,PLNT_01,04-04-2024,Rail,13.15,335.71
SHP_01138,PLNT_03,15-03-2025,Heavy Truck,17.01,707.51
SHP_01139,PLNT_01,06-02-2026,Ocean Cargo,11.45,11009.07
SHP_01140,PLNT_05,11-11-2024,Heavy Truck,20.57,581.22
SHP_01141,PLNT_01,15-05-2025,Heavy Truck,6.27,180.06
SHP_01142,PLNT_03,05-06-2024,Ocean Cargo,11.65,5139.15
SHP_01143,PLNT_05,04-02-2024,Ocean Cargo,13.43,11955.68
SHP_01144,PLNT_02,11-12-2026,Heavy Truck,20.19,76.78
SHP_01145,PLNT_04,11-03-2025,Heavy Truck,5.12,61.22
SHP_01146,PLNT_02,17-12-2025,Heavy Truck,13.79,422.78
SHP_01147,PLNT_03,23-03-2025,Ocean Cargo,9.3,4175.14
SHP_01148,PLNT_04,10-03-2026,Rail,2.05,504.35
SHP_01149,PLNT_03,14-07-2024,Ocean Cargo,23.81,7207.48
SHP_01150,PLNT_03,20-10-2024,Heavy Truck,7.97,644.12
SHP_01151,PLNT_03,26-08-2024,Heavy Truck,9.39,367.75
SHP_01152,PLNT_03,17-05-2026,Heavy Truck,4.33,365
SHP_01153,PLNT_02,26-08-2024,Ocean Cargo,23.46,11521.27
SHP_01154,PLNT_04,12-09-2025,Rail,15.91,797.75
SHP_01155,PLNT_02,27-04-2026,Heavy Truck,14.24,524.51
SHP_01156,PLNT_02,23-07-2024,Heavy Truck,13.52,494.97
SHP_01157,PLNT_02,09-12-2025,Rail,16.55,625.99
SHP_01158,PLNT_01,26-03-2024,Heavy Truck,24.68,363.9
SHP_01159,PLNT_03,15-08-2026,Ocean Cargo,2.64,1592.54
SHP_01160,PLNT_04,21-10-2026,Heavy Truck,23.32,231.35
SHP_01161,PLNT_04,12-06-2024,Ocean Cargo,21.14,691.53
SHP_01162,PLNT_05,17-09-2026,Ocean Cargo,10.98,4609.17
SHP_01163,PLNT_03,16-02-2024,Heavy Truck,24.96,321.91
SHP_01164,PLNT_05,13-11-2024,Heavy Truck,18.67,740.02
SHP_01165,PLNT_03,20-05-2024,Heavy Truck,2.08,429.9
SHP_01166,PLNT_01,23-04-2024,Heavy Truck,9.12,622.67
SHP_01167,PLNT_04,12-12-2026,Ocean Cargo,15.59,2872.08
SHP_01168,PLNT_04,12-04-2024,Heavy Truck,23.57,280.88
SHP_01169,PLNT_04,23-12-2024,Heavy Truck,6.77,226.71
SHP_01170,PLNT_02,18-05-2024,Ocean Cargo,24.32,11482.15
SHP_01171,PLNT_01,01-10-2024,Heavy Truck,8.01,232.79
SHP_01172,PLNT_01,12-08-2026,Heavy Truck,16.54,342.86
SHP_01173,PLNT_04,18-07-2026,Ocean Cargo,4.94,2271.94
SHP_01174,PLNT_02,04-10-2024,Heavy Truck,24.45,174.07
SHP_01175,PLNT_04,07-10-2026,Ocean Cargo,21.67,8395.15
SHP_01176,PLNT_03,18-05-2026,Heavy Truck,13.96,770.42
SHP_01177,PLNT_04,05-03-2024,Ocean Cargo,16.4,1737.44
SHP_01178,PLNT_03,15-03-2026,Ocean Cargo,7.88,10384.5
SHP_01179,PLNT_05,06-01-2024,Ocean Cargo,15.2,10126.07
SHP_01180,PLNT_03,08-07-2024,Heavy Truck,1.88,707.88
SHP_01181,PLNT_05,04-08-2025,Heavy Truck,2.94,428.07
SHP_01182,PLNT_01,08-01-2024,Ocean Cargo,22.39,8517.68
SHP_01183,PLNT_01,07-04-2024,Ocean Cargo,15.79,1653.11
SHP_01184,PLNT_05,09-09-2025,Air Freight,15.14,9407.74
SHP_01185,PLNT_05,19-04-2025,Rail,2.6,59.91
SHP_01186,PLNT_05,09-11-2025,Ocean Cargo,20.99,3831.95
SHP_01187,PLNT_02,05-08-2026,Heavy Truck,23.41,414.96
SHP_01188,PLNT_04,21-10-2024,Ocean Cargo,20.29,3420.73
SHP_01189,PLNT_01,11-02-2026,Ocean Cargo,15.88,10663.78
SHP_01190,PLNT_03,21-05-2024,Air Freight,5.02,4477.97
SHP_01191,PLNT_04,24-09-2024,Heavy Truck,21.99,339.4
SHP_01192,PLNT_05,21-06-2024,Ocean Cargo,23.75,2584.54
SHP_01193,PLNT_05,19-11-2025,Heavy Truck,19.41,57.21
SHP_01194,PLNT_02,16-06-2024,Rail,9.17,364.49
SHP_01195,PLNT_05,19-04-2025,Heavy Truck,1.83,747.95
SHP_01196,PLNT_01,06-04-2025,Ocean Cargo,11.06,9405.52
SHP_01197,PLNT_02,10-07-2024,Air Freight,4.68,3588.61
SHP_01198,PLNT_04,16-09-2026,Ocean Cargo,24.53,4205.94
SHP_01199,PLNT_03,04-10-2026,Ocean Cargo,19.86,656.93
SHP_01200,PLNT_03,12-08-2025,Heavy Truck,15.2,605.67
SHP_01201,PLNT_05,25-06-2024,Rail,16.03,738.58
SHP_01202,PLNT_04,27-04-2026,Ocean Cargo,10.34,4462.1
SHP_01203,PLNT_04,15-08-2026,Heavy Truck,15.38,445.29
SHP_01204,PLNT_04,25-11-2025,Heavy Truck,18.75,319.26
SHP_01205,PLNT_02,06-05-2024,Ocean Cargo,11.03,180.23
SHP_01206,PLNT_03,20-07-2025,Ocean Cargo,15.42,10328.51
SHP_01207,PLNT_02,16-05-2025,Heavy Truck,22.53,605.19
SHP_01208,PLNT_05,18-10-2024,Ocean Cargo,4.58,3952.81
SHP_01209,PLNT_02,03-03-2024,Ocean Cargo,7.07,1059.44
SHP_01210,PLNT_01,10-08-2024,Ocean Cargo,20.47,8882.56
SHP_01211,PLNT_03,04-03-2024,Heavy Truck,14.88,240.61
SHP_01212,PLNT_02,23-12-2026,Rail,23.84,93.36
SHP_01213,PLNT_04,14-04-2024,Ocean Cargo,22.87,1961.58
SHP_01214,PLNT_04,15-09-2024,Ocean Cargo,13.74,1686.64
SHP_01215,PLNT_04,15-02-2025,Ocean Cargo,14.47,4032.9
SHP_01216,PLNT_05,11-08-2026,Ocean Cargo,18.91,9593.34
SHP_01217,PLNT_02,07-05-2025,Heavy Truck,18.88,306.58
SHP_01218,PLNT_02,14-12-2026,Rail,2.2,594.45
SHP_01219,PLNT_03,27-12-2026,Ocean Cargo,19.64,6826.15
SHP_01220,PLNT_05,01-11-2026,Air Freight,2.96,9048.63
SHP_01221,PLNT_03,07-07-2025,Rail,15.34,325.86
SHP_01222,PLNT_05,12-07-2025,Ocean Cargo,10.73,298.29
SHP_01223,PLNT_05,19-03-2026,Rail,24.89,662.3
SHP_01224,PLNT_03,23-07-2025,Heavy Truck,24.54,123.36
SHP_01225,PLNT_03,23-06-2024,Ocean Cargo,20.52,11718.88
SHP_01226,PLNT_02,02-02-2024,Ocean Cargo,9.04,9720.23
SHP_01227,PLNT_04,02-06-2025,Heavy Truck,22.81,190.35
SHP_01228,PLNT_03,17-08-2025,Heavy Truck,9.31,512.34
SHP_01229,PLNT_04,11-07-2026,Heavy Truck,4.11,428.49
SHP_01230,PLNT_04,06-01-2024,Heavy Truck,7.92,135.51
SHP_01231,PLNT_05,25-03-2025,Ocean Cargo,15.1,2904.53
SHP_01232,PLNT_04,19-11-2026,Heavy Truck,5.6,365.18
SHP_01233,PLNT_02,17-08-2025,Heavy Truck,10.55,378.42
SHP_01234,PLNT_01,13-01-2026,Ocean Cargo,2.93,953.28
SHP_01235,PLNT_04,27-08-2024,Heavy Truck,9.7,717.07
SHP_01236,PLNT_04,10-11-2024,Air Freight,20.27,9406.78
SHP_01237,PLNT_02,17-08-2025,Heavy Truck,7.08,176.04
SHP_01238,PLNT_05,13-03-2026,Heavy Truck,16.83,118.91
SHP_01239,PLNT_02,02-05-2024,Heavy Truck,20.74,525.75
SHP_01240,PLNT_01,14-09-2026,Heavy Truck,7.62,435.84
SHP_01241,PLNT_03,13-11-2025,Air Freight,24.62,3541.89
SHP_01242,PLNT_01,07-11-2025,Heavy Truck,15.77,514.8
SHP_01243,PLNT_05,10-12-2026,Rail,16.14,402.25
SHP_01244,PLNT_01,04-02-2025,Heavy Truck,17.29,577.22
SHP_01245,PLNT_01,09-08-2025,Air Freight,21.2,2734
SHP_01246,PLNT_04,20-12-2025,Heavy Truck,7.9,182.88
SHP_01247,PLNT_03,10-09-2025,Heavy Truck,9.46,424.47
SHP_01248,PLNT_04,27-12-2026,Heavy Truck,11.22,606.25
SHP_01249,PLNT_04,01-09-2025,Ocean Cargo,15.14,10107.85
SHP_01250,PLNT_01,26-09-2026,Rail,22.53,619.97
SHP_01251,PLNT_03,07-04-2024,Rail,12.3,340.63
SHP_01252,PLNT_03,22-03-2025,Heavy Truck,23.61,491.09
SHP_01253,PLNT_03,19-08-2025,Ocean Cargo,2.31,1260.09
SHP_01254,PLNT_02,08-07-2024,Heavy Truck,17.96,559.29
SHP_01255,PLNT_04,09-03-2026,Rail,8.88,636.5
SHP_01256,PLNT_05,23-10-2024,Heavy Truck,4.21,471.79
SHP_01257,PLNT_02,08-03-2024,Air Freight,24.3,7602.32
SHP_01258,PLNT_01,10-10-2026,Ocean Cargo,10.71,8375.72
SHP_01259,PLNT_04,10-02-2024,Ocean Cargo,7.53,11001.56
SHP_01260,PLNT_05,06-09-2024,Heavy Truck,6.33,569.82
SHP_01261,PLNT_05,02-05-2024,Heavy Truck,20.51,288.87
SHP_01262,PLNT_02,05-10-2024,Heavy Truck,2.14,780.84
SHP_01263,PLNT_05,23-02-2025,Ocean Cargo,20.96,10615.12
SHP_01264,PLNT_01,16-06-2025,Ocean Cargo,7.17,3032.22
SHP_01265,PLNT_02,09-06-2026,Ocean Cargo,9.93,773.99
SHP_01266,PLNT_05,25-08-2024,Heavy Truck,8.73,486.45
SHP_01267,PLNT_05,24-04-2026,Heavy Truck,7.61,216.23
SHP_01268,PLNT_02,18-01-2026,Ocean Cargo,21.95,5229.94
SHP_01269,PLNT_04,26-11-2024,Heavy Truck,1.82,513.37
SHP_01270,PLNT_04,13-09-2026,Heavy Truck,4.72,505.28
SHP_01271,PLNT_05,23-11-2026,Heavy Truck,15.9,470.5
SHP_01272,PLNT_05,05-10-2024,Rail,20.7,493.27
SHP_01273,PLNT_04,11-09-2026,Heavy Truck,13.2,745.71
SHP_01274,PLNT_03,22-05-2024,Ocean Cargo,22.2,1190.1
SHP_01275,PLNT_05,12-02-2026,Heavy Truck,19.69,467.83
SHP_01276,PLNT_05,26-05-2025,Air Freight,8.51,9644.47
SHP_01277,PLNT_04,10-12-2025,Ocean Cargo,18.04,5439.75
SHP_01278,PLNT_05,17-03-2026,Heavy Truck,2.43,731.35
SHP_01279,PLNT_01,09-12-2025,Ocean Cargo,19.03,5393.09
SHP_01280,PLNT_04,23-01-2025,Ocean Cargo,13.19,10517.17
SHP_01281,PLNT_03,07-03-2025,Ocean Cargo,15.69,3030.89
SHP_01282,PLNT_05,12-01-2025,Ocean Cargo,12.9,10837
SHP_01283,PLNT_01,03-12-2024,Ocean Cargo,21.84,5689.96
SHP_01284,PLNT_05,01-08-2026,Ocean Cargo,16.76,6869.09
SHP_01285,PLNT_01,15-07-2024,Heavy Truck,10.8,605.64
SHP_01286,PLNT_03,23-06-2026,Heavy Truck,13.87,656.15
SHP_01287,PLNT_04,25-12-2025,Ocean Cargo,13.06,5350.63
SHP_01288,PLNT_04,07-07-2025,Rail,2.55,700.5
SHP_01289,PLNT_05,18-10-2026,Ocean Cargo,10.5,393.83
SHP_01290,PLNT_03,25-09-2026,Ocean Cargo,18.06,5902.09
SHP_01291,PLNT_05,27-04-2025,Ocean Cargo,14.31,6661.53
SHP_01292,PLNT_02,16-05-2026,Ocean Cargo,13.25,11937.45
SHP_01293,PLNT_05,18-07-2026,Rail,22.89,253.76
SHP_01294,PLNT_03,22-03-2026,Heavy Truck,12.21,448.6
SHP_01295,PLNT_02,03-08-2024,Heavy Truck,23.25,616.93
SHP_01296,PLNT_04,14-10-2024,Ocean Cargo,10.7,10739.99
SHP_01297,PLNT_04,24-06-2026,Heavy Truck,6.86,188.58
SHP_01298,PLNT_03,04-01-2026,Ocean Cargo,7.37,10277.94
SHP_01299,PLNT_01,27-08-2024,Ocean Cargo,10.18,9012.65
SHP_01300,PLNT_02,24-04-2025,Heavy Truck,12.67,248.19
SHP_01301,PLNT_05,20-11-2025,Heavy Truck,13.37,495.02
SHP_01302,PLNT_04,11-11-2024,Ocean Cargo,17.16,6762.39
SHP_01303,PLNT_04,17-03-2026,Rail,4.45,318.97
SHP_01304,PLNT_03,07-02-2026,Heavy Truck,11.41,171.58
SHP_01305,PLNT_03,01-06-2026,Heavy Truck,1.72,493.02
SHP_01306,PLNT_03,21-01-2024,Heavy Truck,16.06,740.08
SHP_01307,PLNT_01,21-08-2025,Rail,19.53,206.99
SHP_01308,PLNT_01,25-07-2024,Heavy Truck,20.57,376.22
SHP_01309,PLNT_03,02-05-2024,Heavy Truck,18.39,109.93
SHP_01310,PLNT_04,21-01-2026,Heavy Truck,22.11,263.41
SHP_01311,PLNT_03,15-04-2026,Ocean Cargo,11.35,11856.2
SHP_01312,PLNT_02,16-09-2025,Heavy Truck,8.34,566.41
SHP_01313,PLNT_03,23-07-2025,Heavy Truck,7.52,52.13
SHP_01314,PLNT_02,26-12-2025,Ocean Cargo,18.14,3816.07
SHP_01315,PLNT_05,12-04-2025,Rail,11.43,270.95
SHP_01316,PLNT_01,07-02-2025,Air Freight,21.1,6199.6
SHP_01317,PLNT_04,23-08-2024,Heavy Truck,4.43,432.17
SHP_01318,PLNT_05,14-02-2024,Heavy Truck,8.14,291.89
SHP_01319,PLNT_01,27-07-2025,Ocean Cargo,1.94,2830.59
SHP_01320,PLNT_04,21-09-2024,Heavy Truck,22.93,78.21
SHP_01321,PLNT_05,26-10-2026,Heavy Truck,22.6,159.87
SHP_01322,PLNT_01,17-09-2026,Ocean Cargo,6.83,4640.19
SHP_01323,PLNT_02,06-06-2024,Heavy Truck,8.06,62.13
SHP_01324,PLNT_03,04-09-2026,Ocean Cargo,24.39,11933.05
SHP_01325,PLNT_05,17-05-2026,Heavy Truck,22.97,159.8
SHP_01326,PLNT_01,20-10-2025,Heavy Truck,4.26,517.69
SHP_01327,PLNT_03,19-07-2024,Heavy Truck,7.79,768.18
SHP_01328,PLNT_04,15-01-2024,Ocean Cargo,6.03,4232.67
SHP_01329,PLNT_05,06-09-2026,Ocean Cargo,10.66,6198.52
SHP_01330,PLNT_01,05-12-2025,Ocean Cargo,22.86,4554.01
SHP_01331,PLNT_01,02-01-2026,Heavy Truck,1.7,703.34
SHP_01332,PLNT_05,14-01-2024,Heavy Truck,16.16,692.42
SHP_01333,PLNT_04,17-05-2024,Heavy Truck,8.53,175.11
SHP_01334,PLNT_03,16-07-2026,Heavy Truck,17.41,154.46
SHP_01335,PLNT_04,14-12-2026,Air Freight,10.35,7308.93
SHP_01336,PLNT_02,12-08-2025,Heavy Truck,18.37,127.57
SHP_01337,PLNT_01,03-10-2024,Ocean Cargo,9.77,352.21
SHP_01338,PLNT_02,14-03-2025,Rail,11.94,428.67
SHP_01339,PLNT_05,15-11-2025,Ocean Cargo,11.17,9651.34
SHP_01340,PLNT_04,20-08-2025,Heavy Truck,12.62,642.4
SHP_01341,PLNT_03,03-12-2026,Heavy Truck,12.27,362.29
SHP_01342,PLNT_01,17-10-2025,Rail,14.85,544.14
SHP_01343,PLNT_05,18-05-2024,Rail,12.23,552.01
SHP_01344,PLNT_04,14-10-2025,Ocean Cargo,9.08,4209.22
SHP_01345,PLNT_02,11-08-2026,Heavy Truck,1.73,412.63
SHP_01346,PLNT_02,07-06-2024,Ocean Cargo,11.46,7112.92
SHP_01347,PLNT_05,04-05-2025,Heavy Truck,8.88,757.79
SHP_01348,PLNT_04,08-08-2026,Rail,5.08,697.83
SHP_01349,PLNT_03,06-02-2024,Ocean Cargo,5.52,6616.94
SHP_01350,PLNT_02,15-08-2025,Air Freight,20.08,656.51
SHP_01351,PLNT_04,23-11-2026,Heavy Truck,23.27,666.13
SHP_01352,PLNT_01,24-02-2024,Rail,10.32,160.68
SHP_01353,PLNT_02,16-05-2026,Ocean Cargo,24.14,9483.17
SHP_01354,PLNT_05,24-07-2024,Ocean Cargo,16.83,9421.53
SHP_01355,PLNT_04,12-02-2025,Rail,8.5,590.49
SHP_01356,PLNT_04,27-01-2024,Heavy Truck,17.22,325.83
SHP_01357,PLNT_02,24-02-2026,Heavy Truck,24.01,457.34
SHP_01358,PLNT_01,12-10-2025,Heavy Truck,15.27,626.71
SHP_01359,PLNT_02,05-04-2026,Heavy Truck,15.39,121.94
SHP_01360,PLNT_05,19-11-2026,Heavy Truck,14.55,793.05
SHP_01361,PLNT_01,01-08-2026,Ocean Cargo,21.38,5196.27
SHP_01362,PLNT_02,14-07-2026,Ocean Cargo,17.24,11584.2
SHP_01363,PLNT_04,03-02-2025,Heavy Truck,21.65,624.74
SHP_01364,PLNT_04,16-11-2026,Air Freight,12.49,10010.9
SHP_01365,PLNT_04,18-11-2024,Heavy Truck,10.96,594.07
SHP_01366,PLNT_03,04-05-2024,Heavy Truck,9.53,131.66
SHP_01367,PLNT_02,13-10-2024,Heavy Truck,21.18,751.16
SHP_01368,PLNT_02,03-09-2024,Ocean Cargo,1.51,10019.49
SHP_01369,PLNT_02,10-12-2026,Ocean Cargo,5.03,5429.52
SHP_01370,PLNT_02,02-12-2026,Heavy Truck,6.88,482.05
SHP_01371,PLNT_03,13-05-2026,Ocean Cargo,15.45,1240.76
SHP_01372,PLNT_01,05-06-2024,Ocean Cargo,7.15,7629.33
SHP_01373,PLNT_03,02-01-2026,Heavy Truck,20.66,235.47
SHP_01374,PLNT_03,20-02-2024,Heavy Truck,4.25,53.11
SHP_01375,PLNT_05,07-04-2024,Heavy Truck,12.44,486.18
SHP_01376,PLNT_04,23-06-2026,Ocean Cargo,21.39,4982.48
SHP_01377,PLNT_01,08-12-2026,Heavy Truck,13.83,455.09
SHP_01378,PLNT_03,03-01-2025,Ocean Cargo,5.1,1070.56
SHP_01379,PLNT_04,10-06-2024,Heavy Truck,23.89,506.77
SHP_01380,PLNT_01,03-03-2026,Rail,10.95,565.37
SHP_01381,PLNT_02,09-03-2024,Ocean Cargo,14.42,5293.75
SHP_01382,PLNT_01,23-02-2024,Ocean Cargo,15.54,10409.22
SHP_01383,PLNT_05,14-04-2026,Ocean Cargo,19.55,4988.38
SHP_01384,PLNT_01,25-12-2026,Ocean Cargo,12.93,2674.46
SHP_01385,PLNT_02,18-10-2024,Rail,15.52,405.44
SHP_01386,PLNT_01,08-10-2025,Rail,18.33,349.81
SHP_01387,PLNT_01,13-11-2025,Heavy Truck,23.51,687.92
SHP_01388,PLNT_05,01-07-2026,Heavy Truck,3.91,496.69
SHP_01389,PLNT_03,13-05-2026,Ocean Cargo,19.14,4947.4
SHP_01390,PLNT_03,15-03-2025,Ocean Cargo,12.27,2387.1
SHP_01391,PLNT_03,01-11-2026,Ocean Cargo,23.52,893.43
SHP_01392,PLNT_02,03-08-2026,Heavy Truck,19.23,447.87
SHP_01393,PLNT_03,06-11-2025,Heavy Truck,11.71,632.41
SHP_01394,PLNT_04,12-04-2026,Heavy Truck,8.09,680.4
SHP_01395,PLNT_04,20-03-2026,Ocean Cargo,13.56,8644.49
SHP_01396,PLNT_05,03-06-2025,Rail,13.29,459.82
SHP_01397,PLNT_04,14-06-2025,Ocean Cargo,24.08,243.74
SHP_01398,PLNT_03,09-11-2026,Ocean Cargo,15.99,5545.15
SHP_01399,PLNT_04,26-10-2024,Heavy Truck,11.82,700.04
SHP_01400,PLNT_01,17-10-2026,Heavy Truck,21.17,791.56
SHP_01401,PLNT_04,16-02-2024,Ocean Cargo,3.16,5077.03
SHP_01402,PLNT_05,27-04-2026,Heavy Truck,17.43,252.61
SHP_01403,PLNT_03,11-09-2024,Heavy Truck,16.57,448.73
SHP_01404,PLNT_05,06-05-2025,Heavy Truck,16.44,790.17
SHP_01405,PLNT_02,08-01-2024,Heavy Truck,20.9,69.89
SHP_01406,PLNT_02,18-07-2024,Ocean Cargo,22.66,8317.93
SHP_01407,PLNT_04,23-09-2025,Rail,8.38,631.56
SHP_01408,PLNT_04,23-04-2026,Heavy Truck,16.05,78.96
SHP_01409,PLNT_01,13-08-2024,Heavy Truck,10.6,719.08
SHP_01410,PLNT_02,14-09-2024,Heavy Truck,10.27,378.5
SHP_01411,PLNT_03,10-01-2024,Heavy Truck,22.34,338.73
SHP_01412,PLNT_05,12-10-2024,Heavy Truck,13.09,636.96
SHP_01413,PLNT_05,09-02-2024,Ocean Cargo,5.91,8829.89
SHP_01414,PLNT_05,22-08-2024,Heavy Truck,19.52,59.51
SHP_01415,PLNT_03,01-05-2025,Ocean Cargo,13.86,1238.18
SHP_01416,PLNT_05,23-10-2024,Ocean Cargo,5.55,6750.4
SHP_01417,PLNT_03,13-10-2024,Ocean Cargo,14.63,4632.64
SHP_01418,PLNT_04,20-03-2024,Rail,23.24,297.49
SHP_01419,PLNT_05,07-04-2026,Heavy Truck,14.41,444.58
SHP_01420,PLNT_04,26-10-2025,Heavy Truck,13.3,128.78
SHP_01421,PLNT_01,07-05-2025,Ocean Cargo,19.64,5401.68
SHP_01422,PLNT_03,07-05-2025,Heavy Truck,15.57,433.6
SHP_01423,PLNT_02,03-11-2024,Air Freight,10.38,2397.42
SHP_01424,PLNT_04,03-06-2024,Heavy Truck,14.61,646.6
SHP_01425,PLNT_02,10-06-2026,Heavy Truck,15.97,415.82
SHP_01426,PLNT_01,19-08-2024,Ocean Cargo,21.37,4676.25
SHP_01427,PLNT_03,05-11-2026,Heavy Truck,4.74,593.71
SHP_01428,PLNT_05,21-10-2024,Air Freight,14.53,10465.08
SHP_01429,PLNT_01,13-01-2025,Ocean Cargo,16.41,5324.15
SHP_01430,PLNT_04,17-11-2025,Ocean Cargo,4.55,1546.86
SHP_01431,PLNT_02,17-10-2025,Heavy Truck,8.84,265.65
SHP_01432,PLNT_02,02-04-2026,Ocean Cargo,20.02,1139.66
SHP_01433,PLNT_03,02-02-2024,Heavy Truck,18,746.07
SHP_01434,PLNT_05,03-05-2025,Ocean Cargo,13.6,6686.84
SHP_01435,PLNT_05,08-04-2025,Ocean Cargo,6.7,10576.67
SHP_01436,PLNT_04,15-09-2024,Ocean Cargo,14.19,1338.69
SHP_01437,PLNT_01,23-07-2024,Heavy Truck,24.99,177.63
SHP_01438,PLNT_03,11-01-2026,Heavy Truck,22.88,423.6
SHP_01439,PLNT_01,03-12-2026,Ocean Cargo,10.72,250.98
SHP_01440,PLNT_02,13-09-2026,Rail,12.4,411.61
SHP_01441,PLNT_05,16-01-2024,Ocean Cargo,10.75,1636.59
SHP_01442,PLNT_04,09-06-2025,Heavy Truck,20.93,679.93
SHP_01443,PLNT_02,23-01-2024,Heavy Truck,22.57,355.96
SHP_01444,PLNT_04,04-10-2026,Ocean Cargo,6.55,1419.15
SHP_01445,PLNT_05,06-06-2024,Air Freight,14.43,8395.23
SHP_01446,PLNT_02,02-08-2025,Ocean Cargo,16.9,6597.87
SHP_01447,PLNT_01,07-12-2026,Heavy Truck,20.01,604.7
SHP_01448,PLNT_01,19-06-2026,Heavy Truck,19.21,644.57
SHP_01449,PLNT_02,27-10-2025,Ocean Cargo,20.26,1319.84
SHP_01450,PLNT_04,27-05-2026,Ocean Cargo,16.46,1209.24
SHP_01451,PLNT_05,14-01-2026,Ocean Cargo,15.24,10834.48
SHP_01452,PLNT_01,05-06-2024,Ocean Cargo,5.6,9332.68
SHP_01453,PLNT_01,26-01-2026,Heavy Truck,11.82,376.24
SHP_01454,PLNT_03,22-04-2024,Rail,18.61,205.37
SHP_01455,PLNT_01,08-04-2026,Air Freight,2.62,8690.12
SHP_01456,PLNT_03,02-02-2024,Heavy Truck,16.9,658.64
SHP_01457,PLNT_01,07-12-2025,Ocean Cargo,6.61,7249.41
SHP_01458,PLNT_04,10-08-2025,Heavy Truck,8.03,328.27
SHP_01459,PLNT_03,17-03-2024,Heavy Truck,4.28,532.59
SHP_01460,PLNT_03,10-04-2025,Heavy Truck,19.53,293.77
SHP_01461,PLNT_04,11-11-2024,Heavy Truck,9.91,423.25
SHP_01462,PLNT_03,25-02-2025,Heavy Truck,14.7,120.76
SHP_01463,PLNT_03,17-07-2026,Heavy Truck,15.9,629.8
SHP_01464,PLNT_05,12-11-2026,Heavy Truck,14.75,138.76
SHP_01465,PLNT_03,18-11-2025,Heavy Truck,5.55,619.19
SHP_01466,PLNT_05,27-07-2024,Heavy Truck,10.06,513.71
SHP_01467,PLNT_02,19-03-2026,Ocean Cargo,22.8,5269.92
SHP_01468,PLNT_01,18-04-2026,Ocean Cargo,2.99,9574.78
SHP_01469,PLNT_02,16-11-2026,Ocean Cargo,21.65,1641.2
SHP_01470,PLNT_05,23-09-2024,Heavy Truck,8.27,659.17
SHP_01471,PLNT_04,26-10-2026,Rail,16.45,423.29
SHP_01472,PLNT_01,17-12-2024,Ocean Cargo,8.57,5241.67
SHP_01473,PLNT_03,24-01-2025,Ocean Cargo,6.91,7752.05
SHP_01474,PLNT_04,13-12-2024,Heavy Truck,23.75,760.57
SHP_01475,PLNT_02,22-01-2026,Ocean Cargo,20.69,580.44
SHP_01476,PLNT_04,07-08-2025,Heavy Truck,13.42,649.24
SHP_01477,PLNT_01,22-12-2025,Ocean Cargo,2.3,9257.21
SHP_01478,PLNT_05,12-12-2025,Ocean Cargo,20.72,9098.46
SHP_01479,PLNT_01,12-02-2026,Heavy Truck,22.43,268.7
SHP_01480,PLNT_04,17-02-2024,Ocean Cargo,5.75,682.86
SHP_01481,PLNT_05,07-08-2025,Rail,10.56,253.01
SHP_01482,PLNT_04,17-01-2024,Ocean Cargo,21.81,3024.5
SHP_01483,PLNT_04,27-06-2026,Ocean Cargo,8.58,9445.89
SHP_01484,PLNT_02,19-03-2026,Ocean Cargo,11.87,1102.95
SHP_01485,PLNT_02,20-11-2025,Heavy Truck,9.28,313.51
SHP_01486,PLNT_02,22-09-2025,Ocean Cargo,22.7,4381.54
SHP_01487,PLNT_04,17-04-2025,Ocean Cargo,3.27,1466.26
SHP_01488,PLNT_01,25-12-2026,Air Freight,8.27,11450.22
SHP_01489,PLNT_01,14-12-2024,Ocean Cargo,3.02,7798.95
SHP_01490,PLNT_03,01-06-2025,Ocean Cargo,19.25,11493.19
SHP_01491,PLNT_04,04-02-2025,Heavy Truck,19.61,710.43
SHP_01492,PLNT_01,18-08-2025,Heavy Truck,4.02,471.63
SHP_01493,PLNT_02,19-08-2025,Rail,21.51,354.45
SHP_01494,PLNT_03,10-04-2024,Heavy Truck,20.52,137.27
SHP_01495,PLNT_02,11-10-2024,Ocean Cargo,21.14,5502.49
SHP_01496,PLNT_03,22-04-2025,Heavy Truck,10.05,149.74
SHP_01497,PLNT_05,01-05-2024,Heavy Truck,12.26,695.99
SHP_01498,PLNT_02,07-10-2026,Ocean Cargo,24.85,5502.82
SHP_01499,PLNT_01,10-06-2025,Heavy Truck,8.64,126.91
SHP_01500,PLNT_03,10-12-2025,Heavy Truck,13.45,689.58
SHP_01501,PLNT_05,10-11-2024,Heavy Truck,24.92,206.36
SHP_01502,PLNT_04,02-02-2026,Heavy Truck,12.42,699.85
SHP_01503,PLNT_04,20-07-2024,Ocean Cargo,5.67,7738.54
SHP_01504,PLNT_03,12-07-2025,Rail,12.28,744.43
SHP_01505,PLNT_05,15-10-2024,Heavy Truck,10.28,97.48
SHP_01506,PLNT_02,04-08-2025,Ocean Cargo,12.04,1116.06
SHP_01507,PLNT_03,20-05-2026,Ocean Cargo,2.93,1725.83
SHP_01508,PLNT_04,26-03-2026,Heavy Truck,22.91,217.22
SHP_01509,PLNT_03,12-11-2026,Heavy Truck,6.46,64.34
SHP_01510,PLNT_01,15-09-2024,Heavy Truck,15.07,717.59
SHP_01511,PLNT_05,12-09-2025,Ocean Cargo,16.19,9107.57
SHP_01512,PLNT_03,21-04-2025,Ocean Cargo,8.23,10937.12
SHP_01513,PLNT_03,20-06-2026,Ocean Cargo,6.28,4512.19
SHP_01514,PLNT_01,10-01-2025,Heavy Truck,18.09,776.42
SHP_01515,PLNT_03,19-06-2024,Ocean Cargo,23.18,8914.72
SHP_01516,PLNT_04,24-03-2024,Heavy Truck,21.25,225.87
SHP_01517,PLNT_03,15-07-2024,Heavy Truck,20.43,780.42
SHP_01518,PLNT_02,02-01-2026,Ocean Cargo,9.75,5255.08
SHP_01519,PLNT_05,16-12-2025,Heavy Truck,18.26,678.96
SHP_01520,PLNT_03,26-09-2025,Ocean Cargo,19.43,5798.71
SHP_01521,PLNT_05,09-09-2024,Air Freight,8.63,7264.39
SHP_01522,PLNT_03,10-03-2026,Rail,13.98,377.09
SHP_01523,PLNT_02,15-01-2025,Rail,24.59,155.88
SHP_01524,PLNT_01,27-01-2025,Rail,9.87,532.62
SHP_01525,PLNT_02,05-05-2025,Heavy Truck,4.02,675.79
SHP_01526,PLNT_01,20-01-2026,Ocean Cargo,4.42,7836.2
SHP_01527,PLNT_05,07-12-2026,Heavy Truck,22.91,271.13
SHP_01528,PLNT_02,01-08-2025,Ocean Cargo,7.68,7748.3
SHP_01529,PLNT_05,15-06-2024,Heavy Truck,4.4,692.46
SHP_01530,PLNT_04,06-06-2024,Ocean Cargo,18.1,8565.81
SHP_01531,PLNT_01,07-05-2026,Ocean Cargo,4.17,9061.36
SHP_01532,PLNT_05,23-01-2025,Heavy Truck,1.77,461.26
SHP_01533,PLNT_02,16-02-2024,Ocean Cargo,13.52,4913.51
SHP_01534,PLNT_02,01-07-2024,Ocean Cargo,2.96,3474.49
SHP_01535,PLNT_05,18-12-2026,Heavy Truck,10.77,445.53
SHP_01536,PLNT_04,04-06-2024,Rail,6.68,742.19
SHP_01537,PLNT_05,17-12-2024,Ocean Cargo,9.47,8150.3
SHP_01538,PLNT_02,04-09-2026,Rail,9.51,467.78
SHP_01539,PLNT_03,27-02-2025,Heavy Truck,4.65,79.58
SHP_01540,PLNT_03,26-11-2025,Ocean Cargo,18.66,1563.44
SHP_01541,PLNT_02,24-04-2026,Ocean Cargo,24.79,11773.34
SHP_01542,PLNT_01,22-10-2026,Ocean Cargo,17.44,6153.89
SHP_01543,PLNT_05,20-01-2025,Ocean Cargo,21.53,10282.97
SHP_01544,PLNT_01,03-03-2024,Heavy Truck,15.09,455.64
SHP_01545,PLNT_04,21-03-2026,Heavy Truck,1.64,256.21
SHP_01546,PLNT_01,03-12-2024,Heavy Truck,3.18,662.31
SHP_01547,PLNT_01,27-10-2026,Ocean Cargo,13.86,1241.19
SHP_01548,PLNT_05,18-04-2025,Heavy Truck,6.22,482.39
SHP_01549,PLNT_05,26-04-2024,Ocean Cargo,10.25,2523.68
SHP_01550,PLNT_03,22-07-2024,Heavy Truck,13.89,721.9
SHP_01551,PLNT_05,04-10-2024,Ocean Cargo,15.95,9564.18
SHP_01552,PLNT_03,04-01-2026,Ocean Cargo,12.05,7919.13
SHP_01553,PLNT_05,24-01-2025,Heavy Truck,19.31,742.26
SHP_01554,PLNT_05,27-10-2026,Ocean Cargo,1.9,8790.43
SHP_01555,PLNT_04,13-11-2025,Heavy Truck,17.7,719.07
SHP_01556,PLNT_01,19-07-2026,Ocean Cargo,3.26,8058.78
SHP_01557,PLNT_04,14-09-2026,Ocean Cargo,8.26,4948.68
SHP_01558,PLNT_03,22-07-2024,Heavy Truck,20.68,533.79
SHP_01559,PLNT_02,20-02-2024,Heavy Truck,22.27,549.67
SHP_01560,PLNT_02,05-03-2024,Rail,3.71,259.98
SHP_01561,PLNT_01,09-01-2026,Heavy Truck,24.29,632.95
SHP_01562,PLNT_01,14-10-2026,Heavy Truck,23.68,607.03
SHP_01563,PLNT_04,27-02-2026,Heavy Truck,11.36,577.63
SHP_01564,PLNT_05,16-11-2025,Heavy Truck,12.98,561.71
SHP_01565,PLNT_04,15-06-2025,Air Freight,12.06,7728.9
SHP_01566,PLNT_04,08-09-2026,Air Freight,16.95,2013.67
SHP_01567,PLNT_05,27-03-2025,Rail,24.41,308.36
SHP_01568,PLNT_04,27-01-2025,Heavy Truck,8.14,757.92
SHP_01569,PLNT_03,15-10-2024,Ocean Cargo,16.92,167.32
SHP_01570,PLNT_03,26-08-2025,Ocean Cargo,6.57,3175.01
SHP_01571,PLNT_01,15-08-2025,Air Freight,1.84,4243.97
SHP_01572,PLNT_05,13-07-2026,Ocean Cargo,11.15,2718.75
SHP_01573,PLNT_05,17-04-2026,Heavy Truck,17.45,370.54
SHP_01574,PLNT_02,27-04-2024,Ocean Cargo,2.26,9470.79
SHP_01575,PLNT_04,09-02-2025,Rail,5.79,202.27
SHP_01576,PLNT_02,16-07-2026,Rail,15.51,260.65
SHP_01577,PLNT_05,21-03-2024,Air Freight,22.2,3514.56
SHP_01578,PLNT_05,12-11-2024,Heavy Truck,22.85,467.16
SHP_01579,PLNT_02,02-11-2026,Heavy Truck,11.68,293.72
SHP_01580,PLNT_05,26-12-2024,Heavy Truck,5.64,257.58
SHP_01581,PLNT_02,20-06-2026,Ocean Cargo,18.65,7129.55
SHP_01582,PLNT_05,03-10-2026,Ocean Cargo,2.74,1020.12
SHP_01583,PLNT_01,10-09-2024,Ocean Cargo,12.69,8980.93
SHP_01584,PLNT_04,10-03-2026,Ocean Cargo,24.63,9315.81
SHP_01585,PLNT_04,19-03-2024,Ocean Cargo,4.66,8024.66
SHP_01586,PLNT_03,13-09-2025,Heavy Truck,18.79,536.49
SHP_01587,PLNT_03,12-10-2026,Heavy Truck,21.02,399.67
SHP_01588,PLNT_02,15-07-2026,Ocean Cargo,24.52,11876.16
SHP_01589,PLNT_05,03-04-2026,Ocean Cargo,4.78,10853.64
SHP_01590,PLNT_05,04-04-2025,Rail,24.46,545.67
SHP_01591,PLNT_03,02-09-2024,Heavy Truck,22.24,509.08
SHP_01592,PLNT_05,20-03-2025,Heavy Truck,16.79,497.56
SHP_01593,PLNT_03,11-02-2025,Heavy Truck,5.99,394.03
SHP_01594,PLNT_03,02-07-2024,Ocean Cargo,12.96,10067.19
SHP_01595,PLNT_05,14-10-2026,Heavy Truck,6.14,53.64
SHP_01596,PLNT_02,02-05-2026,Ocean Cargo,13.63,9233.93
SHP_01597,PLNT_01,02-04-2026,Heavy Truck,16.99,373.25
SHP_01598,PLNT_02,03-11-2026,Air Freight,12.02,2467.84
SHP_01599,PLNT_03,01-06-2026,Ocean Cargo,12.96,7632.99
SHP_01600,PLNT_02,03-03-2024,Ocean Cargo,9.91,5283.76
SHP_01601,PLNT_05,08-02-2026,Rail,17.73,630.18
SHP_01602,PLNT_03,13-11-2025,Heavy Truck,7.59,74.62
SHP_01603,PLNT_04,12-06-2026,Ocean Cargo,10.72,2622.81
SHP_01604,PLNT_05,27-04-2025,Rail,21.73,548.45
SHP_01605,PLNT_03,24-03-2024,Heavy Truck,24.24,199.87
SHP_01606,PLNT_03,12-05-2025,Ocean Cargo,4.55,6648.14
SHP_01607,PLNT_03,09-01-2025,Ocean Cargo,7.24,11018.01
SHP_01608,PLNT_04,01-03-2024,Ocean Cargo,7.32,6716.08
SHP_01609,PLNT_02,27-11-2025,Rail,3.4,347.68
SHP_01610,PLNT_03,23-11-2026,Ocean Cargo,12.05,6755.5
SHP_01611,PLNT_02,27-01-2024,Ocean Cargo,23.08,5587.43
SHP_01612,PLNT_04,05-09-2026,Heavy Truck,6.87,697.64
SHP_01613,PLNT_04,04-08-2024,Ocean Cargo,13,4504.53
SHP_01614,PLNT_01,12-06-2025,Ocean Cargo,22.17,4231.04
SHP_01615,PLNT_04,08-08-2026,Ocean Cargo,10.49,1119.05
SHP_01616,PLNT_05,06-11-2025,Heavy Truck,5.75,303.23
SHP_01617,PLNT_01,14-10-2025,Heavy Truck,10.72,350.7
SHP_01618,PLNT_05,13-09-2025,Ocean Cargo,8.27,8367.77
SHP_01619,PLNT_03,02-10-2025,Heavy Truck,18.35,450.18
SHP_01620,PLNT_05,11-03-2025,Ocean Cargo,9.22,6171.45
SHP_01621,PLNT_02,22-04-2024,Heavy Truck,2.14,131.54
SHP_01622,PLNT_05,16-12-2025,Heavy Truck,2.02,245.54
SHP_01623,PLNT_04,14-09-2024,Rail,21.52,627.97
SHP_01624,PLNT_05,18-01-2026,Heavy Truck,18.82,201.95
SHP_01625,PLNT_01,08-04-2025,Ocean Cargo,7.76,10925.06
SHP_01626,PLNT_05,19-12-2025,Ocean Cargo,11.4,2917.73
SHP_01627,PLNT_04,03-12-2024,Heavy Truck,17.84,331.63
SHP_01628,PLNT_05,27-01-2025,Rail,9.66,758.31
SHP_01629,PLNT_02,11-04-2026,Heavy Truck,10.7,500.58
SHP_01630,PLNT_05,20-06-2026,Heavy Truck,16.55,771.84
SHP_01631,PLNT_01,26-01-2025,Ocean Cargo,5.45,10986.22
SHP_01632,PLNT_02,10-03-2025,Rail,3.26,452.09
SHP_01633,PLNT_02,19-05-2026,Heavy Truck,3.3,559.63
SHP_01634,PLNT_01,27-10-2024,Heavy Truck,3.55,290.78
SHP_01635,PLNT_03,17-02-2025,Ocean Cargo,19.31,11839.74
SHP_01636,PLNT_03,09-05-2026,Heavy Truck,10.55,472.11
SHP_01637,PLNT_03,06-08-2024,Ocean Cargo,4.84,4173.67
SHP_01638,PLNT_03,11-12-2026,Ocean Cargo,17.86,9641.87
SHP_01639,PLNT_02,10-10-2024,Air Freight,5.75,11229.35
SHP_01640,PLNT_01,04-12-2026,Heavy Truck,21.4,209.71
SHP_01641,PLNT_05,14-01-2025,Heavy Truck,16.97,714.38
SHP_01642,PLNT_01,17-03-2024,Air Freight,20.44,5272.2
SHP_01643,PLNT_05,21-01-2026,Ocean Cargo,17.08,3056.14
SHP_01644,PLNT_01,06-07-2025,Heavy Truck,9.24,169.3
SHP_01645,PLNT_01,22-07-2026,Rail,17.37,652.33
SHP_01646,PLNT_01,24-07-2024,Heavy Truck,24.36,723.44
SHP_01647,PLNT_05,03-02-2025,Heavy Truck,24.47,391.92
SHP_01648,PLNT_03,04-06-2024,Heavy Truck,19.65,729.55
SHP_01649,PLNT_03,03-12-2025,Heavy Truck,6.39,233.17
SHP_01650,PLNT_02,06-02-2026,Air Freight,21.6,5772.95
SHP_01651,PLNT_02,19-05-2024,Ocean Cargo,14.62,5174.95
SHP_01652,PLNT_01,02-11-2025,Heavy Truck,20.2,684.07
SHP_01653,PLNT_04,01-06-2025,Heavy Truck,15.85,314.74
SHP_01654,PLNT_05,14-03-2025,Heavy Truck,20.86,144.82
SHP_01655,PLNT_03,08-01-2025,Heavy Truck,7.56,799.52
SHP_01656,PLNT_04,10-01-2025,Rail,7.26,489.54
SHP_01657,PLNT_01,21-06-2025,Ocean Cargo,15.4,9963.56
SHP_01658,PLNT_02,23-04-2026,Ocean Cargo,16.47,8502.99
SHP_01659,PLNT_03,04-11-2025,Heavy Truck,9.94,534.17
SHP_01660,PLNT_03,22-08-2024,Ocean Cargo,9.07,5442.88
SHP_01661,PLNT_03,25-05-2026,Heavy Truck,6.76,278.94
SHP_01662,PLNT_02,14-10-2026,Heavy Truck,2.5,523.21
SHP_01663,PLNT_03,24-05-2024,Ocean Cargo,18.33,7228.38
SHP_01664,PLNT_01,14-11-2026,Ocean Cargo,20.29,9166.66
SHP_01665,PLNT_02,20-09-2024,Ocean Cargo,3.74,8678.07
SHP_01666,PLNT_05,05-05-2025,Heavy Truck,20.29,698.37
SHP_01667,PLNT_03,22-02-2026,Rail,6.35,702.71
SHP_01668,PLNT_04,07-08-2025,Ocean Cargo,16.95,10612.3
SHP_01669,PLNT_05,07-01-2025,Heavy Truck,9.66,403.44
SHP_01670,PLNT_01,26-10-2024,Ocean Cargo,21.94,10390.12
SHP_01671,PLNT_03,20-04-2024,Heavy Truck,4.76,299.16
SHP_01672,PLNT_05,22-12-2026,Heavy Truck,9.57,127.94
SHP_01673,PLNT_03,01-06-2024,Heavy Truck,6.79,571.52
SHP_01674,PLNT_03,13-09-2026,Ocean Cargo,23.88,2988.2
SHP_01675,PLNT_02,12-11-2026,Heavy Truck,3.27,225.61
SHP_01676,PLNT_03,01-09-2025,Heavy Truck,20.85,672.83
SHP_01677,PLNT_04,16-08-2024,Heavy Truck,23.76,485.9
SHP_01678,PLNT_01,11-03-2025,Rail,20.4,552.72
SHP_01679,PLNT_04,03-03-2024,Ocean Cargo,20.28,2023.52
SHP_01680,PLNT_05,04-07-2026,Ocean Cargo,22.3,9189.7
SHP_01681,PLNT_04,16-07-2024,Heavy Truck,4.47,294.15
SHP_01682,PLNT_04,24-06-2025,Heavy Truck,3.03,253.45
SHP_01683,PLNT_04,20-04-2024,Heavy Truck,16.6,461.48
SHP_01684,PLNT_04,05-01-2024,Heavy Truck,24.18,522.94
SHP_01685,PLNT_05,15-04-2025,Heavy Truck,4.92,511.52
SHP_01686,PLNT_01,26-12-2024,Heavy Truck,24.65,371.3
SHP_01687,PLNT_05,21-03-2026,Heavy Truck,5.14,163.8
SHP_01688,PLNT_02,02-10-2025,Rail,6.28,430.96
SHP_01689,PLNT_04,08-12-2025,Ocean Cargo,19.74,7163.71
SHP_01690,PLNT_04,02-02-2026,Heavy Truck,7.86,641.41
SHP_01691,PLNT_02,13-01-2025,Rail,2.27,348.48
SHP_01692,PLNT_05,18-02-2026,Rail,5.23,643.41
SHP_01693,PLNT_03,26-11-2026,Ocean Cargo,24.43,6193.87
SHP_01694,PLNT_01,13-11-2026,Rail,8.87,587.75
SHP_01695,PLNT_04,02-06-2024,Ocean Cargo,17.36,4129.9
SHP_01696,PLNT_04,24-05-2026,Air Freight,17.38,7547.26
SHP_01697,PLNT_05,17-08-2024,Ocean Cargo,17.79,7849.64
SHP_01698,PLNT_01,24-12-2024,Rail,12.91,622.55
SHP_01699,PLNT_03,20-02-2024,Ocean Cargo,10.27,4048.93
SHP_01700,PLNT_03,25-03-2025,Heavy Truck,1.65,799.2
SHP_01701,PLNT_01,02-01-2026,Heavy Truck,12.38,160.29
SHP_01702,PLNT_01,23-02-2025,Heavy Truck,20.77,689.54
SHP_01703,PLNT_05,12-06-2026,Ocean Cargo,20.23,2286.74
SHP_01704,PLNT_01,18-03-2025,Ocean Cargo,6.14,4258.13
SHP_01705,PLNT_03,07-01-2025,Heavy Truck,21.72,272.84
SHP_01706,PLNT_03,04-07-2024,Ocean Cargo,5.26,172.45
SHP_01707,PLNT_02,07-01-2026,Heavy Truck,2.24,632.8
SHP_01708,PLNT_04,13-10-2026,Ocean Cargo,16.01,5292.91
SHP_01709,PLNT_04,22-11-2024,Ocean Cargo,1.81,2809.51
SHP_01710,PLNT_03,23-11-2025,Heavy Truck,20.48,199.45
SHP_01711,PLNT_03,08-07-2025,Heavy Truck,21.79,122.72
SHP_01712,PLNT_04,26-04-2024,Heavy Truck,12.16,467
SHP_01713,PLNT_04,24-07-2024,Heavy Truck,24.74,510.63
SHP_01714,PLNT_03,26-10-2024,Heavy Truck,11.3,602.73
SHP_01715,PLNT_01,11-04-2025,Heavy Truck,1.56,279.44
SHP_01716,PLNT_02,13-03-2024,Heavy Truck,22.1,778.57
SHP_01717,PLNT_05,27-08-2024,Heavy Truck,1.89,160.98
SHP_01718,PLNT_03,10-04-2024,Rail,17.32,336.14
SHP_01719,PLNT_03,21-01-2026,Ocean Cargo,7.32,3645.35
SHP_01720,PLNT_02,06-10-2024,Heavy Truck,8.51,574.11
SHP_01721,PLNT_01,19-04-2024,Ocean Cargo,10.08,7804.71
SHP_01722,PLNT_05,06-02-2024,Ocean Cargo,8.23,7510.59
SHP_01723,PLNT_04,18-06-2025,Rail,18.16,134.05
SHP_01724,PLNT_04,23-08-2024,Heavy Truck,2.63,130.82
SHP_01725,PLNT_01,24-06-2024,Heavy Truck,4.27,294.78
SHP_01726,PLNT_03,11-10-2026,Ocean Cargo,5.25,263.63
SHP_01727,PLNT_04,25-05-2024,Rail,7.33,337.25
SHP_01728,PLNT_04,27-07-2026,Heavy Truck,7.67,186.99
SHP_01729,PLNT_01,25-03-2025,Heavy Truck,9.64,568.76
SHP_01730,PLNT_02,05-04-2026,Ocean Cargo,9.65,10645.85
SHP_01731,PLNT_05,05-12-2025,Ocean Cargo,18.01,9715.29
SHP_01732,PLNT_01,15-09-2025,Heavy Truck,23.8,793.62
SHP_01733,PLNT_05,20-04-2025,Ocean Cargo,2.25,1076.61
SHP_01734,PLNT_03,09-07-2026,Ocean Cargo,15.87,5128.61
SHP_01735,PLNT_02,10-06-2026,Heavy Truck,13.1,144.19
SHP_01736,PLNT_05,14-10-2026,Heavy Truck,7.62,382.93
SHP_01737,PLNT_05,20-01-2025,Ocean Cargo,6.94,5993.23
SHP_01738,PLNT_01,27-01-2025,Ocean Cargo,14.1,431.75
SHP_01739,PLNT_03,12-08-2024,Ocean Cargo,5.1,7901.82
SHP_01740,PLNT_04,18-10-2025,Rail,12.8,95.42
SHP_01741,PLNT_02,01-09-2026,Heavy Truck,7.12,527.57
SHP_01742,PLNT_03,12-07-2025,Ocean Cargo,3.88,4311.23
SHP_01743,PLNT_04,17-05-2026,Air Freight,7.25,6801.2
SHP_01744,PLNT_05,01-10-2024,Heavy Truck,12.27,489.38
SHP_01745,PLNT_04,12-02-2024,Ocean Cargo,18.58,8933.73
SHP_01746,PLNT_01,13-01-2025,Rail,5.39,185.04
SHP_01747,PLNT_05,09-02-2025,Heavy Truck,3.04,738.69
SHP_01748,PLNT_04,15-03-2026,Air Freight,12.21,2945.52
SHP_01749,PLNT_05,14-05-2024,Rail,21.34,214.43
SHP_01750,PLNT_03,19-04-2026,Heavy Truck,11.6,302.83
SHP_01751,PLNT_05,27-04-2024,Heavy Truck,20.01,710.55
SHP_01752,PLNT_01,04-07-2024,Heavy Truck,13.69,82.02
SHP_01753,PLNT_03,11-03-2026,Ocean Cargo,24.14,6236.71
SHP_01754,PLNT_03,01-01-2025,Ocean Cargo,21.31,6625.97
SHP_01755,PLNT_05,15-10-2026,Ocean Cargo,14.19,6679.68
SHP_01756,PLNT_03,21-04-2024,Ocean Cargo,24.14,5747.23
SHP_01757,PLNT_04,04-05-2026,Heavy Truck,24.49,494.71
SHP_01758,PLNT_02,11-07-2025,Rail,21.62,643.97
SHP_01759,PLNT_04,08-11-2024,Air Freight,10.45,6370.31
SHP_01760,PLNT_02,07-05-2024,Ocean Cargo,20.54,4743.28
SHP_01761,PLNT_05,11-09-2024,Heavy Truck,14.73,362.08
SHP_01762,PLNT_05,08-04-2025,Ocean Cargo,10.84,10977.78
SHP_01763,PLNT_05,10-02-2025,Heavy Truck,2.28,102.38
SHP_01764,PLNT_02,25-07-2025,Ocean Cargo,3.6,5727.17
SHP_01765,PLNT_01,18-07-2024,Rail,8.57,305.89
SHP_01766,PLNT_04,04-09-2026,Ocean Cargo,8.09,2525.21
SHP_01767,PLNT_04,16-05-2024,Heavy Truck,5.91,439.19
SHP_01768,PLNT_04,13-02-2026,Heavy Truck,24.35,363.07
SHP_01769,PLNT_01,27-09-2024,Heavy Truck,6.85,597.13
SHP_01770,PLNT_03,26-06-2024,Heavy Truck,14.32,316.43
SHP_01771,PLNT_01,08-05-2025,Ocean Cargo,11.34,1617.12
SHP_01772,PLNT_01,04-10-2025,Ocean Cargo,15.21,11692.37
SHP_01773,PLNT_01,25-08-2025,Heavy Truck,18.33,740.2
SHP_01774,PLNT_01,20-03-2024,Rail,14.34,402.53
SHP_01775,PLNT_05,20-04-2024,Ocean Cargo,7.62,10964.52
SHP_01776,PLNT_03,26-06-2025,Air Freight,22.91,4831.39
SHP_01777,PLNT_05,10-09-2024,Air Freight,20.94,3067.95
SHP_01778,PLNT_05,23-01-2025,Rail,5.21,736.51
SHP_01779,PLNT_03,23-09-2024,Ocean Cargo,3.67,11323.8
SHP_01780,PLNT_02,07-04-2024,Heavy Truck,22.42,498.85
SHP_01781,PLNT_04,09-10-2024,Ocean Cargo,4.43,6247.28
SHP_01782,PLNT_02,09-03-2024,Heavy Truck,21.35,435.86
SHP_01783,PLNT_04,02-06-2026,Ocean Cargo,5.98,9944.99
SHP_01784,PLNT_01,12-09-2025,Air Freight,18.26,3076.92
SHP_01785,PLNT_02,17-09-2025,Ocean Cargo,20.28,11842.94
SHP_01786,PLNT_05,23-04-2024,Ocean Cargo,5.02,7574.23
SHP_01787,PLNT_02,07-05-2026,Ocean Cargo,18.25,9060.2
SHP_01788,PLNT_01,27-11-2024,Ocean Cargo,22.14,9249.84
SHP_01789,PLNT_04,22-02-2026,Heavy Truck,20.19,537.42
SHP_01790,PLNT_01,15-06-2025,Heavy Truck,7.16,663.95
SHP_01791,PLNT_03,17-01-2026,Ocean Cargo,2.49,9035.95
SHP_01792,PLNT_03,15-02-2024,Heavy Truck,22.48,792.99
SHP_01793,PLNT_03,04-09-2026,Heavy Truck,18.62,340.53
SHP_01794,PLNT_04,03-02-2024,Rail,7.49,544.07
SHP_01795,PLNT_03,21-11-2026,Ocean Cargo,3.63,3552.46
SHP_01796,PLNT_02,19-05-2024,Heavy Truck,5.81,407.05
SHP_01797,PLNT_04,09-05-2024,Ocean Cargo,1.52,2741.31
SHP_01798,PLNT_02,22-02-2024,Heavy Truck,11.66,470.83
SHP_01799,PLNT_01,15-02-2024,Ocean Cargo,15.63,4422.99
SHP_01800,PLNT_05,09-02-2026,Heavy Truck,14.62,656.87
SHP_01801,PLNT_03,26-02-2024,Rail,6.54,590.72
SHP_01802,PLNT_04,10-10-2024,Heavy Truck,11.24,360.99
SHP_01803,PLNT_05,23-01-2025,Ocean Cargo,15.47,568.11
SHP_01804,PLNT_01,11-09-2024,Heavy Truck,17.98,180.01
SHP_01805,PLNT_03,24-04-2026,Rail,16.96,347.94
SHP_01806,PLNT_03,10-02-2026,Heavy Truck,17.42,544.69
SHP_01807,PLNT_01,02-04-2026,Ocean Cargo,4.37,6186.65
SHP_01808,PLNT_02,22-01-2024,Air Freight,15.07,10240.5
SHP_01809,PLNT_01,11-01-2026,Rail,24.43,499.15
SHP_01810,PLNT_02,07-11-2025,Heavy Truck,22.22,581.34
SHP_01811,PLNT_05,10-10-2026,Heavy Truck,17.56,537
SHP_01812,PLNT_01,23-10-2024,Ocean Cargo,15.28,8763.13
SHP_01813,PLNT_03,12-08-2026,Rail,8.51,162.92
SHP_01814,PLNT_04,21-04-2025,Heavy Truck,8.17,350.66
SHP_01815,PLNT_02,09-08-2026,Ocean Cargo,19.11,5011.29
SHP_01816,PLNT_03,01-09-2024,Heavy Truck,3.21,633.81
SHP_01817,PLNT_03,02-09-2026,Air Freight,23.68,7719.26
SHP_01818,PLNT_04,01-04-2025,Ocean Cargo,10.01,9115.61
SHP_01819,PLNT_04,01-06-2025,Ocean Cargo,4.9,7919.85
SHP_01820,PLNT_02,17-12-2024,Ocean Cargo,1.85,10460.47
SHP_01821,PLNT_05,07-08-2026,Ocean Cargo,23.52,11102.57
SHP_01822,PLNT_01,20-08-2026,Ocean Cargo,20.27,8472.09
SHP_01823,PLNT_05,18-04-2024,Ocean Cargo,1.73,6808.01
SHP_01824,PLNT_04,09-08-2025,Ocean Cargo,22.59,1613.64
SHP_01825,PLNT_02,22-11-2025,Heavy Truck,8.44,164.06
SHP_01826,PLNT_02,17-10-2024,Rail,15.48,620.42
SHP_01827,PLNT_04,13-01-2025,Heavy Truck,3.3,77.89
SHP_01828,PLNT_05,23-05-2025,Heavy Truck,22.94,287.6
SHP_01829,PLNT_05,12-02-2025,Ocean Cargo,6.94,11880.15
SHP_01830,PLNT_05,04-12-2025,Ocean Cargo,12.2,409.04
SHP_01831,PLNT_05,14-10-2024,Ocean Cargo,4.75,7761.65
SHP_01832,PLNT_01,17-02-2024,Ocean Cargo,11,2269.72
SHP_01833,PLNT_05,08-05-2025,Rail,17.02,399.29
SHP_01834,PLNT_03,18-12-2025,Air Freight,1.9,7304.1
SHP_01835,PLNT_04,18-11-2026,Heavy Truck,6.64,686.47
SHP_01836,PLNT_04,13-11-2026,Heavy Truck,2.52,205.4
SHP_01837,PLNT_04,25-08-2024,Air Freight,19.27,11290.86
SHP_01838,PLNT_02,02-12-2025,Ocean Cargo,2.82,11071.22
SHP_01839,PLNT_01,11-02-2025,Ocean Cargo,21.1,10824.84
SHP_01840,PLNT_04,07-10-2025,Heavy Truck,5.08,627.29
SHP_01841,PLNT_03,01-10-2024,Ocean Cargo,14.53,8222.08
SHP_01842,PLNT_05,16-03-2025,Heavy Truck,7.32,373.19
SHP_01843,PLNT_02,11-03-2026,Heavy Truck,20.31,80.32
SHP_01844,PLNT_03,10-09-2026,Heavy Truck,8.27,340.87
SHP_01845,PLNT_04,07-03-2026,Ocean Cargo,3.24,6207.98
SHP_01846,PLNT_05,05-01-2026,Ocean Cargo,21.25,8714.68
SHP_01847,PLNT_03,01-12-2026,Ocean Cargo,12.9,9595.5
SHP_01848,PLNT_05,17-12-2026,Ocean Cargo,16.73,7192.78
SHP_01849,PLNT_04,17-10-2026,Rail,23.05,725.91
SHP_01850,PLNT_03,01-08-2025,Ocean Cargo,9.05,1750.07
SHP_01851,PLNT_05,02-10-2026,Heavy Truck,13.37,439.89
SHP_01852,PLNT_01,11-05-2025,Heavy Truck,18.81,338.69
SHP_01853,PLNT_04,09-02-2024,Ocean Cargo,22.46,2562.14
SHP_01854,PLNT_05,04-07-2024,Rail,15.19,434.53
SHP_01855,PLNT_02,25-11-2026,Heavy Truck,13.04,148.94
SHP_01856,PLNT_04,02-09-2024,Ocean Cargo,19.98,7692.67
SHP_01857,PLNT_03,12-02-2026,Heavy Truck,6.23,785.2
SHP_01858,PLNT_03,27-12-2026,Ocean Cargo,14.02,6308.68
SHP_01859,PLNT_05,05-10-2024,Heavy Truck,20.42,501.53
SHP_01860,PLNT_01,08-06-2025,Heavy Truck,19.06,712.22
SHP_01861,PLNT_03,15-05-2024,Heavy Truck,19.4,261.34
SHP_01862,PLNT_02,17-05-2026,Ocean Cargo,20.19,5141.07
SHP_01863,PLNT_01,11-01-2025,Air Freight,2.3,11334.15
SHP_01864,PLNT_04,05-12-2025,Ocean Cargo,5.25,7009.12
SHP_01865,PLNT_04,06-03-2026,Heavy Truck,9.94,657.66
SHP_01866,PLNT_04,17-03-2026,Ocean Cargo,22.36,11205.4
SHP_01867,PLNT_02,06-09-2025,Heavy Truck,17.77,487.69
SHP_01868,PLNT_04,17-11-2026,Air Freight,2.81,5051.99
SHP_01869,PLNT_05,09-05-2024,Ocean Cargo,1.99,718.75
SHP_01870,PLNT_05,24-08-2025,Heavy Truck,15.17,424.71
SHP_01871,PLNT_01,03-01-2026,Ocean Cargo,12.9,1541.09
SHP_01872,PLNT_03,17-04-2026,Heavy Truck,20.02,337.7
SHP_01873,PLNT_01,02-03-2024,Heavy Truck,13.09,447.33
SHP_01874,PLNT_04,16-06-2026,Heavy Truck,24.52,415.07
SHP_01875,PLNT_02,27-10-2026,Ocean Cargo,16.82,3299.23
SHP_01876,PLNT_03,27-04-2026,Heavy Truck,7.99,778.25
SHP_01877,PLNT_05,05-08-2026,Heavy Truck,5.66,334.72
SHP_01878,PLNT_05,16-07-2025,Heavy Truck,12.51,565.74
SHP_01879,PLNT_03,20-04-2024,Heavy Truck,8.93,195.58
SHP_01880,PLNT_03,12-11-2025,Heavy Truck,13.96,420.25
SHP_01881,PLNT_04,23-01-2026,Heavy Truck,8.09,750.47
SHP_01882,PLNT_04,11-12-2026,Air Freight,12.62,4325.09
SHP_01883,PLNT_04,13-04-2026,Heavy Truck,20.18,99.22
SHP_01884,PLNT_05,01-09-2024,Ocean Cargo,23.92,6557.48
SHP_01885,PLNT_04,10-04-2026,Ocean Cargo,24.39,2844.71
SHP_01886,PLNT_04,17-03-2025,Air Freight,12.36,9605.2
SHP_01887,PLNT_02,25-08-2024,Heavy Truck,16,452.06
SHP_01888,PLNT_05,04-06-2025,Ocean Cargo,2.03,7177.18
SHP_01889,PLNT_02,25-06-2024,Heavy Truck,20.87,171.01
SHP_01890,PLNT_03,20-03-2026,Air Freight,7.24,1331.91
SHP_01891,PLNT_02,13-12-2025,Ocean Cargo,8.69,2242.77
SHP_01892,PLNT_02,06-04-2026,Ocean Cargo,21.3,9127.72
SHP_01893,PLNT_03,02-04-2025,Heavy Truck,11.12,262.61
SHP_01894,PLNT_05,04-02-2026,Heavy Truck,4.63,769.14
SHP_01895,PLNT_02,05-06-2024,Rail,3.08,200.14
SHP_01896,PLNT_04,24-04-2026,Ocean Cargo,11.23,1076.54
SHP_01897,PLNT_03,19-03-2025,Ocean Cargo,8.1,1395.72
SHP_01898,PLNT_01,23-12-2025,Ocean Cargo,10.9,1621.62
SHP_01899,PLNT_01,06-04-2024,Ocean Cargo,7.29,8501.52
SHP_01900,PLNT_04,08-08-2025,Ocean Cargo,2.09,5436.26
SHP_01901,PLNT_03,16-12-2024,Ocean Cargo,12.14,9862.94
SHP_01902,PLNT_05,20-06-2025,Ocean Cargo,19.79,6959.52
SHP_01903,PLNT_05,05-06-2024,Heavy Truck,18.76,399.24
SHP_01904,PLNT_03,08-01-2025,Ocean Cargo,23.41,8910.73
SHP_01905,PLNT_01,02-08-2024,Ocean Cargo,20.79,10742.52
SHP_01906,PLNT_02,26-10-2025,Ocean Cargo,21.33,5169.52
SHP_01907,PLNT_03,26-07-2024,Ocean Cargo,7.5,9954.92
SHP_01908,PLNT_03,13-12-2025,Air Freight,8.5,7195.25
SHP_01909,PLNT_01,16-02-2025,Heavy Truck,17.32,533.26
SHP_01910,PLNT_05,23-10-2026,Heavy Truck,23.51,437.78
SHP_01911,PLNT_05,12-10-2024,Rail,16.69,453.21
SHP_01912,PLNT_03,02-12-2025,Rail,24.46,186.12
SHP_01913,PLNT_04,09-05-2026,Ocean Cargo,21.4,9233.25
SHP_01914,PLNT_03,08-11-2026,Ocean Cargo,24.27,1121.27
SHP_01915,PLNT_05,04-06-2024,Heavy Truck,16.24,253.04
SHP_01916,PLNT_02,22-04-2025,Heavy Truck,23.76,156.8
SHP_01917,PLNT_02,14-09-2024,Heavy Truck,20.98,692.59
SHP_01918,PLNT_04,22-11-2025,Heavy Truck,20.59,734.67
SHP_01919,PLNT_04,09-02-2024,Heavy Truck,13.04,64.73
SHP_01920,PLNT_01,11-10-2024,Heavy Truck,18.13,296.82
SHP_01921,PLNT_02,23-09-2026,Air Freight,2.47,9672.49
SHP_01922,PLNT_04,08-11-2024,Ocean Cargo,10.79,2544.49
SHP_01923,PLNT_02,12-01-2024,Heavy Truck,20.61,426.77
SHP_01924,PLNT_01,16-08-2024,Heavy Truck,1.78,788.58
SHP_01925,PLNT_05,14-05-2025,Heavy Truck,3.27,729.48
SHP_01926,PLNT_03,05-03-2026,Ocean Cargo,24.33,8426.6
SHP_01927,PLNT_02,16-02-2024,Rail,2.1,734.38
SHP_01928,PLNT_04,01-06-2024,Heavy Truck,19.55,312.01
SHP_01929,PLNT_03,23-03-2025,Rail,20.98,324.95
SHP_01930,PLNT_01,19-09-2026,Ocean Cargo,9.64,5314.67
SHP_01931,PLNT_01,20-09-2025,Ocean Cargo,4.87,4869.56
SHP_01932,PLNT_02,12-09-2024,Heavy Truck,9.25,349.54
SHP_01933,PLNT_03,17-10-2024,Ocean Cargo,14.7,4971.4
SHP_01934,PLNT_02,05-03-2024,Ocean Cargo,12.86,8255.07
SHP_01935,PLNT_04,13-05-2026,Rail,10.6,341.48
SHP_01936,PLNT_03,10-07-2025,Ocean Cargo,22.59,2034.85
SHP_01937,PLNT_01,20-05-2025,Rail,8.63,529.99
SHP_01938,PLNT_03,12-03-2024,Heavy Truck,21.88,233.44
SHP_01939,PLNT_02,08-11-2025,Ocean Cargo,5.13,9105.52
SHP_01940,PLNT_03,04-09-2025,Air Freight,24.94,9619.53
SHP_01941,PLNT_03,20-09-2024,Ocean Cargo,10.75,9782.22
SHP_01942,PLNT_03,16-09-2024,Heavy Truck,6.27,476.78
SHP_01943,PLNT_04,21-05-2025,Ocean Cargo,2.45,9469.05
SHP_01944,PLNT_02,23-07-2024,Air Freight,13.42,5757.32
SHP_01945,PLNT_05,21-07-2024,Ocean Cargo,19.39,653.39
SHP_01946,PLNT_02,08-06-2024,Heavy Truck,19.14,216.22
SHP_01947,PLNT_03,08-10-2025,Ocean Cargo,8.74,5698.17
SHP_01948,PLNT_05,24-11-2025,Ocean Cargo,8.61,11812.31
SHP_01949,PLNT_05,18-01-2025,Heavy Truck,21.6,151.87
SHP_01950,PLNT_03,10-01-2025,Ocean Cargo,7.26,7530.05
SHP_01951,PLNT_02,03-01-2024,Heavy Truck,21.81,571.37
SHP_01952,PLNT_03,10-09-2026,Heavy Truck,6.68,698.81
SHP_01953,PLNT_04,20-11-2024,Heavy Truck,19.57,745.05
SHP_01954,PLNT_04,09-02-2024,Heavy Truck,20.21,407.89
SHP_01955,PLNT_02,15-03-2025,Rail,11.87,534.32
SHP_01956,PLNT_05,27-06-2026,Ocean Cargo,12.29,3938.22
SHP_01957,PLNT_01,12-12-2024,Heavy Truck,3.2,776.36
SHP_01958,PLNT_02,10-09-2024,Air Freight,7.26,2188.92
SHP_01959,PLNT_05,01-05-2024,Heavy Truck,9.69,587.6
SHP_01960,PLNT_01,25-04-2024,Heavy Truck,16.68,169.57
SHP_01961,PLNT_04,16-12-2024,Ocean Cargo,8.56,8709.14
SHP_01962,PLNT_01,01-04-2026,Heavy Truck,21.04,288.67
SHP_01963,PLNT_02,18-08-2025,Heavy Truck,23.66,396.93
SHP_01964,PLNT_01,10-02-2024,Heavy Truck,23.4,68.34
SHP_01965,PLNT_04,25-06-2025,Ocean Cargo,3.25,10125.78
SHP_01966,PLNT_04,18-10-2024,Ocean Cargo,2.53,7531.99
SHP_01967,PLNT_02,06-12-2025,Heavy Truck,8.14,615.51
SHP_01968,PLNT_03,19-02-2024,Ocean Cargo,19.5,8712.7
SHP_01969,PLNT_05,09-03-2026,Heavy Truck,17.95,748.38
SHP_01970,PLNT_04,01-05-2026,Rail,20.17,537.08
SHP_01971,PLNT_04,23-07-2024,Ocean Cargo,6.01,974.11
SHP_01972,PLNT_05,24-12-2024,Ocean Cargo,6.12,6559.35
SHP_01973,PLNT_02,06-03-2025,Heavy Truck,19.25,594.86
SHP_01974,PLNT_03,05-07-2026,Ocean Cargo,3.27,2138.53
SHP_01975,PLNT_03,05-09-2025,Heavy Truck,5.52,324.72
SHP_01976,PLNT_02,09-03-2024,Ocean Cargo,21.17,744.56
SHP_01977,PLNT_01,11-11-2024,Heavy Truck,10.74,183.7
SHP_01978,PLNT_04,16-11-2025,Ocean Cargo,21.86,11009.71
SHP_01979,PLNT_03,03-02-2026,Heavy Truck,6.84,292.84
SHP_01980,PLNT_01,10-09-2024,Heavy Truck,1.77,515.44
SHP_01981,PLNT_05,06-03-2024,Rail,23.29,357.28
SHP_01982,PLNT_02,19-04-2025,Ocean Cargo,5.04,8167.09
SHP_01983,PLNT_01,26-06-2026,Heavy Truck,5.23,119.64
SHP_01984,PLNT_03,05-05-2026,Heavy Truck,18.39,380.09
SHP_01985,PLNT_04,06-06-2025,Heavy Truck,17.35,86.71
SHP_01986,PLNT_03,20-07-2024,Ocean Cargo,13.36,9248.88
SHP_01987,PLNT_04,09-05-2026,Ocean Cargo,23.26,11033.56
SHP_01988,PLNT_05,08-08-2025,Air Freight,15.98,4187.51
SHP_01989,PLNT_04,15-12-2026,Ocean Cargo,16.02,1059.09
SHP_01990,PLNT_02,21-06-2026,Ocean Cargo,5.8,1274.32
SHP_01991,PLNT_02,09-12-2024,Rail,18.77,610.21
SHP_01992,PLNT_02,03-05-2025,Ocean Cargo,10,7998.54
SHP_01993,PLNT_02,17-05-2024,Ocean Cargo,13.09,2315.58
SHP_01994,PLNT_05,17-07-2025,Heavy Truck,23.41,144.5
SHP_01995,PLNT_01,18-11-2024,Rail,24.06,503.97
SHP_01996,PLNT_05,02-12-2026,Ocean Cargo,13.51,3230.69
SHP_01997,PLNT_04,03-06-2025,Heavy Truck,19.43,365.65
SHP_01998,PLNT_01,21-03-2024,Heavy Truck,8.81,622.83
SHP_01999,PLNT_01,06-11-2026,Heavy Truck,14.06,98.89
SHP_02000,PLNT_03,25-01-2024,Ocean Cargo,13.69,11694.27
SHP_02001,PLNT_04,19-12-2025,Ocean Cargo,23.55,9048.82
SHP_02002,PLNT_02,14-03-2025,Heavy Truck,8.69,87.26
SHP_02003,PLNT_03,19-10-2026,Heavy Truck,6.22,277.7
SHP_02004,PLNT_03,03-07-2026,Ocean Cargo,12.18,6500.83
SHP_02005,PLNT_02,16-10-2026,Heavy Truck,10.13,58.89
SHP_02006,PLNT_04,06-12-2024,Heavy Truck,24.5,124.8
SHP_02007,PLNT_05,05-11-2026,Rail,18.31,391.08
SHP_02008,PLNT_04,16-10-2026,Heavy Truck,15.19,266.33
SHP_02009,PLNT_01,05-11-2025,Ocean Cargo,8.55,7647.12
SHP_02010,PLNT_03,03-04-2026,Rail,20.32,615.68
SHP_02011,PLNT_01,16-05-2025,Ocean Cargo,10.25,477.07
SHP_02012,PLNT_05,08-05-2026,Heavy Truck,22.16,494.89
SHP_02013,PLNT_05,10-09-2025,Ocean Cargo,14.78,9845.72
SHP_02014,PLNT_02,02-04-2026,Heavy Truck,23.89,582.96
SHP_02015,PLNT_05,18-07-2026,Air Freight,14.8,10424.79
SHP_02016,PLNT_05,11-08-2026,Rail,10.04,381.79
SHP_02017,PLNT_05,17-07-2025,Heavy Truck,12.15,543.88
SHP_02018,PLNT_05,22-01-2026,Heavy Truck,18.55,180.89
SHP_02019,PLNT_04,01-04-2025,Rail,20.96,741.5
SHP_02020,PLNT_01,23-11-2024,Rail,9.22,464.92
SHP_02021,PLNT_03,17-08-2024,Rail,4.33,163.05
SHP_02022,PLNT_05,20-03-2024,Air Freight,5.07,386.76
SHP_02023,PLNT_03,02-05-2024,Heavy Truck,14.53,303.77
SHP_02024,PLNT_01,12-11-2024,Ocean Cargo,20.49,4669.11
SHP_02025,PLNT_05,23-10-2024,Heavy Truck,9.5,112.3
SHP_02026,PLNT_01,22-12-2025,Heavy Truck,24.77,156.92
SHP_02027,PLNT_01,26-06-2026,Heavy Truck,11.46,707.57
SHP_02028,PLNT_05,07-06-2026,Ocean Cargo,3.39,10739.25
SHP_02029,PLNT_04,11-08-2025,Ocean Cargo,18.35,1794.16
SHP_02030,PLNT_03,24-01-2026,Heavy Truck,22.73,267.38
SHP_02031,PLNT_05,03-04-2026,Rail,22.1,162.72
SHP_02032,PLNT_04,26-09-2026,Ocean Cargo,4.54,5378.04
SHP_02033,PLNT_01,12-02-2024,Heavy Truck,17.55,643.12
SHP_02034,PLNT_04,02-10-2026,Ocean Cargo,4.95,7713.69
SHP_02035,PLNT_03,25-06-2026,Heavy Truck,10.71,597.03
SHP_02036,PLNT_02,19-11-2025,Heavy Truck,17.84,635.81
SHP_02037,PLNT_02,17-03-2025,Ocean Cargo,8.06,847.51
SHP_02038,PLNT_02,10-06-2024,Heavy Truck,23.76,101.99
SHP_02039,PLNT_01,13-08-2026,Ocean Cargo,1.6,362.34
SHP_02040,PLNT_02,12-02-2025,Air Freight,3.72,3863.35
SHP_02041,PLNT_04,01-02-2026,Heavy Truck,24.38,291.42
SHP_02042,PLNT_04,03-01-2026,Rail,20.01,107.88
SHP_02043,PLNT_05,27-02-2026,Ocean Cargo,14.64,6603.9
SHP_02044,PLNT_01,09-03-2026,Heavy Truck,21.05,739.61
SHP_02045,PLNT_05,07-03-2025,Heavy Truck,2.38,581.69
SHP_02046,PLNT_04,24-03-2024,Rail,21.01,344.17
SHP_02047,PLNT_04,01-02-2025,Ocean Cargo,9.37,7269.88
SHP_02048,PLNT_04,03-07-2025,Rail,5.36,767.73
SHP_02049,PLNT_01,21-08-2025,Ocean Cargo,23.96,3774.15
SHP_02050,PLNT_03,23-01-2024,Heavy Truck,4.66,645.21
SHP_02051,PLNT_04,10-02-2026,Rail,14.12,336.19
SHP_02052,PLNT_05,01-01-2026,Heavy Truck,14.2,200.81
SHP_02053,PLNT_04,17-02-2026,Air Freight,4.99,7984.06
SHP_02054,PLNT_03,08-10-2026,Ocean Cargo,5.15,10469.7
SHP_02055,PLNT_01,24-01-2026,Ocean Cargo,12.15,9973.41
SHP_02056,PLNT_01,19-12-2024,Ocean Cargo,16.32,10170.53
SHP_02057,PLNT_03,04-05-2026,Heavy Truck,9.07,564.77
SHP_02058,PLNT_01,20-01-2025,Heavy Truck,21.57,797.42
SHP_02059,PLNT_03,21-05-2026,Heavy Truck,5.13,773.75
SHP_02060,PLNT_01,13-09-2025,Ocean Cargo,9.72,1042.03
SHP_02061,PLNT_04,22-04-2025,Ocean Cargo,19.3,749.82
SHP_02062,PLNT_05,05-12-2024,Ocean Cargo,14.76,3464.36
SHP_02063,PLNT_05,07-10-2024,Heavy Truck,20.26,158.32
SHP_02064,PLNT_01,12-07-2024,Ocean Cargo,21.53,5874.75
SHP_02065,PLNT_05,01-10-2025,Heavy Truck,16.9,221.4
SHP_02066,PLNT_02,15-07-2026,Ocean Cargo,3,1258.98
SHP_02067,PLNT_03,07-08-2025,Ocean Cargo,1.54,8140.78
SHP_02068,PLNT_03,01-08-2025,Rail,13.46,534.74
SHP_02069,PLNT_01,25-05-2025,Heavy Truck,22.53,467.06
SHP_02070,PLNT_01,08-12-2024,Heavy Truck,6.44,169.32
SHP_02071,PLNT_05,24-05-2025,Heavy Truck,16.31,315.51
SHP_02072,PLNT_03,08-03-2024,Heavy Truck,15.57,564.8
SHP_02073,PLNT_03,02-06-2026,Ocean Cargo,15.69,2426.03
SHP_02074,PLNT_01,21-06-2025,Ocean Cargo,14.28,9467.23
SHP_02075,PLNT_05,02-12-2024,Heavy Truck,7.23,481.32
SHP_02076,PLNT_01,25-11-2024,Ocean Cargo,3.83,2989.02
SHP_02077,PLNT_03,14-03-2026,Heavy Truck,19.2,513.8
SHP_02078,PLNT_01,15-02-2026,Air Freight,20.36,1403.06
SHP_02079,PLNT_02,15-07-2026,Ocean Cargo,11.39,7703.91
SHP_02080,PLNT_04,02-06-2026,Heavy Truck,12.56,389.59
SHP_02081,PLNT_05,25-03-2026,Air Freight,4.51,9621.67
SHP_02082,PLNT_04,09-05-2024,Rail,10.93,518.94
SHP_02083,PLNT_04,24-02-2025,Ocean Cargo,6.13,7215.8
SHP_02084,PLNT_01,20-05-2025,Ocean Cargo,6.61,6362.74
SHP_02085,PLNT_01,05-09-2024,Ocean Cargo,23.55,11623.51
SHP_02086,PLNT_03,09-04-2024,Ocean Cargo,5.67,856.23
SHP_02087,PLNT_02,21-05-2026,Heavy Truck,13.97,718.54
SHP_02088,PLNT_05,21-09-2024,Heavy Truck,3.5,127.54
SHP_02089,PLNT_04,18-05-2025,Ocean Cargo,5.98,10370.33
SHP_02090,PLNT_02,20-07-2024,Heavy Truck,22.44,541.43
SHP_02091,PLNT_03,17-06-2025,Ocean Cargo,21.66,8172.67
SHP_02092,PLNT_04,24-05-2025,Ocean Cargo,21.15,7370.16
SHP_02093,PLNT_05,06-09-2024,Heavy Truck,5.48,192.11
SHP_02094,PLNT_03,22-10-2025,Ocean Cargo,18.41,10977.62
SHP_02095,PLNT_04,21-10-2026,Heavy Truck,6.89,601.46
SHP_02096,PLNT_03,01-08-2026,Heavy Truck,16.47,70.14
SHP_02097,PLNT_04,15-08-2024,Air Freight,15.5,2644.08
SHP_02098,PLNT_01,13-11-2025,Ocean Cargo,12.31,4336.34
SHP_02099,PLNT_02,19-09-2024,Heavy Truck,16.78,368.89
SHP_02100,PLNT_03,11-11-2026,Heavy Truck,10.46,247.81
SHP_02101,PLNT_01,20-02-2026,Ocean Cargo,24.5,5700.65
SHP_02102,PLNT_02,26-01-2026,Heavy Truck,23.24,186.28
SHP_02103,PLNT_05,21-06-2024,Heavy Truck,16.86,721.8
SHP_02104,PLNT_03,04-09-2025,Heavy Truck,20.78,728.53
SHP_02105,PLNT_02,02-02-2025,Ocean Cargo,21.48,3774.55
SHP_02106,PLNT_05,17-10-2026,Ocean Cargo,20.86,2556.74
SHP_02107,PLNT_04,14-02-2026,Heavy Truck,9.2,681.74
SHP_02108,PLNT_04,08-08-2024,Heavy Truck,8.88,796.13
SHP_02109,PLNT_03,08-11-2024,Heavy Truck,23.79,732.97
SHP_02110,PLNT_04,24-09-2024,Heavy Truck,20.28,103.23
SHP_02111,PLNT_04,06-02-2025,Heavy Truck,9.91,112.18
SHP_02112,PLNT_04,21-07-2024,Ocean Cargo,3.16,250.37
SHP_02113,PLNT_05,05-05-2024,Heavy Truck,5.66,479.66
SHP_02114,PLNT_04,18-08-2024,Ocean Cargo,17.87,3767.27
SHP_02115,PLNT_01,12-10-2024,Heavy Truck,11.11,207.49
SHP_02116,PLNT_02,11-10-2026,Ocean Cargo,14.91,8263.05
SHP_02117,PLNT_02,09-05-2026,Air Freight,6.89,3536.43
SHP_02118,PLNT_01,22-10-2026,Heavy Truck,10.52,502.13
SHP_02119,PLNT_05,17-05-2026,Ocean Cargo,21.39,7735.91
SHP_02120,PLNT_04,25-10-2026,Rail,3.99,155.17
SHP_02121,PLNT_03,02-07-2025,Rail,23.86,259.64
SHP_02122,PLNT_05,12-01-2024,Heavy Truck,17.62,258.62
SHP_02123,PLNT_01,07-09-2026,Heavy Truck,9.2,641.33
SHP_02124,PLNT_05,19-04-2025,Heavy Truck,11.81,596.29
SHP_02125,PLNT_04,25-10-2024,Air Freight,18.96,2313.51
SHP_02126,PLNT_04,27-04-2025,Ocean Cargo,22.54,526.47
SHP_02127,PLNT_05,15-06-2024,Ocean Cargo,14.59,3940.38
SHP_02128,PLNT_02,04-10-2026,Ocean Cargo,14.31,7392.07
SHP_02129,PLNT_04,18-01-2025,Heavy Truck,8.43,606.76
SHP_02130,PLNT_03,05-02-2026,Heavy Truck,1.74,157.01
SHP_02131,PLNT_03,27-09-2024,Rail,7.53,668.5
SHP_02132,PLNT_01,12-08-2026,Ocean Cargo,12.27,4784.87
SHP_02133,PLNT_05,23-04-2026,Rail,24.95,569.86
SHP_02134,PLNT_01,16-04-2026,Heavy Truck,6.65,310.26
SHP_02135,PLNT_04,07-06-2025,Ocean Cargo,21.61,7053.41
SHP_02136,PLNT_03,27-04-2026,Heavy Truck,17.6,633.93
SHP_02137,PLNT_01,16-03-2026,Heavy Truck,6.34,688.96
SHP_02138,PLNT_05,16-11-2024,Ocean Cargo,13.7,11262.4
SHP_02139,PLNT_01,03-06-2025,Ocean Cargo,24.86,183.93
SHP_02140,PLNT_01,20-05-2025,Ocean Cargo,11.75,7327.52
SHP_02141,PLNT_02,22-07-2026,Ocean Cargo,6.53,6642.08
SHP_02142,PLNT_05,24-06-2025,Ocean Cargo,16.86,4919.68
SHP_02143,PLNT_04,23-08-2025,Heavy Truck,14.8,749.67
SHP_02144,PLNT_01,27-08-2026,Ocean Cargo,21.12,4828.52
SHP_02145,PLNT_04,13-12-2024,Ocean Cargo,23.3,7125.31
SHP_02146,PLNT_02,05-01-2024,Heavy Truck,16.82,114.02
SHP_02147,PLNT_04,03-01-2026,Heavy Truck,22.9,296.64
SHP_02148,PLNT_04,19-07-2026,Heavy Truck,11.94,201.37
SHP_02149,PLNT_05,18-11-2025,Ocean Cargo,14.57,8762.35
SHP_02150,PLNT_05,25-02-2025,Heavy Truck,21.6,524.92
SHP_02151,PLNT_03,15-09-2025,Heavy Truck,19.67,428.75
SHP_02152,PLNT_03,19-11-2025,Heavy Truck,15.43,85.03
SHP_02153,PLNT_01,02-08-2026,Ocean Cargo,3.15,7163.39
SHP_02154,PLNT_05,04-06-2024,Heavy Truck,3.62,485.21
SHP_02155,PLNT_02,01-05-2024,Rail,22.9,180.4
SHP_02156,PLNT_01,05-12-2024,Ocean Cargo,7.23,838.01
SHP_02157,PLNT_03,23-05-2024,Rail,4.57,545.5
SHP_02158,PLNT_02,23-03-2026,Rail,17.49,778.22
SHP_02159,PLNT_05,20-02-2025,Ocean Cargo,6.69,1560.33
SHP_02160,PLNT_04,04-05-2026,Ocean Cargo,22.02,2544.75
SHP_02161,PLNT_03,12-11-2024,Heavy Truck,11.59,120.33
SHP_02162,PLNT_03,01-02-2024,Ocean Cargo,22.12,5924.6
SHP_02163,PLNT_05,18-08-2024,Heavy Truck,11.16,148.15
SHP_02164,PLNT_05,11-05-2026,Heavy Truck,12.64,486.3
SHP_02165,PLNT_02,26-06-2026,Ocean Cargo,7.61,8136.63
SHP_02166,PLNT_05,03-10-2025,Ocean Cargo,12.68,7478.45
SHP_02167,PLNT_04,05-03-2026,Ocean Cargo,2.47,11990.17
SHP_02168,PLNT_02,12-02-2026,Heavy Truck,23.38,652.41
SHP_02169,PLNT_02,23-10-2025,Ocean Cargo,2.82,2785.82
SHP_02170,PLNT_02,27-08-2024,Rail,13.94,542.89
SHP_02171,PLNT_04,05-02-2025,Ocean Cargo,18.42,6560.88
SHP_02172,PLNT_01,20-08-2026,Heavy Truck,12.98,64.52
SHP_02173,PLNT_01,01-01-2025,Heavy Truck,21.93,536.17
SHP_02174,PLNT_01,13-06-2025,Ocean Cargo,20.03,6062.23
SHP_02175,PLNT_01,23-01-2026,Air Freight,23.03,3714.68
SHP_02176,PLNT_05,18-10-2025,Ocean Cargo,20.47,4118.26
SHP_02177,PLNT_01,24-08-2024,Heavy Truck,14.77,774.3
SHP_02178,PLNT_02,23-11-2025,Heavy Truck,11.26,219.68
SHP_02179,PLNT_03,04-12-2026,Air Freight,6.93,9748
SHP_02180,PLNT_05,25-09-2024,Heavy Truck,3.49,617.86
SHP_02181,PLNT_02,20-02-2026,Heavy Truck,15.96,678.47
SHP_02182,PLNT_01,03-01-2026,Ocean Cargo,2.63,9420.41
SHP_02183,PLNT_03,22-09-2024,Rail,2.37,610.79
SHP_02184,PLNT_03,15-08-2025,Heavy Truck,7.13,230.67
SHP_02185,PLNT_02,06-05-2024,Rail,21.74,105.45
SHP_02186,PLNT_01,17-09-2026,Ocean Cargo,3.14,4614.56
SHP_02187,PLNT_05,16-12-2025,Rail,17.39,732.52
SHP_02188,PLNT_02,22-04-2024,Ocean Cargo,6.77,5620.4
SHP_02189,PLNT_02,08-08-2026,Ocean Cargo,19.02,6533.47
SHP_02190,PLNT_03,08-11-2025,Ocean Cargo,4.9,11279.34
SHP_02191,PLNT_02,22-05-2025,Air Freight,8.35,616.8
SHP_02192,PLNT_03,24-01-2025,Rail,20.51,442.18
SHP_02193,PLNT_04,07-01-2024,Heavy Truck,3.98,348.79
SHP_02194,PLNT_02,10-07-2025,Air Freight,20.29,5833.63
SHP_02195,PLNT_02,16-08-2024,Ocean Cargo,4.3,11158.27
SHP_02196,PLNT_01,16-03-2024,Heavy Truck,5.29,655.36
SHP_02197,PLNT_04,08-04-2026,Heavy Truck,24.1,158.86
SHP_02198,PLNT_03,24-06-2024,Heavy Truck,18.83,138.99
SHP_02199,PLNT_03,09-05-2026,Heavy Truck,3.98,302.44
SHP_02200,PLNT_03,19-05-2025,Heavy Truck,2.45,428.59
SHP_02201,PLNT_03,24-11-2024,Rail,2.34,753.7
SHP_02202,PLNT_02,18-01-2024,Ocean Cargo,11.76,5984.61
SHP_02203,PLNT_03,10-12-2025,Ocean Cargo,23.66,9938.88
SHP_02204,PLNT_05,15-06-2025,Ocean Cargo,2.07,1136.39
SHP_02205,PLNT_02,06-03-2024,Heavy Truck,15.43,484.07
SHP_02206,PLNT_04,20-11-2026,Ocean Cargo,10.64,3130.42
SHP_02207,PLNT_05,15-03-2025,Air Freight,22.85,10609.58
SHP_02208,PLNT_02,18-11-2026,Heavy Truck,23.82,687.21
SHP_02209,PLNT_03,07-02-2024,Ocean Cargo,6.97,11289.65
SHP_02210,PLNT_05,23-10-2025,Heavy Truck,6.39,574.1
SHP_02211,PLNT_01,18-02-2024,Air Freight,19.35,9488.29
SHP_02212,PLNT_03,10-03-2025,Heavy Truck,7.3,456.68
SHP_02213,PLNT_04,14-01-2025,Air Freight,8.52,4259.55
SHP_02214,PLNT_01,07-02-2026,Ocean Cargo,11,10514.08
SHP_02215,PLNT_03,20-12-2025,Heavy Truck,13.5,618.01
SHP_02216,PLNT_04,21-12-2025,Ocean Cargo,10.59,705.65
SHP_02217,PLNT_03,24-06-2024,Heavy Truck,21.14,572.76
SHP_02218,PLNT_03,27-05-2025,Heavy Truck,14.5,496.95
SHP_02219,PLNT_03,09-11-2025,Ocean Cargo,17.18,9787.43
SHP_02220,PLNT_03,17-03-2025,Heavy Truck,10.37,73.56
SHP_02221,PLNT_02,20-01-2026,Ocean Cargo,2.07,1954.89
SHP_02222,PLNT_05,05-04-2026,Heavy Truck,3.17,375.19
SHP_02223,PLNT_02,03-07-2026,Air Freight,2,2287.2
SHP_02224,PLNT_05,22-07-2024,Ocean Cargo,15.27,11649.59
SHP_02225,PLNT_04,13-08-2024,Heavy Truck,18.91,429
SHP_02226,PLNT_05,10-02-2024,Rail,8.63,440.63
SHP_02227,PLNT_05,07-01-2026,Ocean Cargo,12.47,743.09
SHP_02228,PLNT_03,05-11-2025,Ocean Cargo,13.57,524.98
SHP_02229,PLNT_03,23-09-2025,Ocean Cargo,1.74,3792.31
SHP_02230,PLNT_01,11-12-2024,Heavy Truck,4.5,743.31
SHP_02231,PLNT_03,13-01-2025,Heavy Truck,12.96,155.74
SHP_02232,PLNT_04,03-10-2024,Ocean Cargo,1.6,897.88
SHP_02233,PLNT_01,17-01-2024,Ocean Cargo,20.19,10322.58
SHP_02234,PLNT_02,08-01-2026,Heavy Truck,4.78,743.76
SHP_02235,PLNT_02,22-10-2025,Ocean Cargo,24.69,1570.03
SHP_02236,PLNT_03,27-01-2024,Air Freight,22.23,6986.27
SHP_02237,PLNT_01,18-09-2025,Heavy Truck,11.15,241.63
SHP_02238,PLNT_03,17-06-2026,Ocean Cargo,18.76,9056.16
SHP_02239,PLNT_01,14-02-2026,Ocean Cargo,15.81,8699.2
SHP_02240,PLNT_01,05-05-2025,Heavy Truck,18.11,411.66
SHP_02241,PLNT_04,23-02-2026,Ocean Cargo,24.68,601.6
SHP_02242,PLNT_04,12-07-2024,Ocean Cargo,9.74,4576.07
SHP_02243,PLNT_05,23-11-2026,Heavy Truck,9.98,487.92
SHP_02244,PLNT_01,14-01-2026,Heavy Truck,21.92,522.01
SHP_02245,PLNT_05,26-09-2024,Heavy Truck,4.81,515.32
SHP_02246,PLNT_05,13-12-2024,Heavy Truck,24.07,82.1
SHP_02247,PLNT_02,15-11-2024,Ocean Cargo,12.02,8329.2
SHP_02248,PLNT_04,22-09-2024,Heavy Truck,4.68,665.31
SHP_02249,PLNT_05,09-02-2025,Rail,8.92,256.2
SHP_02250,PLNT_01,26-12-2025,Ocean Cargo,10.58,9856.19
SHP_02251,PLNT_03,18-04-2025,Heavy Truck,6.99,346.98
SHP_02252,PLNT_02,13-09-2025,Rail,19.77,540.58
SHP_02253,PLNT_02,20-08-2024,Heavy Truck,7.16,227.75
SHP_02254,PLNT_05,14-04-2026,Heavy Truck,16.61,246.1
SHP_02255,PLNT_01,04-01-2025,Ocean Cargo,12.44,10117.33
SHP_02256,PLNT_02,27-09-2025,Heavy Truck,22.37,719.9
SHP_02257,PLNT_03,03-01-2026,Ocean Cargo,24.86,944.36
SHP_02258,PLNT_04,03-12-2024,Ocean Cargo,3.52,523.07
SHP_02259,PLNT_05,11-08-2024,Heavy Truck,16.45,646.93
SHP_02260,PLNT_03,25-07-2026,Heavy Truck,24.01,54.22
SHP_02261,PLNT_03,21-12-2025,Rail,20.71,135.97
SHP_02262,PLNT_01,05-10-2025,Heavy Truck,19.64,655.24
SHP_02263,PLNT_04,01-04-2026,Heavy Truck,15.16,203.29
SHP_02264,PLNT_04,14-03-2026,Ocean Cargo,18.85,2011.41
SHP_02265,PLNT_03,18-12-2025,Ocean Cargo,24.77,8910.07
SHP_02266,PLNT_01,16-02-2025,Heavy Truck,20.59,689.92
SHP_02267,PLNT_02,07-04-2025,Ocean Cargo,17.82,8220.05
SHP_02268,PLNT_05,05-10-2026,Rail,14.67,195.04
SHP_02269,PLNT_04,26-03-2026,Heavy Truck,2.58,375.65
SHP_02270,PLNT_02,07-01-2024,Ocean Cargo,15.44,8775.9
SHP_02271,PLNT_04,05-03-2025,Rail,14.28,139.54
SHP_02272,PLNT_05,15-06-2024,Rail,5.12,88.38
SHP_02273,PLNT_04,12-06-2024,Heavy Truck,22.1,495.28
SHP_02274,PLNT_02,22-11-2026,Heavy Truck,7.08,162.45
SHP_02275,PLNT_04,13-11-2025,Rail,3.1,596.37
SHP_02276,PLNT_04,24-08-2026,Ocean Cargo,2.99,9772.04
SHP_02277,PLNT_05,19-06-2024,Ocean Cargo,7.42,11524.3
SHP_02278,PLNT_05,21-01-2026,Rail,20.75,709.68
SHP_02279,PLNT_02,03-02-2024,Ocean Cargo,7.9,5242.32
SHP_02280,PLNT_01,17-10-2026,Ocean Cargo,2.14,4126.18
SHP_02281,PLNT_04,06-11-2025,Ocean Cargo,16.28,10692.63
SHP_02282,PLNT_03,08-08-2024,Heavy Truck,3.11,195.72
SHP_02283,PLNT_05,24-12-2025,Ocean Cargo,15.66,7710.29
SHP_02284,PLNT_02,19-02-2025,Rail,18.94,749.86
SHP_02285,PLNT_05,15-07-2026,Heavy Truck,18.14,298.44
SHP_02286,PLNT_01,01-08-2026,Heavy Truck,23.24,305.69
SHP_02287,PLNT_02,07-06-2025,Heavy Truck,2.69,512.57
SHP_02288,PLNT_05,22-11-2025,Air Freight,10.98,442.62
SHP_02289,PLNT_05,20-09-2025,Ocean Cargo,17.14,6684.47
SHP_02290,PLNT_05,03-11-2025,Heavy Truck,7.51,755.56
SHP_02291,PLNT_04,04-09-2024,Heavy Truck,16.08,442.46
SHP_02292,PLNT_03,19-07-2026,Ocean Cargo,1.94,6319.47
SHP_02293,PLNT_05,02-01-2025,Ocean Cargo,20.87,3345.56
SHP_02294,PLNT_05,02-07-2025,Heavy Truck,12.36,596.68
SHP_02295,PLNT_01,12-10-2025,Ocean Cargo,21.67,4297.41
SHP_02296,PLNT_05,18-12-2026,Ocean Cargo,17.98,9849.39
SHP_02297,PLNT_02,02-03-2026,Heavy Truck,5.48,473.49
SHP_02298,PLNT_04,03-02-2025,Heavy Truck,20.04,612.77
SHP_02299,PLNT_04,01-05-2024,Ocean Cargo,23.81,3360.31
SHP_02300,PLNT_04,18-07-2025,Ocean Cargo,21.05,11991.98
SHP_02301,PLNT_03,12-01-2024,Ocean Cargo,18.03,684.44
SHP_02302,PLNT_05,08-05-2025,Ocean Cargo,13.39,3075.14
SHP_02303,PLNT_01,19-04-2026,Rail,11.59,484.85
SHP_02304,PLNT_03,07-08-2025,Heavy Truck,17.31,255.15
SHP_02305,PLNT_03,20-04-2024,Heavy Truck,10.26,161
SHP_02306,PLNT_05,18-01-2026,Ocean Cargo,3.14,3563.11
SHP_02307,PLNT_05,03-02-2026,Heavy Truck,18.67,402.75
SHP_02308,PLNT_02,07-09-2026,Ocean Cargo,14.7,10324.82
SHP_02309,PLNT_05,15-03-2026,Ocean Cargo,10.04,695.21
SHP_02310,PLNT_04,14-05-2025,Ocean Cargo,24.14,1821.16
SHP_02311,PLNT_04,09-03-2026,Ocean Cargo,3.79,10551.03
SHP_02312,PLNT_01,20-01-2026,Ocean Cargo,18.45,10257.9
SHP_02313,PLNT_05,21-05-2026,Heavy Truck,3.35,739.31
SHP_02314,PLNT_01,14-07-2026,Heavy Truck,13.66,737.6
SHP_02315,PLNT_04,08-05-2026,Ocean Cargo,5.59,8804.72
SHP_02316,PLNT_02,20-02-2026,Ocean Cargo,4.98,3253.86
SHP_02317,PLNT_04,10-04-2025,Ocean Cargo,18.63,9004.96
SHP_02318,PLNT_01,02-07-2024,Ocean Cargo,22.57,5660.81
SHP_02319,PLNT_04,24-08-2026,Ocean Cargo,5.59,10934.91
SHP_02320,PLNT_03,21-12-2025,Ocean Cargo,5.38,3386.83
SHP_02321,PLNT_02,24-03-2024,Heavy Truck,8.04,314.71
SHP_02322,PLNT_02,26-03-2026,Ocean Cargo,24.37,381
SHP_02323,PLNT_05,26-01-2026,Heavy Truck,20.38,756.68
SHP_02324,PLNT_03,12-01-2026,Air Freight,15.21,2518.14
SHP_02325,PLNT_05,24-06-2024,Rail,21.54,766.42
SHP_02326,PLNT_04,04-02-2024,Ocean Cargo,15.68,4020.44
SHP_02327,PLNT_03,02-08-2026,Rail,12.15,791.38
SHP_02328,PLNT_01,01-10-2026,Heavy Truck,7.58,551.67
SHP_02329,PLNT_03,06-11-2026,Ocean Cargo,19.92,8132.88
SHP_02330,PLNT_01,14-02-2026,Heavy Truck,7.49,743.54
SHP_02331,PLNT_04,16-09-2026,Ocean Cargo,18.31,11514.27
SHP_02332,PLNT_01,17-11-2025,Heavy Truck,16.19,796.51
SHP_02333,PLNT_01,22-08-2024,Heavy Truck,23.22,604.28
SHP_02334,PLNT_05,18-04-2025,Rail,17.2,687.98
SHP_02335,PLNT_03,11-12-2026,Heavy Truck,4.22,785.45
SHP_02336,PLNT_05,01-06-2026,Ocean Cargo,19.65,4281.39
SHP_02337,PLNT_02,21-09-2025,Ocean Cargo,3.77,6752.4
SHP_02338,PLNT_02,19-10-2026,Heavy Truck,13.66,79.4
SHP_02339,PLNT_04,22-12-2026,Ocean Cargo,2.71,7948
SHP_02340,PLNT_02,08-03-2025,Heavy Truck,14.44,227.72
SHP_02341,PLNT_01,13-12-2026,Heavy Truck,10.93,526.47
SHP_02342,PLNT_01,11-01-2026,Ocean Cargo,13.35,9874.14
SHP_02343,PLNT_02,09-09-2024,Heavy Truck,10.71,390.53
SHP_02344,PLNT_04,16-02-2024,Ocean Cargo,5.19,1842
SHP_02345,PLNT_01,14-03-2026,Ocean Cargo,2.38,6328.88
SHP_02346,PLNT_05,16-10-2026,Ocean Cargo,24.55,7003.79
SHP_02347,PLNT_03,08-01-2026,Ocean Cargo,7.89,5282.85
SHP_02348,PLNT_04,17-11-2024,Heavy Truck,13.66,695.82
SHP_02349,PLNT_05,11-09-2024,Ocean Cargo,4.81,4947.81
SHP_02350,PLNT_05,01-03-2024,Heavy Truck,2.24,757.91
SHP_02351,PLNT_01,02-03-2025,Heavy Truck,19.64,798.92
SHP_02352,PLNT_05,04-07-2025,Ocean Cargo,2.65,5929.07
SHP_02353,PLNT_04,04-12-2026,Heavy Truck,12.55,562.15
SHP_02354,PLNT_04,17-04-2026,Heavy Truck,15.58,244.96
SHP_02355,PLNT_03,07-10-2026,Ocean Cargo,21.41,2013.31
SHP_02356,PLNT_01,25-06-2024,Ocean Cargo,23.88,7720.73
SHP_02357,PLNT_02,09-10-2026,Ocean Cargo,5.12,854.06
SHP_02358,PLNT_04,18-04-2024,Rail,12.14,234.78
SHP_02359,PLNT_01,03-08-2024,Heavy Truck,7.18,359.29
SHP_02360,PLNT_05,17-02-2024,Ocean Cargo,13.27,1819.48
SHP_02361,PLNT_05,01-06-2026,Heavy Truck,18.4,445.96
SHP_02362,PLNT_05,20-09-2024,Heavy Truck,16.64,217.97
SHP_02363,PLNT_02,08-02-2024,Ocean Cargo,22.62,11681.06
SHP_02364,PLNT_04,02-12-2026,Ocean Cargo,5.66,9622.51
SHP_02365,PLNT_01,24-11-2025,Ocean Cargo,17.91,4862.29
SHP_02366,PLNT_01,05-05-2024,Heavy Truck,3.76,423.58
SHP_02367,PLNT_03,10-11-2025,Ocean Cargo,21.66,7671.43
SHP_02368,PLNT_03,22-02-2025,Rail,13.01,540.45
SHP_02369,PLNT_03,19-03-2024,Heavy Truck,11.93,487.47
SHP_02370,PLNT_02,04-03-2026,Heavy Truck,8.09,794.01
SHP_02371,PLNT_01,21-09-2025,Heavy Truck,17.85,787.9
SHP_02372,PLNT_05,08-09-2026,Rail,3,365.73
SHP_02373,PLNT_02,14-10-2025,Heavy Truck,8.17,786.3
SHP_02374,PLNT_04,22-03-2025,Ocean Cargo,17.39,5193.26
SHP_02375,PLNT_05,10-08-2026,Heavy Truck,16.74,464.65
SHP_02376,PLNT_02,06-03-2026,Ocean Cargo,18.65,7939.83
SHP_02377,PLNT_04,17-11-2025,Air Freight,13.1,6190.86
SHP_02378,PLNT_04,27-10-2026,Ocean Cargo,9.55,6601.68
SHP_02379,PLNT_04,09-01-2024,Heavy Truck,4.55,722.44
SHP_02380,PLNT_01,14-02-2024,Heavy Truck,24.82,338.24
SHP_02381,PLNT_01,10-07-2026,Ocean Cargo,19.4,11817.61
SHP_02382,PLNT_05,06-09-2026,Ocean Cargo,8.48,8793.81
SHP_02383,PLNT_04,03-01-2025,Heavy Truck,6.55,85.33
SHP_02384,PLNT_03,04-08-2026,Rail,7.83,387.43
SHP_02385,PLNT_03,21-04-2026,Rail,13.23,246.91
SHP_02386,PLNT_03,23-11-2024,Ocean Cargo,18.6,4623.17
SHP_02387,PLNT_05,26-11-2024,Ocean Cargo,23.06,6098.04
SHP_02388,PLNT_03,02-08-2024,Heavy Truck,10.15,629.66
SHP_02389,PLNT_01,11-08-2026,Ocean Cargo,22.68,5583.38
SHP_02390,PLNT_04,04-08-2024,Ocean Cargo,4.58,11124.12
SHP_02391,PLNT_01,17-03-2026,Heavy Truck,5.09,296.42
SHP_02392,PLNT_04,19-06-2024,Ocean Cargo,19.39,2693.46
SHP_02393,PLNT_02,10-12-2024,Ocean Cargo,2.74,8164.5
SHP_02394,PLNT_03,16-07-2026,Ocean Cargo,17.86,4681.83
SHP_02395,PLNT_05,03-12-2024,Rail,23.47,698.9
SHP_02396,PLNT_01,21-08-2026,Ocean Cargo,17.7,9167.78
SHP_02397,PLNT_03,24-10-2026,Ocean Cargo,9.84,6468.51
SHP_02398,PLNT_03,13-10-2024,Ocean Cargo,6.97,4820.33
SHP_02399,PLNT_01,17-03-2024,Ocean Cargo,11.82,7655.91
SHP_02400,PLNT_04,14-03-2026,Ocean Cargo,3.93,2456.34
SHP_02401,PLNT_05,06-05-2025,Rail,12.85,479.71
SHP_02402,PLNT_05,10-09-2026,Heavy Truck,4.32,386.42
SHP_02403,PLNT_05,11-02-2025,Ocean Cargo,18.05,8668.87
SHP_02404,PLNT_03,24-11-2024,Ocean Cargo,18.15,1249.36
SHP_02405,PLNT_03,01-06-2025,Ocean Cargo,7.64,7998.98
SHP_02406,PLNT_02,24-05-2024,Ocean Cargo,17.83,269.99
SHP_02407,PLNT_03,18-04-2026,Heavy Truck,22.08,377.76
SHP_02408,PLNT_01,06-04-2026,Ocean Cargo,19.49,10894.7
SHP_02409,PLNT_05,19-04-2026,Ocean Cargo,1.92,4609.02
SHP_02410,PLNT_02,10-09-2024,Heavy Truck,24.87,588.08
SHP_02411,PLNT_01,01-07-2025,Heavy Truck,16.16,415.22
SHP_02412,PLNT_02,14-05-2026,Ocean Cargo,5.72,11655.35
SHP_02413,PLNT_03,27-11-2026,Ocean Cargo,11.06,5075.12
SHP_02414,PLNT_01,15-12-2026,Heavy Truck,20.56,92.54
SHP_02415,PLNT_04,27-01-2024,Heavy Truck,4.3,165.83
SHP_02416,PLNT_02,24-02-2026,Ocean Cargo,10.8,2924.05
SHP_02417,PLNT_03,10-02-2024,Ocean Cargo,8.13,5147.51
SHP_02418,PLNT_02,21-07-2026,Heavy Truck,11.38,194.43
SHP_02419,PLNT_01,18-11-2025,Ocean Cargo,4.01,1313.28
SHP_02420,PLNT_01,17-02-2025,Ocean Cargo,22.22,2477.31
SHP_02421,PLNT_04,22-07-2026,Ocean Cargo,21.09,11688.37
SHP_02422,PLNT_03,03-11-2026,Heavy Truck,21.07,748.71
SHP_02423,PLNT_04,09-06-2025,Ocean Cargo,9.18,10155.07
SHP_02424,PLNT_01,08-01-2025,Ocean Cargo,6.74,7708.9
SHP_02425,PLNT_05,01-12-2025,Heavy Truck,21.9,791.16
SHP_02426,PLNT_04,15-06-2024,Heavy Truck,24.86,696.29
SHP_02427,PLNT_03,01-05-2026,Air Freight,7.27,11862.65
SHP_02428,PLNT_02,20-04-2026,Rail,23.73,607.15
SHP_02429,PLNT_04,19-12-2026,Heavy Truck,22.34,407.58
SHP_02430,PLNT_04,18-02-2024,Ocean Cargo,15.57,4610.43
SHP_02431,PLNT_04,23-09-2024,Ocean Cargo,18.12,10550.04
SHP_02432,PLNT_03,09-06-2026,Heavy Truck,16.21,191.92
SHP_02433,PLNT_02,27-12-2025,Ocean Cargo,11.1,10573.51
SHP_02434,PLNT_02,15-05-2026,Heavy Truck,21.5,776.33
SHP_02435,PLNT_03,20-04-2025,Air Freight,11.22,6911.34
SHP_02436,PLNT_02,21-10-2026,Rail,12.69,509.03
SHP_02437,PLNT_04,01-09-2024,Air Freight,24.67,3689.56
SHP_02438,PLNT_04,26-12-2026,Heavy Truck,1.55,106.15
SHP_02439,PLNT_05,12-04-2024,Heavy Truck,5.06,712.01
SHP_02440,PLNT_01,12-10-2024,Heavy Truck,15.4,545.28
SHP_02441,PLNT_04,09-12-2025,Heavy Truck,14.15,615.2
SHP_02442,PLNT_05,11-12-2025,Heavy Truck,1.7,500.55
SHP_02443,PLNT_04,16-11-2025,Heavy Truck,13.53,722.6
SHP_02444,PLNT_02,19-04-2025,Heavy Truck,11.94,461.71
SHP_02445,PLNT_02,27-02-2024,Ocean Cargo,19.99,957.57
SHP_02446,PLNT_02,26-01-2025,Heavy Truck,7.71,306.05
SHP_02447,PLNT_02,07-01-2024,Heavy Truck,17.1,83.94
SHP_02448,PLNT_03,11-01-2024,Ocean Cargo,12.44,5962.68
SHP_02449,PLNT_03,24-10-2024,Heavy Truck,21.86,436.94
SHP_02450,PLNT_05,01-05-2025,Air Freight,13.33,11013.03
SHP_02451,PLNT_01,07-10-2025,Ocean Cargo,22.46,890.47
SHP_02452,PLNT_04,05-07-2025,Air Freight,23.14,7978.28
SHP_02453,PLNT_01,19-04-2026,Air Freight,12,320.59
SHP_02454,PLNT_05,13-03-2026,Ocean Cargo,5.56,6930
SHP_02455,PLNT_03,09-06-2025,Heavy Truck,24.86,661.32
SHP_02456,PLNT_05,15-10-2025,Heavy Truck,4.3,140.54
SHP_02457,PLNT_03,19-08-2026,Heavy Truck,9.4,685.92
SHP_02458,PLNT_05,09-01-2026,Ocean Cargo,18.45,6807.49
SHP_02459,PLNT_01,13-01-2024,Ocean Cargo,19.37,9011
SHP_02460,PLNT_04,11-07-2024,Ocean Cargo,24.71,11979.78
SHP_02461,PLNT_05,11-07-2025,Heavy Truck,16.53,136.68
SHP_02462,PLNT_04,09-01-2024,Ocean Cargo,22.93,10332.6
SHP_02463,PLNT_02,15-02-2025,Ocean Cargo,14.43,6744.55
SHP_02464,PLNT_03,25-09-2026,Ocean Cargo,3.59,6322.16
SHP_02465,PLNT_01,27-11-2025,Heavy Truck,3.29,333.08
SHP_02466,PLNT_05,02-02-2025,Rail,9.45,751.26
SHP_02467,PLNT_03,17-03-2026,Heavy Truck,22.23,541.05
SHP_02468,PLNT_05,06-01-2026,Air Freight,6.35,6442.9
SHP_02469,PLNT_03,03-06-2026,Ocean Cargo,21,620.97
SHP_02470,PLNT_03,10-01-2024,Rail,14.3,644.07
SHP_02471,PLNT_05,01-03-2024,Heavy Truck,6.88,384.44
SHP_02472,PLNT_01,13-09-2025,Heavy Truck,13.54,185.6
SHP_02473,PLNT_01,11-01-2024,Ocean Cargo,5.91,11177.09
SHP_02474,PLNT_03,21-04-2025,Heavy Truck,11.11,113.08
SHP_02475,PLNT_02,15-03-2025,Ocean Cargo,13.87,4035.78
SHP_02476,PLNT_04,19-04-2024,Ocean Cargo,19.31,5832.94
SHP_02477,PLNT_01,25-06-2026,Heavy Truck,4.61,202.29
SHP_02478,PLNT_05,25-05-2025,Heavy Truck,9.62,444.44
SHP_02479,PLNT_01,20-07-2024,Rail,12.57,700.91
SHP_02480,PLNT_04,13-06-2025,Heavy Truck,19.86,686.46
SHP_02481,PLNT_03,22-11-2025,Heavy Truck,11.05,595.08
SHP_02482,PLNT_05,10-07-2025,Heavy Truck,23.41,715.34
SHP_02483,PLNT_02,07-01-2024,Heavy Truck,23.99,646.04
SHP_02484,PLNT_03,01-05-2024,Ocean Cargo,23.04,6251.91
SHP_02485,PLNT_04,05-01-2026,Heavy Truck,11.66,378.6
SHP_02486,PLNT_01,05-10-2025,Ocean Cargo,23.45,7623.95
SHP_02487,PLNT_02,06-02-2026,Heavy Truck,9.03,427.44
SHP_02488,PLNT_04,08-04-2025,Ocean Cargo,14.87,2818.03
SHP_02489,PLNT_01,27-06-2025,Ocean Cargo,9.09,4610.09
SHP_02490,PLNT_03,22-07-2024,Rail,15.2,159.39
SHP_02491,PLNT_03,21-06-2024,Heavy Truck,10.77,584.6
SHP_02492,PLNT_01,16-06-2026,Air Freight,23.99,1818
SHP_02493,PLNT_01,19-01-2024,Ocean Cargo,11.84,10767.2
SHP_02494,PLNT_04,02-02-2024,Heavy Truck,10.07,189.14
SHP_02495,PLNT_01,25-12-2026,Heavy Truck,12.39,384.31
SHP_02496,PLNT_03,24-02-2026,Air Freight,15.97,4110.15
SHP_02497,PLNT_02,17-07-2026,Heavy Truck,18.1,796.47
SHP_02498,PLNT_04,16-12-2024,Heavy Truck,23.72,656.38
SHP_02499,PLNT_03,09-11-2026,Ocean Cargo,4.57,2556.16
SHP_02500,PLNT_04,09-09-2026,Ocean Cargo,11.7,10194.96
SHP_02501,PLNT_01,18-03-2026,Air Freight,2.03,9514.67
SHP_02502,PLNT_01,13-06-2026,Heavy Truck,18.46,461.94
SHP_02503,PLNT_02,05-10-2025,Heavy Truck,3.93,429.53
SHP_02504,PLNT_03,17-01-2024,Heavy Truck,10.55,434.6
SHP_02505,PLNT_05,15-04-2026,Ocean Cargo,3.83,4891.08
SHP_02506,PLNT_05,25-02-2026,Rail,7.63,327.52
SHP_02507,PLNT_01,22-04-2024,Ocean Cargo,17.45,3441.68
SHP_02508,PLNT_05,27-07-2024,Ocean Cargo,16.11,11046.85
SHP_02509,PLNT_01,20-06-2024,Heavy Truck,2.82,482.02
SHP_02510,PLNT_03,01-03-2024,Heavy Truck,1.98,561.78
SHP_02511,PLNT_01,13-11-2025,Ocean Cargo,9.2,11371.61
SHP_02512,PLNT_05,02-07-2026,Heavy Truck,19.16,227.64
SHP_02513,PLNT_03,25-05-2024,Air Freight,6.98,810.31
SHP_02514,PLNT_04,18-02-2024,Ocean Cargo,11.84,957.07
SHP_02515,PLNT_03,18-07-2026,Heavy Truck,13.07,209.64
SHP_02516,PLNT_04,19-01-2025,Ocean Cargo,22.06,5070.7
SHP_02517,PLNT_02,23-02-2024,Ocean Cargo,3.9,8986.4
SHP_02518,PLNT_03,03-09-2024,Air Freight,20.87,8795.72
SHP_02519,PLNT_01,18-12-2025,Heavy Truck,18.66,612.41
SHP_02520,PLNT_01,26-08-2026,Heavy Truck,8.95,560.63
SHP_02521,PLNT_02,23-06-2024,Ocean Cargo,11.37,746.57
SHP_02522,PLNT_03,23-02-2024,Heavy Truck,12.68,291.17
SHP_02523,PLNT_05,24-08-2024,Heavy Truck,22.01,700.39
SHP_02524,PLNT_02,10-06-2024,Heavy Truck,24.2,793.7
SHP_02525,PLNT_01,25-05-2026,Ocean Cargo,20.58,3575.83
SHP_02526,PLNT_02,16-10-2025,Ocean Cargo,7.62,4719.01
SHP_02527,PLNT_02,03-01-2025,Ocean Cargo,12.38,1702.99
SHP_02528,PLNT_03,27-03-2025,Heavy Truck,14.76,705.36
SHP_02529,PLNT_03,18-10-2024,Rail,7.66,307.58
SHP_02530,PLNT_01,02-05-2024,Ocean Cargo,24.95,5907.74
SHP_02531,PLNT_05,23-12-2024,Heavy Truck,7.2,225.75
SHP_02532,PLNT_02,17-09-2024,Heavy Truck,24.19,660.37
SHP_02533,PLNT_04,13-11-2026,Ocean Cargo,12.92,2704.54
SHP_02534,PLNT_05,20-04-2025,Ocean Cargo,19.88,5491.89
SHP_02535,PLNT_04,07-10-2024,Heavy Truck,5.87,416.04
SHP_02536,PLNT_02,23-02-2025,Heavy Truck,22.36,300.73
SHP_02537,PLNT_03,09-07-2024,Heavy Truck,22.88,391.22
SHP_02538,PLNT_04,11-01-2026,Ocean Cargo,20.95,8043.79
SHP_02539,PLNT_03,11-04-2026,Ocean Cargo,18.37,4331.91
SHP_02540,PLNT_04,09-11-2026,Heavy Truck,23.86,219.46
SHP_02541,PLNT_01,17-01-2025,Heavy Truck,5.06,372.97
SHP_02542,PLNT_01,17-08-2025,Heavy Truck,17.9,712.59
SHP_02543,PLNT_05,08-12-2025,Ocean Cargo,12.04,7567.05
SHP_02544,PLNT_02,01-11-2024,Heavy Truck,22.24,310.33
SHP_02545,PLNT_03,17-09-2024,Ocean Cargo,24.42,7303.95
SHP_02546,PLNT_02,21-04-2025,Ocean Cargo,3.4,4327.57
SHP_02547,PLNT_04,24-08-2026,Heavy Truck,8.37,286.89
SHP_02548,PLNT_01,10-12-2026,Heavy Truck,8.09,383.58
SHP_02549,PLNT_03,25-10-2025,Air Freight,19.75,4761.88
SHP_02550,PLNT_05,10-05-2024,Ocean Cargo,6.73,8185.71
SHP_02551,PLNT_05,01-09-2025,Ocean Cargo,12.16,2938.55
SHP_02552,PLNT_01,04-04-2025,Air Freight,18.39,5185.38
SHP_02553,PLNT_04,27-09-2024,Air Freight,21.89,11314.84
SHP_02554,PLNT_03,24-03-2024,Heavy Truck,8.93,112.81
SHP_02555,PLNT_03,20-08-2026,Ocean Cargo,1.78,7863.35
SHP_02556,PLNT_03,01-06-2026,Ocean Cargo,19.5,3943.73
SHP_02557,PLNT_03,09-07-2025,Heavy Truck,16.2,506.9
SHP_02558,PLNT_05,22-03-2024,Ocean Cargo,7.69,6689.06
SHP_02559,PLNT_05,11-04-2025,Air Freight,21.62,9723.47
SHP_02560,PLNT_03,16-05-2025,Heavy Truck,2.95,222.42
SHP_02561,PLNT_02,10-10-2025,Rail,7.75,131.02
SHP_02562,PLNT_04,22-09-2024,Ocean Cargo,23.67,6269.18
SHP_02563,PLNT_03,25-05-2024,Rail,2.07,139.54
SHP_02564,PLNT_03,07-08-2025,Heavy Truck,22.42,619.9
SHP_02565,PLNT_02,04-08-2026,Heavy Truck,14.95,652.82
SHP_02566,PLNT_01,18-10-2025,Heavy Truck,10.99,549.96
SHP_02567,PLNT_04,20-01-2025,Ocean Cargo,2.38,7159.7
SHP_02568,PLNT_02,05-05-2024,Ocean Cargo,10.03,9816.87
SHP_02569,PLNT_04,02-08-2026,Heavy Truck,13.31,306.91
SHP_02570,PLNT_05,23-08-2025,Heavy Truck,15.36,304.78
SHP_02571,PLNT_02,25-11-2026,Ocean Cargo,3.53,5143.76
SHP_02572,PLNT_05,19-05-2024,Ocean Cargo,4.93,599.24
SHP_02573,PLNT_01,26-07-2025,Ocean Cargo,20.6,3306.6
SHP_02574,PLNT_04,08-03-2025,Rail,24.81,659.14
SHP_02575,PLNT_04,07-04-2024,Ocean Cargo,6.85,4537.75
SHP_02576,PLNT_03,14-07-2025,Ocean Cargo,17.71,7376.36
SHP_02577,PLNT_05,14-08-2024,Heavy Truck,7.88,211.73
SHP_02578,PLNT_04,15-01-2026,Ocean Cargo,5.57,741.49
SHP_02579,PLNT_03,10-02-2026,Heavy Truck,18,476.22
SHP_02580,PLNT_02,18-05-2025,Heavy Truck,4.07,421.74
SHP_02581,PLNT_03,07-04-2024,Heavy Truck,20.23,703.02
SHP_02582,PLNT_01,18-01-2025,Ocean Cargo,11.06,715.02
SHP_02583,PLNT_02,12-09-2024,Heavy Truck,16.2,126.6
SHP_02584,PLNT_04,03-01-2024,Ocean Cargo,4.29,5201.38
SHP_02585,PLNT_01,14-10-2025,Rail,9.93,624.02
SHP_02586,PLNT_03,07-08-2026,Heavy Truck,20.78,332
SHP_02587,PLNT_05,24-09-2026,Heavy Truck,16.28,657.69
SHP_02588,PLNT_04,05-06-2025,Ocean Cargo,7.23,744.75
SHP_02589,PLNT_01,21-02-2025,Heavy Truck,1.51,218.36
SHP_02590,PLNT_03,14-03-2025,Rail,19.48,208.98
SHP_02591,PLNT_04,27-12-2026,Heavy Truck,13.62,287.91
SHP_02592,PLNT_02,12-07-2026,Heavy Truck,2.78,521.78
SHP_02593,PLNT_03,26-11-2026,Rail,5.25,345.63
SHP_02594,PLNT_01,13-03-2026,Heavy Truck,8.68,318.62
SHP_02595,PLNT_05,03-09-2024,Heavy Truck,12.82,350.14
SHP_02596,PLNT_01,20-04-2025,Heavy Truck,9.89,645.76
SHP_02597,PLNT_05,14-11-2026,Ocean Cargo,17.18,11481.73
SHP_02598,PLNT_02,25-03-2025,Ocean Cargo,16.32,9352.25
SHP_02599,PLNT_03,05-02-2024,Rail,5.21,99.56
SHP_02600,PLNT_05,08-01-2024,Rail,19.73,775.12
SHP_02601,PLNT_02,06-11-2026,Ocean Cargo,6.96,5801.04
SHP_02602,PLNT_02,04-06-2025,Heavy Truck,13.45,272.94
SHP_02603,PLNT_03,04-07-2024,Rail,17.55,788.77
SHP_02604,PLNT_03,13-10-2024,Ocean Cargo,20.13,3816.92
SHP_02605,PLNT_01,01-12-2025,Heavy Truck,17.63,137.05
SHP_02606,PLNT_02,17-07-2024,Rail,23.76,588.74
SHP_02607,PLNT_03,19-06-2024,Heavy Truck,11.97,248.53
SHP_02608,PLNT_02,07-05-2024,Heavy Truck,11.25,406.38
SHP_02609,PLNT_04,23-12-2024,Air Freight,9.01,4473.67
SHP_02610,PLNT_04,25-09-2024,Ocean Cargo,2.93,4478.93
SHP_02611,PLNT_03,03-07-2026,Heavy Truck,11.45,754.35
SHP_02612,PLNT_03,12-06-2026,Heavy Truck,3.66,201.06
SHP_02613,PLNT_01,24-03-2025,Heavy Truck,17.41,368.16
SHP_02614,PLNT_04,24-03-2024,Heavy Truck,7.52,586.57
SHP_02615,PLNT_03,13-06-2025,Ocean Cargo,20.92,1401.21
SHP_02616,PLNT_04,26-10-2026,Rail,10.64,745.37
SHP_02617,PLNT_03,19-02-2026,Ocean Cargo,24.5,4505.53
SHP_02618,PLNT_01,03-11-2026,Ocean Cargo,4.9,10654.24
SHP_02619,PLNT_01,07-03-2025,Heavy Truck,24.82,785.24
SHP_02620,PLNT_04,05-04-2025,Heavy Truck,13.03,499.66
SHP_02621,PLNT_05,24-01-2024,Ocean Cargo,23.8,4262.08
SHP_02622,PLNT_03,27-12-2024,Ocean Cargo,4.11,5894.42
SHP_02623,PLNT_01,14-09-2026,Ocean Cargo,4.43,4668.88
SHP_02624,PLNT_04,17-01-2025,Heavy Truck,18.73,779.5
SHP_02625,PLNT_03,10-08-2025,Heavy Truck,11.31,773.83
SHP_02626,PLNT_04,04-11-2025,Air Freight,18.09,1965.51
SHP_02627,PLNT_04,02-12-2024,Heavy Truck,22.53,598.95
SHP_02628,PLNT_01,04-03-2026,Ocean Cargo,16.81,5530.14
SHP_02629,PLNT_02,13-12-2026,Ocean Cargo,4.99,10123.43
SHP_02630,PLNT_02,20-04-2026,Ocean Cargo,19.64,6698.58
SHP_02631,PLNT_01,09-01-2024,Ocean Cargo,9.17,6911.14
SHP_02632,PLNT_01,25-08-2025,Heavy Truck,8.97,108.05
SHP_02633,PLNT_04,14-12-2024,Heavy Truck,5.95,490.48
SHP_02634,PLNT_01,11-02-2025,Heavy Truck,24.25,592.27
SHP_02635,PLNT_01,03-08-2025,Ocean Cargo,14.63,8489.78
SHP_02636,PLNT_03,04-05-2024,Heavy Truck,2.93,760.84
SHP_02637,PLNT_02,16-07-2024,Ocean Cargo,13.35,287.9
SHP_02638,PLNT_02,25-10-2026,Heavy Truck,6.46,310.72
SHP_02639,PLNT_04,06-03-2024,Ocean Cargo,23.37,11639.22
SHP_02640,PLNT_01,17-03-2026,Rail,19.01,504.36
SHP_02641,PLNT_05,14-04-2025,Ocean Cargo,17.16,10312.08
SHP_02642,PLNT_03,06-03-2026,Heavy Truck,19.52,588.74
SHP_02643,PLNT_04,03-12-2025,Ocean Cargo,11.44,2627.98
SHP_02644,PLNT_04,18-12-2026,Heavy Truck,3.08,742.66
SHP_02645,PLNT_02,10-10-2025,Heavy Truck,21.19,578.47
SHP_02646,PLNT_05,03-01-2026,Rail,13.18,522.96
SHP_02647,PLNT_03,10-04-2025,Rail,12.99,51.74
SHP_02648,PLNT_04,07-01-2026,Ocean Cargo,11.99,2773.81
SHP_02649,PLNT_01,26-09-2024,Air Freight,19.61,4813.05
SHP_02650,PLNT_02,09-04-2024,Ocean Cargo,11.16,6092.76
SHP_02651,PLNT_02,05-03-2026,Ocean Cargo,2.35,11544.05
SHP_02652,PLNT_03,09-03-2026,Ocean Cargo,21.02,7164.54
SHP_02653,PLNT_01,17-05-2026,Rail,2.21,349.36
SHP_02654,PLNT_02,08-09-2024,Ocean Cargo,11.19,3995.31
SHP_02655,PLNT_05,22-12-2026,Heavy Truck,24.82,94.81
SHP_02656,PLNT_05,05-09-2026,Heavy Truck,9.98,398.5
SHP_02657,PLNT_04,26-09-2024,Ocean Cargo,6.72,10201.1
SHP_02658,PLNT_04,04-12-2026,Ocean Cargo,3.15,879.62
SHP_02659,PLNT_01,02-10-2025,Heavy Truck,23.29,334.53
SHP_02660,PLNT_01,18-03-2024,Heavy Truck,4.3,136.99
SHP_02661,PLNT_04,05-10-2025,Ocean Cargo,8.22,7345.83
SHP_02662,PLNT_04,02-08-2024,Heavy Truck,17.94,357.5
SHP_02663,PLNT_03,03-12-2025,Ocean Cargo,9.37,4527.31
SHP_02664,PLNT_04,07-01-2024,Ocean Cargo,1.81,9000.15
SHP_02665,PLNT_01,20-06-2026,Ocean Cargo,15.92,333.62
SHP_02666,PLNT_05,24-02-2025,Heavy Truck,16.96,111.35
SHP_02667,PLNT_05,04-09-2025,Ocean Cargo,12.72,7683.25
SHP_02668,PLNT_02,07-01-2025,Ocean Cargo,8.58,4045.34
SHP_02669,PLNT_02,11-02-2024,Air Freight,19.46,2492.57
SHP_02670,PLNT_01,19-01-2024,Heavy Truck,3.11,588.56
SHP_02671,PLNT_01,04-06-2024,Heavy Truck,2.24,411.33
SHP_02672,PLNT_04,10-11-2024,Heavy Truck,17.77,493.17
SHP_02673,PLNT_02,03-07-2024,Ocean Cargo,16.35,3994.27
SHP_02674,PLNT_01,20-11-2025,Heavy Truck,12.46,594.49
SHP_02675,PLNT_05,26-03-2025,Ocean Cargo,5.14,7026.62
SHP_02676,PLNT_01,09-05-2026,Heavy Truck,11.34,322.4
SHP_02677,PLNT_04,02-06-2025,Ocean Cargo,15.32,11944
SHP_02678,PLNT_04,06-06-2024,Ocean Cargo,5.15,9563.63
SHP_02679,PLNT_04,24-08-2025,Ocean Cargo,10.7,11013.33
SHP_02680,PLNT_01,23-06-2024,Heavy Truck,24.67,580.45
SHP_02681,PLNT_02,21-04-2024,Ocean Cargo,22.56,1605.87
SHP_02682,PLNT_04,18-03-2024,Heavy Truck,6.14,663.31
SHP_02683,PLNT_03,11-04-2026,Heavy Truck,20.5,646.59
SHP_02684,PLNT_05,26-02-2024,Rail,4.67,172.71
SHP_02685,PLNT_01,23-04-2026,Air Freight,20.33,1763.6
SHP_02686,PLNT_03,03-09-2024,Ocean Cargo,20.33,3664.39
SHP_02687,PLNT_02,19-12-2026,Heavy Truck,16.11,266.18
SHP_02688,PLNT_05,04-05-2026,Ocean Cargo,5.21,5728.15
SHP_02689,PLNT_02,26-03-2025,Air Freight,14.24,380.81
SHP_02690,PLNT_04,09-11-2024,Air Freight,21.29,7101.85
SHP_02691,PLNT_05,22-01-2024,Heavy Truck,18.39,141.47
SHP_02692,PLNT_02,09-01-2025,Heavy Truck,24.31,518.25
SHP_02693,PLNT_03,06-12-2024,Heavy Truck,5.76,145.17
SHP_02694,PLNT_04,11-04-2024,Heavy Truck,16.98,502.97
SHP_02695,PLNT_03,18-08-2025,Heavy Truck,24.24,302.34
SHP_02696,PLNT_01,23-09-2025,Air Freight,18.83,6161.39
SHP_02697,PLNT_02,21-07-2024,Rail,8.9,643.51
SHP_02698,PLNT_03,05-02-2024,Ocean Cargo,8.28,7879.7
SHP_02699,PLNT_04,19-04-2025,Rail,10.68,312.06
SHP_02700,PLNT_05,03-12-2024,Air Freight,12.61,4305.71
SHP_02701,PLNT_01,01-11-2024,Ocean Cargo,21.49,1643.26
SHP_02702,PLNT_02,21-04-2026,Ocean Cargo,21.37,1626.93
SHP_02703,PLNT_05,06-08-2025,Air Freight,23.26,2242.66
SHP_02704,PLNT_04,21-07-2024,Heavy Truck,9.53,73.49
SHP_02705,PLNT_04,03-11-2024,Ocean Cargo,21.47,5245.63
SHP_02706,PLNT_05,26-02-2024,Heavy Truck,2.7,647.62
SHP_02707,PLNT_04,07-11-2024,Heavy Truck,20.33,617.33
SHP_02708,PLNT_04,16-01-2025,Ocean Cargo,1.66,11160.43
SHP_02709,PLNT_04,27-12-2024,Ocean Cargo,24.27,7655.98
SHP_02710,PLNT_01,04-11-2025,Ocean Cargo,16.93,5847.74
SHP_02711,PLNT_01,04-01-2024,Heavy Truck,15.26,712.88
SHP_02712,PLNT_04,08-12-2024,Heavy Truck,12.51,640.68
SHP_02713,PLNT_05,13-10-2024,Heavy Truck,23.58,555.44
SHP_02714,PLNT_05,11-06-2026,Air Freight,6.12,7348.83
SHP_02715,PLNT_04,11-01-2025,Rail,11.13,185.72
SHP_02716,PLNT_02,05-04-2026,Heavy Truck,14.31,303.71
SHP_02717,PLNT_03,26-04-2025,Heavy Truck,20.61,627.76
SHP_02718,PLNT_02,25-08-2024,Heavy Truck,19.41,359.79
SHP_02719,PLNT_05,18-02-2026,Heavy Truck,3.51,172.41
SHP_02720,PLNT_05,06-01-2024,Heavy Truck,6.52,594.58
SHP_02721,PLNT_04,06-06-2026,Rail,19.73,162.52
SHP_02722,PLNT_02,25-11-2024,Ocean Cargo,3.72,450.22
SHP_02723,PLNT_03,19-11-2025,Heavy Truck,20.55,465.08
SHP_02724,PLNT_05,15-07-2026,Heavy Truck,13.11,54.3
SHP_02725,PLNT_01,19-03-2025,Ocean Cargo,17.07,5247.08
SHP_02726,PLNT_03,16-11-2025,Heavy Truck,4.59,375.28
SHP_02727,PLNT_02,14-06-2026,Ocean Cargo,3.9,3517.94
SHP_02728,PLNT_03,06-07-2025,Ocean Cargo,21.32,9832.17
SHP_02729,PLNT_03,17-12-2025,Heavy Truck,21.07,502.63
SHP_02730,PLNT_04,11-02-2024,Rail,14.94,322
SHP_02731,PLNT_05,05-04-2026,Heavy Truck,8.64,711.62
SHP_02732,PLNT_03,03-01-2026,Ocean Cargo,4.9,6947.41
SHP_02733,PLNT_02,24-11-2024,Heavy Truck,24.91,476.1
SHP_02734,PLNT_04,19-08-2025,Ocean Cargo,17.38,6192.58
SHP_02735,PLNT_05,07-07-2024,Rail,11.84,360.19
SHP_02736,PLNT_03,11-04-2025,Heavy Truck,11.12,222.21
SHP_02737,PLNT_01,17-02-2025,Heavy Truck,12.59,376.1
SHP_02738,PLNT_02,08-05-2024,Ocean Cargo,8.82,7528.58
SHP_02739,PLNT_02,21-09-2025,Heavy Truck,5.45,242.53
SHP_02740,PLNT_01,27-10-2026,Rail,10.01,489.35
SHP_02741,PLNT_04,15-03-2024,Heavy Truck,5.05,402.28
SHP_02742,PLNT_02,14-08-2026,Ocean Cargo,19.72,3130.51
SHP_02743,PLNT_05,11-02-2025,Heavy Truck,24.7,252.96
SHP_02744,PLNT_01,05-08-2025,Heavy Truck,10.71,206.56
SHP_02745,PLNT_04,14-06-2025,Heavy Truck,17.96,92.13
SHP_02746,PLNT_01,20-11-2026,Ocean Cargo,6.2,6977.88
SHP_02747,PLNT_01,25-11-2025,Rail,1.58,137.96
SHP_02748,PLNT_05,11-01-2026,Ocean Cargo,11.4,6924.73
SHP_02749,PLNT_01,21-12-2025,Heavy Truck,3.33,261.46
SHP_02750,PLNT_02,16-12-2026,Rail,17.37,57.23
SHP_02751,PLNT_01,12-08-2024,Ocean Cargo,5.71,7258.54
SHP_02752,PLNT_05,10-10-2025,Heavy Truck,24.32,477.43
SHP_02753,PLNT_02,12-01-2025,Ocean Cargo,9.41,6817.72
SHP_02754,PLNT_04,10-12-2025,Ocean Cargo,19.47,809.21
SHP_02755,PLNT_04,10-08-2025,Rail,7.1,296.79
SHP_02756,PLNT_02,12-11-2026,Heavy Truck,5.42,790.58
SHP_02757,PLNT_01,19-12-2025,Heavy Truck,1.86,114.84
SHP_02758,PLNT_03,07-08-2025,Heavy Truck,21.92,229.83
SHP_02759,PLNT_05,13-04-2026,Heavy Truck,15.42,671.37
SHP_02760,PLNT_02,19-06-2025,Heavy Truck,12.63,98.81
SHP_02761,PLNT_04,04-05-2026,Heavy Truck,4.82,238.29
SHP_02762,PLNT_03,09-07-2024,Heavy Truck,20.18,157.43
SHP_02763,PLNT_01,09-05-2025,Ocean Cargo,14.63,5907.83
SHP_02764,PLNT_01,19-02-2024,Rail,2.58,161.18
SHP_02765,PLNT_02,14-05-2026,Heavy Truck,23.93,224.69
SHP_02766,PLNT_02,13-01-2025,Heavy Truck,16.09,251.57
SHP_02767,PLNT_04,20-11-2026,Rail,13.97,244.98
SHP_02768,PLNT_05,25-07-2026,Heavy Truck,8.92,798.21
SHP_02769,PLNT_03,05-08-2025,Heavy Truck,6.25,771.55
SHP_02770,PLNT_03,18-04-2025,Ocean Cargo,6.85,543.75
SHP_02771,PLNT_02,23-04-2026,Heavy Truck,10.21,55.92
SHP_02772,PLNT_03,25-06-2026,Rail,6.55,689.5
SHP_02773,PLNT_02,01-05-2024,Heavy Truck,16.47,448.15
SHP_02774,PLNT_02,09-10-2025,Ocean Cargo,12.02,1531.19
SHP_02775,PLNT_01,05-06-2024,Heavy Truck,19.18,690.58
SHP_02776,PLNT_01,12-05-2025,Rail,19.54,535.46
SHP_02777,PLNT_01,18-04-2026,Ocean Cargo,3.15,10761.85
SHP_02778,PLNT_05,18-06-2024,Rail,16.88,89.17
SHP_02779,PLNT_05,23-07-2025,Ocean Cargo,10.96,1128.15
SHP_02780,PLNT_05,06-01-2025,Rail,8.73,428.48
SHP_02781,PLNT_03,27-04-2025,Rail,23.71,649.49
SHP_02782,PLNT_01,08-03-2024,Ocean Cargo,23.63,6848.96
SHP_02783,PLNT_04,08-01-2024,Heavy Truck,8.25,614.98
SHP_02784,PLNT_02,13-05-2026,Heavy Truck,4,570.56
SHP_02785,PLNT_03,27-08-2024,Heavy Truck,21.95,508.79
SHP_02786,PLNT_01,01-01-2026,Heavy Truck,24.47,228.25
SHP_02787,PLNT_03,19-02-2025,Ocean Cargo,15.37,10020.64
SHP_02788,PLNT_04,16-12-2026,Ocean Cargo,23.65,10523.18
SHP_02789,PLNT_02,25-05-2024,Heavy Truck,4.88,469.55
SHP_02790,PLNT_02,26-07-2024,Heavy Truck,16.54,624.35
SHP_02791,PLNT_04,27-08-2025,Heavy Truck,12.13,429.95
SHP_02792,PLNT_02,20-10-2025,Heavy Truck,21.61,610.2
SHP_02793,PLNT_01,19-05-2026,Heavy Truck,12.33,680.47
SHP_02794,PLNT_01,25-02-2025,Ocean Cargo,7.04,8915.97
SHP_02795,PLNT_04,16-07-2024,Ocean Cargo,15.4,10315.77
SHP_02796,PLNT_05,08-06-2025,Ocean Cargo,8.31,216.12
SHP_02797,PLNT_05,26-03-2025,Ocean Cargo,10.26,3399.33
SHP_02798,PLNT_03,07-12-2026,Heavy Truck,2.93,571.15
SHP_02799,PLNT_02,03-09-2025,Ocean Cargo,7.32,4854.32
SHP_02800,PLNT_05,19-02-2024,Ocean Cargo,23.04,8423.46
SHP_02801,PLNT_01,13-10-2026,Ocean Cargo,14.95,1122.56
SHP_02802,PLNT_05,09-01-2025,Heavy Truck,23.05,107.7
SHP_02803,PLNT_03,13-12-2026,Ocean Cargo,21.66,5305.21
SHP_02804,PLNT_02,27-09-2024,Heavy Truck,18.99,332.24
SHP_02805,PLNT_02,03-08-2026,Ocean Cargo,14.88,1528.47
SHP_02806,PLNT_01,19-03-2026,Heavy Truck,16.57,516.61
SHP_02807,PLNT_03,27-11-2024,Heavy Truck,14.52,340.39
SHP_02808,PLNT_01,04-08-2024,Ocean Cargo,5.89,11353.15
SHP_02809,PLNT_04,06-07-2025,Ocean Cargo,20.45,10128.94
SHP_02810,PLNT_05,11-04-2025,Heavy Truck,10.69,619.58
SHP_02811,PLNT_04,17-07-2024,Heavy Truck,23.8,603.05
SHP_02812,PLNT_03,17-02-2024,Ocean Cargo,22.03,1596.93
SHP_02813,PLNT_03,06-11-2026,Heavy Truck,6.26,458.78
SHP_02814,PLNT_05,25-04-2025,Heavy Truck,13.45,59.49
SHP_02815,PLNT_03,21-07-2026,Heavy Truck,6.07,229.65
SHP_02816,PLNT_03,11-01-2025,Heavy Truck,12.21,416.9
SHP_02817,PLNT_03,12-04-2024,Heavy Truck,4.81,166.33
SHP_02818,PLNT_02,14-09-2024,Ocean Cargo,20.08,8002.3
SHP_02819,PLNT_05,18-04-2024,Heavy Truck,16.35,239.36
SHP_02820,PLNT_05,26-03-2025,Heavy Truck,11.18,743.08
SHP_02821,PLNT_05,03-05-2025,Rail,8.29,326.06
SHP_02822,PLNT_03,18-11-2026,Heavy Truck,8.28,351.13
SHP_02823,PLNT_03,21-12-2024,Heavy Truck,10.74,619.32
SHP_02824,PLNT_01,11-12-2024,Heavy Truck,8.27,81.38
SHP_02825,PLNT_05,13-01-2026,Ocean Cargo,10.27,827.53
SHP_02826,PLNT_01,08-10-2025,Ocean Cargo,12.65,9558.95
SHP_02827,PLNT_01,21-11-2025,Ocean Cargo,10.05,2866.97
SHP_02828,PLNT_05,09-05-2024,Ocean Cargo,22.74,10187.92
SHP_02829,PLNT_05,06-08-2025,Ocean Cargo,1.5,6448.17
SHP_02830,PLNT_02,23-06-2025,Ocean Cargo,22.51,9137.82
SHP_02831,PLNT_01,11-11-2025,Ocean Cargo,1.61,1359.11
SHP_02832,PLNT_01,01-11-2026,Heavy Truck,24.29,319.63
SHP_02833,PLNT_05,19-06-2024,Ocean Cargo,8.37,10507.2
SHP_02834,PLNT_05,18-03-2024,Ocean Cargo,8.71,3610.97
SHP_02835,PLNT_05,15-08-2024,Ocean Cargo,10.8,8835.78
SHP_02836,PLNT_03,02-10-2026,Rail,6.13,219.92
SHP_02837,PLNT_03,24-06-2026,Heavy Truck,23.05,541.67
SHP_02838,PLNT_05,15-04-2025,Rail,5.12,401.29
SHP_02839,PLNT_03,10-07-2026,Ocean Cargo,21.67,282.91
SHP_02840,PLNT_03,02-05-2024,Heavy Truck,13.35,178.25
SHP_02841,PLNT_05,05-04-2025,Air Freight,13.4,6666.4
SHP_02842,PLNT_04,09-04-2026,Heavy Truck,24.56,174.66
SHP_02843,PLNT_04,02-12-2026,Heavy Truck,1.52,417.93
SHP_02844,PLNT_04,07-12-2024,Heavy Truck,21.54,239.16
SHP_02845,PLNT_01,24-05-2026,Ocean Cargo,11.21,9929.77
SHP_02846,PLNT_01,04-10-2026,Heavy Truck,23.18,320.75
SHP_02847,PLNT_01,04-08-2024,Ocean Cargo,23.02,10628.34
SHP_02848,PLNT_04,20-03-2024,Heavy Truck,6.11,770.22
SHP_02849,PLNT_01,26-03-2026,Heavy Truck,21.26,407.27
SHP_02850,PLNT_01,03-05-2025,Ocean Cargo,7.96,8827.79
SHP_02851,PLNT_01,26-11-2025,Heavy Truck,21.74,220.48
SHP_02852,PLNT_05,12-02-2025,Heavy Truck,20.72,359.34
SHP_02853,PLNT_01,23-04-2025,Heavy Truck,20.46,118.59
SHP_02854,PLNT_01,15-02-2024,Ocean Cargo,24.04,196.66
SHP_02855,PLNT_03,05-09-2026,Heavy Truck,23.49,365.27
SHP_02856,PLNT_01,11-12-2025,Heavy Truck,11.78,344.02
SHP_02857,PLNT_05,26-04-2026,Air Freight,14.78,8461.91
SHP_02858,PLNT_04,17-01-2024,Heavy Truck,13.05,510.46
SHP_02859,PLNT_04,22-02-2026,Air Freight,6.41,9889.08
SHP_02860,PLNT_03,26-01-2025,Ocean Cargo,5.26,2755.72
SHP_02861,PLNT_02,07-07-2025,Heavy Truck,7.91,521.35
SHP_02862,PLNT_02,20-11-2024,Heavy Truck,7.36,626.04
SHP_02863,PLNT_02,10-02-2026,Ocean Cargo,16.36,1963.05
SHP_02864,PLNT_02,24-02-2024,Ocean Cargo,18.54,1612.05
SHP_02865,PLNT_02,09-09-2026,Ocean Cargo,3.66,10421.37
SHP_02866,PLNT_03,18-06-2026,Air Freight,20.64,1535.93
SHP_02867,PLNT_01,22-12-2026,Ocean Cargo,15.75,3645.62
SHP_02868,PLNT_04,07-03-2024,Rail,20.81,478.27
SHP_02869,PLNT_03,23-12-2024,Ocean Cargo,13.53,2619.87
SHP_02870,PLNT_03,20-11-2024,Ocean Cargo,22.88,564.09
SHP_02871,PLNT_03,18-05-2025,Heavy Truck,20.1,250
SHP_02872,PLNT_02,15-01-2026,Ocean Cargo,2.86,3565.79
SHP_02873,PLNT_05,21-09-2024,Heavy Truck,6.07,503.3
SHP_02874,PLNT_02,10-10-2025,Heavy Truck,5.81,734.95
SHP_02875,PLNT_04,13-07-2024,Air Freight,8.49,11910.47
SHP_02876,PLNT_05,17-02-2025,Heavy Truck,11.39,501.63
SHP_02877,PLNT_03,10-02-2026,Ocean Cargo,2.02,1703.43
SHP_02878,PLNT_03,03-10-2025,Ocean Cargo,8.24,5058.64
SHP_02879,PLNT_02,14-09-2026,Ocean Cargo,11.33,8706.44
SHP_02880,PLNT_01,08-05-2026,Ocean Cargo,23.46,7946.23
SHP_02881,PLNT_05,18-12-2024,Air Freight,17.24,11083.69
SHP_02882,PLNT_03,23-02-2025,Ocean Cargo,15.22,10920.24
SHP_02883,PLNT_01,02-12-2025,Heavy Truck,21.21,161.69
SHP_02884,PLNT_05,14-12-2026,Ocean Cargo,7.68,4171.73
SHP_02885,PLNT_05,03-04-2026,Ocean Cargo,21.6,9553.97
SHP_02886,PLNT_04,06-11-2025,Rail,22.28,260.17
SHP_02887,PLNT_02,20-11-2026,Heavy Truck,20.55,313.75
SHP_02888,PLNT_02,23-02-2024,Heavy Truck,17.64,496.33
SHP_02889,PLNT_01,13-03-2026,Heavy Truck,23.06,252.03
SHP_02890,PLNT_05,17-04-2025,Heavy Truck,15.99,759.84
SHP_02891,PLNT_03,04-09-2026,Heavy Truck,7.25,750.7
SHP_02892,PLNT_04,20-12-2024,Rail,8.95,426.47
SHP_02893,PLNT_04,15-12-2024,Ocean Cargo,10.98,5943.84
SHP_02894,PLNT_02,01-09-2026,Heavy Truck,14.96,331.28
SHP_02895,PLNT_02,10-06-2026,Ocean Cargo,3.35,9924.09
SHP_02896,PLNT_04,24-02-2026,Heavy Truck,9.79,656.11
SHP_02897,PLNT_02,01-10-2026,Ocean Cargo,15.09,7253.3
SHP_02898,PLNT_01,14-03-2025,Ocean Cargo,19.48,1603.18
SHP_02899,PLNT_05,09-01-2025,Heavy Truck,20.53,118.7
SHP_02900,PLNT_02,20-10-2025,Heavy Truck,13.6,241.14
SHP_02901,PLNT_01,08-03-2026,Heavy Truck,14.43,478.87
SHP_02902,PLNT_01,14-02-2025,Ocean Cargo,21.61,9298.63
SHP_02903,PLNT_01,05-03-2026,Air Freight,24.36,8406.53
SHP_02904,PLNT_01,10-09-2025,Ocean Cargo,9.6,10396.76
SHP_02905,PLNT_05,22-10-2026,Heavy Truck,2.81,775.19
SHP_02906,PLNT_05,14-09-2025,Ocean Cargo,24.43,2786.8
SHP_02907,PLNT_02,05-01-2025,Heavy Truck,6.04,219.98
SHP_02908,PLNT_02,22-12-2024,Ocean Cargo,6.47,10313.9
SHP_02909,PLNT_05,16-03-2026,Heavy Truck,21.35,105.66
SHP_02910,PLNT_05,09-04-2025,Ocean Cargo,15.32,3816.93
SHP_02911,PLNT_01,02-07-2025,Heavy Truck,24.32,162.73
SHP_02912,PLNT_02,05-10-2025,Rail,6.17,432.33
SHP_02913,PLNT_03,05-07-2026,Heavy Truck,23.4,348.26
SHP_02914,PLNT_05,14-01-2025,Heavy Truck,20.79,634.49
SHP_02915,PLNT_02,09-05-2024,Heavy Truck,3.41,749.22
SHP_02916,PLNT_01,22-08-2025,Ocean Cargo,7.69,7042.7
SHP_02917,PLNT_03,25-03-2026,Ocean Cargo,19.68,9400.74
SHP_02918,PLNT_03,23-12-2026,Ocean Cargo,11.59,5863.71
SHP_02919,PLNT_03,25-06-2024,Heavy Truck,7.59,689.68
SHP_02920,PLNT_02,24-05-2024,Heavy Truck,10.56,430.84
SHP_02921,PLNT_02,05-08-2026,Ocean Cargo,10.23,2669.91
SHP_02922,PLNT_03,19-08-2025,Heavy Truck,4.75,580.26
SHP_02923,PLNT_01,23-09-2026,Rail,19.74,549.59
SHP_02924,PLNT_04,27-02-2026,Ocean Cargo,17.74,2641
SHP_02925,PLNT_01,17-02-2025,Heavy Truck,7.32,549.63
SHP_02926,PLNT_04,12-02-2025,Heavy Truck,22.65,756.82
SHP_02927,PLNT_04,17-03-2025,Ocean Cargo,13.69,9981.07
SHP_02928,PLNT_04,13-12-2024,Rail,4.4,85.37
SHP_02929,PLNT_01,07-08-2024,Ocean Cargo,22.2,677.06
SHP_02930,PLNT_05,01-09-2025,Ocean Cargo,18.38,7161.33
SHP_02931,PLNT_04,25-05-2026,Heavy Truck,12.7,669.58
SHP_02932,PLNT_02,11-06-2024,Ocean Cargo,10.71,11917.37
SHP_02933,PLNT_05,16-01-2026,Air Freight,10.89,8393.26
SHP_02934,PLNT_02,24-09-2025,Ocean Cargo,5.29,446.93
SHP_02935,PLNT_05,07-12-2024,Heavy Truck,10.36,148.1
SHP_02936,PLNT_03,17-05-2025,Ocean Cargo,6.94,4794.52
SHP_02937,PLNT_02,20-05-2024,Heavy Truck,16.69,382.8
SHP_02938,PLNT_04,17-10-2025,Heavy Truck,13.77,366.13
SHP_02939,PLNT_01,02-01-2024,Heavy Truck,3.37,580.3
SHP_02940,PLNT_02,15-04-2024,Ocean Cargo,11.64,9634.05
SHP_02941,PLNT_05,05-12-2026,Heavy Truck,15.01,595.01
SHP_02942,PLNT_04,05-02-2024,Heavy Truck,12.58,698.93
SHP_02943,PLNT_02,24-04-2025,Heavy Truck,9.29,508
SHP_02944,PLNT_04,25-06-2026,Ocean Cargo,19.16,7440.31
SHP_02945,PLNT_01,15-04-2025,Heavy Truck,13.55,668.04
SHP_02946,PLNT_02,27-10-2024,Ocean Cargo,14.69,10316.86
SHP_02947,PLNT_05,07-09-2025,Ocean Cargo,11.24,108.69
SHP_02948,PLNT_02,05-12-2026,Rail,3.07,459.44
SHP_02949,PLNT_05,21-01-2025,Air Freight,12.79,7215.96
SHP_02950,PLNT_03,24-11-2024,Rail,16.03,530.33
SHP_02951,PLNT_05,12-06-2025,Heavy Truck,24.96,179.84
SHP_02952,PLNT_03,06-08-2024,Ocean Cargo,19.64,11568.67
SHP_02953,PLNT_02,19-01-2024,Heavy Truck,10.16,661.08
SHP_02954,PLNT_03,04-10-2024,Ocean Cargo,13.8,11937.68
SHP_02955,PLNT_04,27-04-2025,Ocean Cargo,10.13,11737.88
SHP_02956,PLNT_05,16-05-2026,Heavy Truck,13.08,94.54
SHP_02957,PLNT_03,13-08-2024,Heavy Truck,10.64,128.84
SHP_02958,PLNT_04,19-09-2025,Ocean Cargo,20.03,10227.32
SHP_02959,PLNT_02,01-12-2025,Ocean Cargo,21.17,2865.75
SHP_02960,PLNT_02,04-12-2026,Ocean Cargo,12.08,8817.9
SHP_02961,PLNT_05,18-12-2026,Ocean Cargo,17.39,8494.07
SHP_02962,PLNT_01,09-06-2025,Ocean Cargo,21.17,2535.07
SHP_02963,PLNT_01,04-07-2024,Heavy Truck,17.24,559.05
SHP_02964,PLNT_01,09-12-2026,Ocean Cargo,15.79,6643.37
SHP_02965,PLNT_02,14-03-2026,Ocean Cargo,19.46,8511.27
SHP_02966,PLNT_03,20-04-2025,Ocean Cargo,3.73,2899.52
SHP_02967,PLNT_01,20-04-2026,Heavy Truck,22.02,784.33
SHP_02968,PLNT_03,05-05-2026,Rail,9.66,117.06
SHP_02969,PLNT_05,21-02-2025,Air Freight,6.45,1786.69
SHP_02970,PLNT_03,17-02-2026,Ocean Cargo,8.92,646.33
SHP_02971,PLNT_02,11-10-2026,Ocean Cargo,18.98,1747.41
SHP_02972,PLNT_02,07-02-2026,Heavy Truck,10.19,567.18
SHP_02973,PLNT_04,19-12-2025,Ocean Cargo,24.74,4633.87
SHP_02974,PLNT_05,19-07-2024,Rail,3.57,652.47
SHP_02975,PLNT_05,17-01-2026,Heavy Truck,5.17,787.17
SHP_02976,PLNT_02,17-05-2025,Ocean Cargo,15.02,4136.05
SHP_02977,PLNT_04,18-09-2024,Ocean Cargo,2.8,11385.32
SHP_02978,PLNT_02,01-08-2025,Heavy Truck,10.25,241.56
SHP_02979,PLNT_01,05-06-2026,Ocean Cargo,24.93,6870.09
SHP_02980,PLNT_02,03-03-2026,Heavy Truck,20.64,689.86
SHP_02981,PLNT_02,27-11-2026,Heavy Truck,12.37,262.71
SHP_02982,PLNT_02,05-12-2024,Heavy Truck,15.25,349.12
SHP_02983,PLNT_03,20-08-2024,Ocean Cargo,2,1683.23
SHP_02984,PLNT_02,13-04-2026,Heavy Truck,10.95,267.37
SHP_02985,PLNT_05,23-06-2026,Heavy Truck,3.34,550.35
SHP_02986,PLNT_03,21-04-2026,Ocean Cargo,2.07,9828.1
SHP_02987,PLNT_01,11-08-2024,Heavy Truck,4.26,265.27
SHP_02988,PLNT_04,12-12-2026,Rail,16.77,720.73
SHP_02989,PLNT_02,21-05-2026,Heavy Truck,24.17,363.43
SHP_02990,PLNT_01,11-07-2024,Air Freight,13.08,10000.57
SHP_02991,PLNT_01,01-02-2024,Heavy Truck,22.67,164.25
SHP_02992,PLNT_03,03-03-2024,Heavy Truck,7.18,393
SHP_02993,PLNT_01,23-09-2025,Heavy Truck,10.98,501.22
SHP_02994,PLNT_03,18-10-2025,Heavy Truck,13.79,418.49
SHP_02995,PLNT_02,21-09-2026,Rail,13.89,627.12
SHP_02996,PLNT_05,25-03-2025,Ocean Cargo,9.91,9559.11
SHP_02997,PLNT_03,21-04-2026,Ocean Cargo,14.43,6484.91
SHP_02998,PLNT_03,24-02-2025,Heavy Truck,2.05,687.59
SHP_02999,PLNT_02,10-06-2026,Ocean Cargo,17.82,7425.69
SHP_03000,PLNT_05,07-12-2026,Rail,23.78,235.25
SHP_03001,PLNT_05,25-12-2024,Heavy Truck,21.19,704.46
SHP_03002,PLNT_01,24-11-2025,Heavy Truck,7.99,434.98
SHP_03003,PLNT_05,23-05-2026,Ocean Cargo,2.79,9432.13
SHP_03004,PLNT_01,14-08-2025,Heavy Truck,11.72,200.08
SHP_03005,PLNT_01,09-04-2025,Ocean Cargo,11.54,11681.18
SHP_03006,PLNT_02,09-03-2024,Heavy Truck,22.18,778.84
SHP_03007,PLNT_01,13-12-2024,Ocean Cargo,20.96,518.74
SHP_03008,PLNT_02,24-02-2025,Ocean Cargo,6.69,1057.75
SHP_03009,PLNT_02,07-12-2024,Heavy Truck,12.91,596.04
SHP_03010,PLNT_04,27-04-2024,Air Freight,21.63,566.59
SHP_03011,PLNT_03,26-03-2026,Ocean Cargo,18.63,8092.09
SHP_03012,PLNT_04,23-08-2024,Heavy Truck,22.46,176.52
SHP_03013,PLNT_05,27-06-2025,Ocean Cargo,1.95,4082.74
SHP_03014,PLNT_04,18-04-2025,Ocean Cargo,10.94,8848.04
SHP_03015,PLNT_01,14-08-2026,Heavy Truck,23.82,712.16
SHP_03016,PLNT_03,13-12-2025,Ocean Cargo,13.65,285.26
SHP_03017,PLNT_03,23-07-2024,Ocean Cargo,6.42,2311.29
SHP_03018,PLNT_05,26-02-2025,Ocean Cargo,11.17,9715.31
SHP_03019,PLNT_02,19-08-2025,Rail,19.41,444.56
SHP_03020,PLNT_05,12-01-2024,Ocean Cargo,6.17,2168.75
SHP_03021,PLNT_03,16-05-2024,Heavy Truck,21.4,164.45
SHP_03022,PLNT_05,04-02-2026,Heavy Truck,5.54,394.83
SHP_03023,PLNT_01,18-07-2026,Heavy Truck,5.35,376.96
SHP_03024,PLNT_01,19-12-2024,Heavy Truck,13.9,257.23
SHP_03025,PLNT_04,20-11-2025,Heavy Truck,15.15,506.1
SHP_03026,PLNT_05,17-07-2024,Ocean Cargo,11.41,10767.36
SHP_03027,PLNT_02,01-07-2025,Ocean Cargo,2.43,10230.61
SHP_03028,PLNT_04,05-04-2024,Ocean Cargo,14.98,4667.77
SHP_03029,PLNT_02,22-12-2025,Air Freight,19.86,9114.84
SHP_03030,PLNT_01,13-07-2026,Ocean Cargo,13.42,4629.8
SHP_03031,PLNT_03,05-04-2025,Heavy Truck,6.48,576.64
SHP_03032,PLNT_02,26-07-2024,Heavy Truck,15.4,130.78
SHP_03033,PLNT_05,12-08-2025,Ocean Cargo,14.13,3506.66
SHP_03034,PLNT_02,22-04-2025,Air Freight,13.71,11194.18
SHP_03035,PLNT_05,07-11-2025,Ocean Cargo,23.94,8891.41
SHP_03036,PLNT_02,12-11-2026,Ocean Cargo,19.82,2303.08
SHP_03037,PLNT_04,27-11-2026,Ocean Cargo,6.41,9523.07
SHP_03038,PLNT_02,26-04-2026,Rail,2.48,481.92
SHP_03039,PLNT_05,16-01-2025,Heavy Truck,9.07,297.3
SHP_03040,PLNT_04,17-03-2025,Heavy Truck,16.14,666.2
SHP_03041,PLNT_01,24-03-2024,Heavy Truck,4.76,312.38
SHP_03042,PLNT_04,23-01-2025,Heavy Truck,13.99,671.55
SHP_03043,PLNT_02,11-09-2026,Ocean Cargo,11.84,9878.19
SHP_03044,PLNT_03,24-12-2024,Ocean Cargo,24,3558.01
SHP_03045,PLNT_01,10-02-2025,Heavy Truck,3.98,163.49
SHP_03046,PLNT_04,15-04-2026,Ocean Cargo,13.3,7768.14
SHP_03047,PLNT_05,08-11-2024,Heavy Truck,2.63,256.89
SHP_03048,PLNT_01,02-01-2025,Heavy Truck,9.49,425.64
SHP_03049,PLNT_02,10-03-2025,Heavy Truck,8.32,718.45
SHP_03050,PLNT_01,07-10-2024,Heavy Truck,2.27,355.34
SHP_03051,PLNT_02,26-09-2025,Heavy Truck,9.15,73.65
SHP_03052,PLNT_03,16-12-2024,Ocean Cargo,7.5,10173.64
SHP_03053,PLNT_03,27-01-2025,Rail,8.11,760.35
SHP_03054,PLNT_03,04-09-2026,Heavy Truck,18.29,676.91
SHP_03055,PLNT_04,09-10-2026,Ocean Cargo,12.95,11358.87
SHP_03056,PLNT_02,16-01-2024,Heavy Truck,10.82,446.82
SHP_03057,PLNT_05,26-05-2026,Rail,14.51,119.56
SHP_03058,PLNT_05,16-09-2024,Rail,10.57,374.18
SHP_03059,PLNT_01,27-04-2024,Ocean Cargo,1.86,9382.58
SHP_03060,PLNT_04,10-11-2026,Heavy Truck,13.99,507.53
SHP_03061,PLNT_05,06-05-2026,Ocean Cargo,4.8,10789.72
SHP_03062,PLNT_01,23-05-2026,Ocean Cargo,9.39,4275.89
SHP_03063,PLNT_03,06-06-2026,Ocean Cargo,3.43,11850.81
SHP_03064,PLNT_03,16-04-2025,Rail,5.37,84.37
SHP_03065,PLNT_04,04-05-2026,Air Freight,20.18,5987.72
SHP_03066,PLNT_05,26-02-2025,Ocean Cargo,16.88,6032.33
SHP_03067,PLNT_03,13-05-2024,Rail,11.81,410.16
SHP_03068,PLNT_01,08-07-2026,Rail,12.82,435.18
SHP_03069,PLNT_04,23-10-2025,Heavy Truck,2.48,565.89
SHP_03070,PLNT_03,11-06-2026,Rail,4.06,53.85
SHP_03071,PLNT_02,13-05-2025,Heavy Truck,18.81,100.49
SHP_03072,PLNT_03,12-04-2025,Rail,13.34,522.02
SHP_03073,PLNT_05,01-08-2024,Air Freight,12.69,3397.78
SHP_03074,PLNT_03,17-09-2025,Heavy Truck,15.35,200.18
SHP_03075,PLNT_01,16-08-2024,Ocean Cargo,17.23,10654.67
SHP_03076,PLNT_02,03-03-2025,Heavy Truck,22.98,663.9
SHP_03077,PLNT_03,24-08-2025,Heavy Truck,18.9,663.54
SHP_03078,PLNT_05,27-06-2025,Ocean Cargo,8.95,8535.88
SHP_03079,PLNT_02,21-12-2026,Rail,17.09,322.44
SHP_03080,PLNT_01,19-08-2026,Heavy Truck,16.89,583.97
SHP_03081,PLNT_01,12-10-2026,Ocean Cargo,15.9,6010.99
SHP_03082,PLNT_03,18-10-2025,Ocean Cargo,2.45,6271.4
SHP_03083,PLNT_03,21-07-2025,Rail,12.67,759.74
SHP_03084,PLNT_03,11-06-2025,Ocean Cargo,11.72,8826.36
SHP_03085,PLNT_05,11-02-2024,Heavy Truck,1.93,52.22
SHP_03086,PLNT_01,19-01-2026,Rail,18.41,56.62
SHP_03087,PLNT_04,15-03-2025,Ocean Cargo,4.79,708.37
SHP_03088,PLNT_04,09-11-2024,Ocean Cargo,6.76,11642.24
SHP_03089,PLNT_05,01-10-2025,Heavy Truck,9.99,697.21
SHP_03090,PLNT_04,23-03-2026,Heavy Truck,16.78,143.6
SHP_03091,PLNT_05,08-12-2024,Rail,5.78,270.2
SHP_03092,PLNT_03,22-09-2025,Ocean Cargo,8.83,1429.28
SHP_03093,PLNT_01,25-06-2026,Ocean Cargo,21.02,9109.06
SHP_03094,PLNT_05,10-11-2026,Ocean Cargo,5.83,4250.4
SHP_03095,PLNT_02,21-05-2024,Ocean Cargo,20.71,8424.46
SHP_03096,PLNT_04,26-02-2026,Heavy Truck,22.13,64.1
SHP_03097,PLNT_04,11-02-2025,Heavy Truck,6,302.93
SHP_03098,PLNT_04,07-04-2026,Heavy Truck,10.62,527.58
SHP_03099,PLNT_02,15-01-2024,Heavy Truck,21.71,200.99
SHP_03100,PLNT_01,08-02-2026,Heavy Truck,16.27,734.32
SHP_03101,PLNT_03,06-07-2025,Heavy Truck,8.51,218.47
SHP_03102,PLNT_01,19-10-2026,Heavy Truck,11.23,405.34
SHP_03103,PLNT_04,17-12-2026,Ocean Cargo,5.64,529.41
SHP_03104,PLNT_03,21-08-2026,Rail,19.63,716.8
SHP_03105,PLNT_04,19-10-2024,Heavy Truck,1.74,646.56
SHP_03106,PLNT_05,17-10-2025,Ocean Cargo,1.69,2141.04
SHP_03107,PLNT_03,15-06-2026,Ocean Cargo,3.45,6916.28
SHP_03108,PLNT_01,13-09-2025,Ocean Cargo,21.86,11125.01
SHP_03109,PLNT_01,17-09-2026,Rail,21.92,441.34
SHP_03110,PLNT_05,06-03-2024,Heavy Truck,20.67,506.04
SHP_03111,PLNT_03,08-05-2024,Ocean Cargo,6.93,9958.5
SHP_03112,PLNT_02,22-06-2024,Heavy Truck,21.54,718.67
SHP_03113,PLNT_01,13-09-2026,Rail,20.58,265.51
SHP_03114,PLNT_04,13-02-2025,Heavy Truck,3.63,461.4
SHP_03115,PLNT_03,12-11-2025,Air Freight,16.63,7260.75
SHP_03116,PLNT_04,12-04-2025,Rail,23.39,345.34
SHP_03117,PLNT_01,15-11-2026,Ocean Cargo,21.18,6358.25
SHP_03118,PLNT_01,24-02-2025,Ocean Cargo,19.08,7203.23
SHP_03119,PLNT_02,01-02-2024,Heavy Truck,20.88,213.97
SHP_03120,PLNT_05,06-01-2024,Rail,16.45,568.7
SHP_03121,PLNT_01,05-03-2025,Heavy Truck,9.85,232.64
SHP_03122,PLNT_03,25-07-2025,Air Freight,18.25,1698.91
SHP_03123,PLNT_03,24-11-2024,Heavy Truck,14.65,754.87
SHP_03124,PLNT_01,01-06-2024,Heavy Truck,21.51,723.58
SHP_03125,PLNT_01,07-04-2026,Ocean Cargo,21.16,6081.09
SHP_03126,PLNT_05,12-10-2025,Heavy Truck,21.17,313.29
SHP_03127,PLNT_04,25-06-2025,Ocean Cargo,18.01,7451.45
SHP_03128,PLNT_01,22-04-2024,Ocean Cargo,24.76,9328.45
SHP_03129,PLNT_03,23-07-2024,Ocean Cargo,23.51,3770.32
SHP_03130,PLNT_02,15-07-2024,Ocean Cargo,12.31,4312.94
SHP_03131,PLNT_01,09-01-2025,Heavy Truck,7.21,583.52
SHP_03132,PLNT_03,08-05-2026,Heavy Truck,12.88,390.69
SHP_03133,PLNT_02,14-01-2026,Rail,11.11,560.59
SHP_03134,PLNT_04,12-02-2024,Ocean Cargo,13.82,5738.78
SHP_03135,PLNT_02,23-07-2026,Heavy Truck,4.67,761.31
SHP_03136,PLNT_02,07-11-2026,Heavy Truck,2.11,657.69
SHP_03137,PLNT_03,19-01-2025,Heavy Truck,15.9,178.08
SHP_03138,PLNT_01,13-02-2025,Heavy Truck,11.62,580.89
SHP_03139,PLNT_02,16-09-2025,Heavy Truck,9.06,277.74
SHP_03140,PLNT_04,01-02-2024,Ocean Cargo,20.34,3349.75
SHP_03141,PLNT_03,18-10-2025,Heavy Truck,10.89,672.27
SHP_03142,PLNT_05,22-05-2026,Air Freight,21.88,2058.47
SHP_03143,PLNT_03,04-02-2024,Ocean Cargo,18.82,11481.1
SHP_03144,PLNT_02,11-09-2025,Ocean Cargo,15.53,10083.45
SHP_03145,PLNT_05,01-10-2025,Ocean Cargo,9.99,712.56
SHP_03146,PLNT_05,08-11-2025,Ocean Cargo,11.38,5010.23
SHP_03147,PLNT_01,02-05-2026,Ocean Cargo,10.93,10513.1
SHP_03148,PLNT_03,26-06-2024,Heavy Truck,10.5,322.84
SHP_03149,PLNT_02,11-01-2026,Heavy Truck,9.32,554.96
SHP_03150,PLNT_05,15-07-2025,Heavy Truck,11.2,560.12
SHP_03151,PLNT_02,13-02-2025,Ocean Cargo,17.45,1232.09
SHP_03152,PLNT_04,11-09-2025,Ocean Cargo,18.74,10886.85
SHP_03153,PLNT_04,21-08-2024,Ocean Cargo,17.87,4496.82
SHP_03154,PLNT_03,15-01-2026,Ocean Cargo,4.26,452.88
SHP_03155,PLNT_02,17-11-2026,Ocean Cargo,2.94,7905.75
SHP_03156,PLNT_03,19-06-2026,Heavy Truck,16.01,165.76
SHP_03157,PLNT_01,25-07-2026,Heavy Truck,13.73,58.61
SHP_03158,PLNT_03,27-05-2025,Ocean Cargo,2.55,7935.36
SHP_03159,PLNT_04,19-10-2024,Heavy Truck,1.96,305.17
SHP_03160,PLNT_01,22-12-2025,Rail,9.95,84.16
SHP_03161,PLNT_05,09-03-2026,Heavy Truck,16,192.71
SHP_03162,PLNT_01,10-12-2026,Ocean Cargo,1.93,1655.41
SHP_03163,PLNT_01,17-08-2025,Air Freight,20.71,4309.46
SHP_03164,PLNT_04,09-07-2026,Heavy Truck,17.97,279.08
SHP_03165,PLNT_05,27-08-2026,Ocean Cargo,3.26,4992.82
SHP_03166,PLNT_05,06-04-2024,Rail,1.7,162.46
SHP_03167,PLNT_03,11-05-2026,Ocean Cargo,9.35,1483.22
SHP_03168,PLNT_05,01-02-2024,Heavy Truck,21.27,675.46
SHP_03169,PLNT_01,10-12-2025,Heavy Truck,5.64,294.79
SHP_03170,PLNT_04,04-03-2025,Ocean Cargo,13.18,9685.61
SHP_03171,PLNT_03,10-10-2026,Heavy Truck,5.53,107.35
SHP_03172,PLNT_02,27-11-2025,Heavy Truck,6.24,505.44
SHP_03173,PLNT_01,14-03-2025,Heavy Truck,1.68,641.41
SHP_03174,PLNT_01,19-01-2026,Ocean Cargo,19.94,11904.27
SHP_03175,PLNT_02,06-07-2025,Heavy Truck,23.16,689.76
SHP_03176,PLNT_04,19-06-2025,Ocean Cargo,11.09,10823.77
SHP_03177,PLNT_03,03-02-2025,Heavy Truck,20.18,585.91
SHP_03178,PLNT_04,03-02-2026,Heavy Truck,2.14,672.37
SHP_03179,PLNT_05,03-04-2024,Ocean Cargo,10.32,10071.63
SHP_03180,PLNT_02,23-05-2024,Heavy Truck,14.48,662.17
SHP_03181,PLNT_01,10-09-2024,Rail,15.09,67.74
SHP_03182,PLNT_01,27-03-2025,Rail,18,446.29
SHP_03183,PLNT_01,08-01-2025,Heavy Truck,7.24,733.03
SHP_03184,PLNT_02,20-11-2026,Ocean Cargo,4.87,9031.09
SHP_03185,PLNT_01,13-06-2024,Heavy Truck,13.42,155.44
SHP_03186,PLNT_05,11-02-2024,Ocean Cargo,3.21,1780.02
SHP_03187,PLNT_01,14-04-2026,Ocean Cargo,13.96,8369.33
SHP_03188,PLNT_02,03-06-2025,Ocean Cargo,16.74,3832.65
SHP_03189,PLNT_01,27-10-2026,Ocean Cargo,14.4,870.46
SHP_03190,PLNT_03,08-12-2026,Heavy Truck,7.18,80.48
SHP_03191,PLNT_04,03-08-2026,Rail,21.36,226.44
SHP_03192,PLNT_03,22-08-2026,Heavy Truck,18.64,659.03
SHP_03193,PLNT_01,20-06-2025,Ocean Cargo,11.86,5665.93
SHP_03194,PLNT_03,26-12-2026,Heavy Truck,20.77,281.02
SHP_03195,PLNT_04,24-01-2025,Heavy Truck,1.52,762.5
SHP_03196,PLNT_05,01-11-2025,Heavy Truck,23.82,715.14
SHP_03197,PLNT_03,18-04-2024,Ocean Cargo,5.53,3482.7
SHP_03198,PLNT_01,26-08-2024,Heavy Truck,17.8,698.71
SHP_03199,PLNT_02,19-01-2024,Air Freight,22.08,5334.65
SHP_03200,PLNT_05,20-02-2024,Heavy Truck,19.87,759.45
SHP_03201,PLNT_02,05-11-2025,Heavy Truck,24.87,151.23
SHP_03202,PLNT_05,15-01-2024,Heavy Truck,23.67,283.23
SHP_03203,PLNT_04,09-07-2026,Heavy Truck,18.3,692.6
SHP_03204,PLNT_03,07-06-2025,Heavy Truck,3.41,717.8
SHP_03205,PLNT_05,13-09-2026,Heavy Truck,21,573.1
SHP_03206,PLNT_05,23-12-2024,Rail,16.25,603.52
SHP_03207,PLNT_04,24-10-2024,Rail,16.99,240.1
SHP_03208,PLNT_04,16-07-2024,Heavy Truck,6.5,327.9
SHP_03209,PLNT_03,26-10-2026,Heavy Truck,15.4,674.27
SHP_03210,PLNT_03,02-05-2026,Ocean Cargo,11.02,7631.54
SHP_03211,PLNT_01,01-07-2025,Ocean Cargo,13.82,11938.66
SHP_03212,PLNT_03,05-04-2025,Heavy Truck,2.88,548.85
SHP_03213,PLNT_05,02-10-2026,Heavy Truck,12.65,525.28
SHP_03214,PLNT_02,14-08-2025,Ocean Cargo,16.29,11654.09
SHP_03215,PLNT_01,27-10-2025,Heavy Truck,18.93,512.94
SHP_03216,PLNT_02,24-06-2025,Heavy Truck,16.28,423.44
SHP_03217,PLNT_04,13-02-2024,Air Freight,21.36,11138.9
SHP_03218,PLNT_02,10-03-2024,Heavy Truck,13.4,164.82
SHP_03219,PLNT_01,26-08-2025,Ocean Cargo,14.88,586.34
SHP_03220,PLNT_02,16-12-2024,Heavy Truck,9.76,194.62
SHP_03221,PLNT_04,09-09-2026,Ocean Cargo,9.36,1199.95
SHP_03222,PLNT_02,24-02-2025,Heavy Truck,7.41,603.68
SHP_03223,PLNT_05,12-10-2026,Heavy Truck,2.01,324.67
SHP_03224,PLNT_04,05-10-2024,Ocean Cargo,10.77,2364.73
SHP_03225,PLNT_01,20-11-2025,Rail,22.45,520.25
SHP_03226,PLNT_05,08-10-2026,Air Freight,9.62,8234.74
SHP_03227,PLNT_04,11-10-2026,Ocean Cargo,23.79,10348.84
SHP_03228,PLNT_05,14-04-2024,Heavy Truck,8.25,175.97
SHP_03229,PLNT_01,07-07-2024,Air Freight,19.11,9020.89
SHP_03230,PLNT_04,23-03-2024,Ocean Cargo,2.33,2318.3
SHP_03231,PLNT_04,09-02-2025,Ocean Cargo,16.32,1336.16
SHP_03232,PLNT_02,15-05-2024,Rail,2.72,692.77
SHP_03233,PLNT_03,17-10-2024,Heavy Truck,13.6,91.07
SHP_03234,PLNT_03,16-04-2026,Rail,16.22,382.08
SHP_03235,PLNT_04,16-01-2025,Ocean Cargo,12.47,3788.66
SHP_03236,PLNT_01,11-10-2024,Ocean Cargo,23.49,6360.27
SHP_03237,PLNT_01,18-05-2025,Heavy Truck,3.48,264.32
SHP_03238,PLNT_05,25-02-2026,Ocean Cargo,8.84,746.31
SHP_03239,PLNT_04,27-02-2025,Ocean Cargo,6.98,11958.69
SHP_03240,PLNT_01,23-02-2025,Heavy Truck,15.93,461.75
SHP_03241,PLNT_01,21-01-2024,Ocean Cargo,6.11,3075.23
SHP_03242,PLNT_02,10-09-2025,Ocean Cargo,12.53,1285.86
SHP_03243,PLNT_04,26-12-2025,Heavy Truck,23.16,132.43
SHP_03244,PLNT_03,04-07-2024,Rail,24.32,402.3
SHP_03245,PLNT_05,26-02-2025,Heavy Truck,9.06,419.6
SHP_03246,PLNT_02,22-11-2025,Heavy Truck,1.91,677.26
SHP_03247,PLNT_04,09-09-2025,Ocean Cargo,23.81,1482.29
SHP_03248,PLNT_01,04-03-2024,Air Freight,2.95,9724.57
SHP_03249,PLNT_01,15-08-2024,Heavy Truck,21.31,194.87
SHP_03250,PLNT_01,07-07-2026,Ocean Cargo,12.21,10679.14
SHP_03251,PLNT_04,08-11-2026,Heavy Truck,23,339.1
SHP_03252,PLNT_01,25-01-2025,Rail,24.72,171.28
SHP_03253,PLNT_01,25-03-2026,Air Freight,15.91,4517.17
SHP_03254,PLNT_05,12-01-2024,Air Freight,3.89,2109.63
SHP_03255,PLNT_02,17-03-2025,Heavy Truck,17.33,566
SHP_03256,PLNT_03,21-07-2026,Ocean Cargo,2.97,9955.62
SHP_03257,PLNT_03,22-03-2024,Ocean Cargo,4.38,2834.28
SHP_03258,PLNT_04,04-11-2025,Heavy Truck,2.29,120.16
SHP_03259,PLNT_03,14-06-2025,Ocean Cargo,6.4,11391
SHP_03260,PLNT_04,25-09-2024,Rail,2.32,341.49
SHP_03261,PLNT_04,26-11-2025,Heavy Truck,11.68,383.3
SHP_03262,PLNT_01,08-08-2025,Heavy Truck,13.63,201.59
SHP_03263,PLNT_02,04-06-2026,Air Freight,4.4,3310.43
SHP_03264,PLNT_03,12-07-2025,Ocean Cargo,5.61,7359.31
SHP_03265,PLNT_05,18-03-2026,Ocean Cargo,8.43,5366.49
SHP_03266,PLNT_01,06-11-2025,Ocean Cargo,20.52,4449.97
SHP_03267,PLNT_02,03-12-2025,Ocean Cargo,10.36,4751.69
SHP_03268,PLNT_05,11-12-2025,Rail,22.37,420.72
SHP_03269,PLNT_02,25-10-2024,Heavy Truck,9.07,431.4
SHP_03270,PLNT_04,07-10-2024,Heavy Truck,19.53,336.19
SHP_03271,PLNT_03,11-08-2024,Heavy Truck,21.13,530.75
SHP_03272,PLNT_01,10-03-2026,Ocean Cargo,9.38,3953.41
SHP_03273,PLNT_04,14-09-2024,Ocean Cargo,5.25,1820.39
SHP_03274,PLNT_05,13-12-2024,Ocean Cargo,21.96,7633.27
SHP_03275,PLNT_01,17-06-2025,Heavy Truck,2.53,279.61
SHP_03276,PLNT_01,20-11-2024,Ocean Cargo,19.5,503.67
SHP_03277,PLNT_05,10-04-2024,Ocean Cargo,9.55,5345.1
SHP_03278,PLNT_05,04-01-2025,Heavy Truck,10.94,50.07
SHP_03279,PLNT_04,23-02-2025,Heavy Truck,16.83,290.58
SHP_03280,PLNT_01,17-11-2025,Ocean Cargo,9.28,6197.65
SHP_03281,PLNT_01,08-12-2024,Ocean Cargo,5.51,5235.47
SHP_03282,PLNT_04,13-07-2024,Air Freight,10.61,8679.08
SHP_03283,PLNT_03,07-03-2025,Ocean Cargo,23.95,7687.84
SHP_03284,PLNT_05,08-01-2025,Heavy Truck,17.09,561.94
SHP_03285,PLNT_02,08-01-2025,Heavy Truck,11.9,591.14
SHP_03286,PLNT_01,19-09-2025,Ocean Cargo,8.05,4841.18
SHP_03287,PLNT_05,13-11-2024,Ocean Cargo,13.9,8771.68
SHP_03288,PLNT_01,08-03-2026,Heavy Truck,21.35,464.13
SHP_03289,PLNT_05,19-09-2025,Heavy Truck,17.43,754.35
SHP_03290,PLNT_04,07-05-2024,Ocean Cargo,13.69,8479.99
SHP_03291,PLNT_04,27-03-2025,Ocean Cargo,19.72,4985.81
SHP_03292,PLNT_02,15-11-2024,Heavy Truck,20.06,649.21
SHP_03293,PLNT_02,07-12-2025,Heavy Truck,20.18,297.97
SHP_03294,PLNT_03,11-12-2026,Heavy Truck,24.37,326.44
SHP_03295,PLNT_05,01-09-2025,Ocean Cargo,2.8,7342.78
SHP_03296,PLNT_04,06-08-2025,Ocean Cargo,7.81,2720.05
SHP_03297,PLNT_03,18-01-2026,Ocean Cargo,20.06,6006.27
SHP_03298,PLNT_02,27-06-2025,Heavy Truck,14.33,678.36
SHP_03299,PLNT_02,15-03-2025,Heavy Truck,4.64,659.89
SHP_03300,PLNT_01,14-06-2024,Ocean Cargo,15.65,3661.81
SHP_03301,PLNT_01,07-09-2024,Heavy Truck,17.35,442.27
SHP_03302,PLNT_05,27-09-2026,Heavy Truck,7.87,341.24
SHP_03303,PLNT_05,10-03-2024,Heavy Truck,16.61,104.16
SHP_03304,PLNT_03,08-10-2024,Rail,16.78,546.61
SHP_03305,PLNT_01,24-12-2024,Ocean Cargo,14.65,7150.9
SHP_03306,PLNT_01,18-11-2026,Heavy Truck,15.39,321.65
SHP_03307,PLNT_02,02-04-2024,Ocean Cargo,2.92,7944.42
SHP_03308,PLNT_04,25-09-2026,Heavy Truck,19.7,664.31
SHP_03309,PLNT_02,14-02-2026,Ocean Cargo,20.3,9584.13
SHP_03310,PLNT_01,13-01-2025,Ocean Cargo,12.1,6521.17
SHP_03311,PLNT_02,09-06-2024,Heavy Truck,13.84,263.51
SHP_03312,PLNT_02,21-01-2024,Heavy Truck,21.41,413.03
SHP_03313,PLNT_03,07-02-2025,Ocean Cargo,23.23,3706.84
SHP_03314,PLNT_03,09-07-2026,Heavy Truck,13.2,602.84
SHP_03315,PLNT_02,16-02-2024,Heavy Truck,7.88,245.26
SHP_03316,PLNT_01,14-01-2024,Heavy Truck,23.4,331.84
SHP_03317,PLNT_01,20-02-2025,Heavy Truck,5.22,76.95
SHP_03318,PLNT_05,14-11-2026,Air Freight,11.3,7063.59
SHP_03319,PLNT_05,19-12-2025,Ocean Cargo,2.84,2859.52
SHP_03320,PLNT_02,16-01-2024,Heavy Truck,8.22,170.88
SHP_03321,PLNT_04,21-11-2026,Ocean Cargo,6.96,7009.92
SHP_03322,PLNT_01,18-10-2024,Ocean Cargo,9.4,3472.52
SHP_03323,PLNT_01,04-05-2024,Ocean Cargo,19.31,9122.38
SHP_03324,PLNT_02,07-03-2025,Ocean Cargo,23.94,1523.46
SHP_03325,PLNT_05,07-01-2025,Heavy Truck,9.26,548.29
SHP_03326,PLNT_03,24-01-2026,Heavy Truck,4.16,501.75
SHP_03327,PLNT_05,14-06-2024,Heavy Truck,20.52,328.58
SHP_03328,PLNT_02,22-10-2026,Ocean Cargo,1.7,11624.49
SHP_03329,PLNT_03,14-03-2025,Ocean Cargo,14.71,1568.01
SHP_03330,PLNT_05,13-03-2025,Rail,23.45,90.05
SHP_03331,PLNT_03,25-06-2026,Ocean Cargo,17.31,6811.58
SHP_03332,PLNT_02,22-01-2026,Rail,7.67,691.53
SHP_03333,PLNT_01,25-12-2024,Rail,17.76,455.84
SHP_03334,PLNT_02,16-12-2024,Heavy Truck,17.56,688.6
SHP_03335,PLNT_03,16-08-2024,Heavy Truck,7.27,476.64
SHP_03336,PLNT_04,21-09-2025,Ocean Cargo,14.47,10662.47
SHP_03337,PLNT_02,13-07-2025,Ocean Cargo,7.11,10360.58
SHP_03338,PLNT_01,09-05-2024,Ocean Cargo,15.63,7315.13
SHP_03339,PLNT_01,21-06-2024,Ocean Cargo,5.28,4218.13
SHP_03340,PLNT_01,11-09-2026,Heavy Truck,3.67,618.35
SHP_03341,PLNT_03,06-05-2026,Heavy Truck,7.23,369.1
SHP_03342,PLNT_03,03-09-2024,Heavy Truck,15.05,229.43
SHP_03343,PLNT_01,16-07-2024,Heavy Truck,18.63,543.86
SHP_03344,PLNT_05,18-11-2025,Heavy Truck,24.05,423.75
SHP_03345,PLNT_03,27-08-2026,Rail,8.59,241.54
SHP_03346,PLNT_04,13-08-2025,Heavy Truck,18.74,71.95
SHP_03347,PLNT_05,27-01-2026,Ocean Cargo,4.96,9231.28
SHP_03348,PLNT_01,14-12-2025,Ocean Cargo,24.97,6771.66
SHP_03349,PLNT_05,06-08-2026,Ocean Cargo,24.26,911.59
SHP_03350,PLNT_01,17-09-2025,Heavy Truck,13.7,545.06
SHP_03351,PLNT_05,17-05-2025,Heavy Truck,13.32,451.21
SHP_03352,PLNT_02,23-12-2024,Heavy Truck,13.18,244.89
SHP_03353,PLNT_03,17-04-2026,Air Freight,20.67,3328.31
SHP_03354,PLNT_05,08-06-2026,Rail,11.78,323.06
SHP_03355,PLNT_02,13-02-2024,Heavy Truck,23.83,540.26
SHP_03356,PLNT_04,01-10-2025,Heavy Truck,13.52,235.25
SHP_03357,PLNT_03,02-04-2026,Heavy Truck,8.86,131.42
SHP_03358,PLNT_05,25-07-2026,Heavy Truck,19.15,657.96
SHP_03359,PLNT_01,26-05-2026,Ocean Cargo,7.15,6619.58
SHP_03360,PLNT_05,21-05-2024,Ocean Cargo,19.82,9471.08
SHP_03361,PLNT_03,22-12-2025,Ocean Cargo,3.51,9784.65
SHP_03362,PLNT_02,21-05-2025,Rail,3.69,626.84
SHP_03363,PLNT_04,22-08-2025,Ocean Cargo,13.75,1835.71
SHP_03364,PLNT_02,24-08-2025,Heavy Truck,16.73,98.48
SHP_03365,PLNT_02,06-06-2024,Ocean Cargo,21.41,5199.54
SHP_03366,PLNT_04,26-11-2024,Ocean Cargo,4.59,8108.41
SHP_03367,PLNT_05,13-09-2025,Ocean Cargo,17.79,10366.43
SHP_03368,PLNT_02,11-07-2025,Heavy Truck,18.6,427.39
SHP_03369,PLNT_05,11-07-2024,Rail,21.81,205.18
SHP_03370,PLNT_05,22-08-2026,Heavy Truck,2.93,202.5
SHP_03371,PLNT_01,08-01-2025,Ocean Cargo,8.23,2310.05
SHP_03372,PLNT_03,26-01-2026,Heavy Truck,1.52,783.11
SHP_03373,PLNT_02,16-07-2026,Ocean Cargo,20.69,9897.07
SHP_03374,PLNT_05,19-07-2025,Heavy Truck,14.5,718.83
SHP_03375,PLNT_04,24-06-2024,Heavy Truck,7.92,372.87
SHP_03376,PLNT_03,26-08-2024,Ocean Cargo,8.02,6058.16
SHP_03377,PLNT_01,19-03-2024,Air Freight,20.77,10123.93
SHP_03378,PLNT_02,24-12-2025,Heavy Truck,4.82,68.51
SHP_03379,PLNT_03,03-12-2024,Rail,19.87,647.01
SHP_03380,PLNT_04,27-06-2026,Ocean Cargo,16.68,5727.95
SHP_03381,PLNT_04,17-05-2025,Heavy Truck,9.86,207.37
SHP_03382,PLNT_01,08-04-2024,Heavy Truck,1.67,102.59
SHP_03383,PLNT_04,06-12-2025,Heavy Truck,8.92,398.34
SHP_03384,PLNT_04,22-11-2026,Heavy Truck,3.32,86.23
SHP_03385,PLNT_03,03-12-2025,Heavy Truck,19.38,283.81
SHP_03386,PLNT_01,13-07-2024,Heavy Truck,10.1,795.4
SHP_03387,PLNT_03,15-02-2025,Heavy Truck,21.81,474.84
SHP_03388,PLNT_02,21-03-2024,Heavy Truck,3.8,107.68
SHP_03389,PLNT_03,10-10-2026,Heavy Truck,2.68,788.77
SHP_03390,PLNT_01,06-08-2026,Heavy Truck,9.52,149.58
SHP_03391,PLNT_02,23-04-2025,Ocean Cargo,17.05,6740.6
SHP_03392,PLNT_02,10-05-2026,Heavy Truck,15.88,157.79
SHP_03393,PLNT_03,23-09-2025,Heavy Truck,15.85,510.64
SHP_03394,PLNT_03,04-10-2024,Rail,8.54,417.84
SHP_03395,PLNT_02,17-12-2025,Ocean Cargo,10.28,10102.88
SHP_03396,PLNT_02,26-03-2026,Ocean Cargo,18.2,10957.62
SHP_03397,PLNT_05,13-12-2026,Air Freight,15.47,7724.16
SHP_03398,PLNT_01,01-02-2024,Ocean Cargo,21,8711.6
SHP_03399,PLNT_02,12-12-2024,Heavy Truck,10.93,633.45
SHP_03400,PLNT_02,08-07-2024,Heavy Truck,24.19,490.55
SHP_03401,PLNT_03,03-03-2025,Air Freight,13.38,7493.24
SHP_03402,PLNT_02,25-03-2024,Heavy Truck,11.79,237.8
SHP_03403,PLNT_03,20-07-2024,Heavy Truck,11.97,639.44
SHP_03404,PLNT_02,06-04-2025,Heavy Truck,10.85,291.01
SHP_03405,PLNT_02,21-02-2025,Heavy Truck,15.2,454.22
SHP_03406,PLNT_02,22-05-2025,Heavy Truck,6.41,537
SHP_03407,PLNT_05,20-06-2025,Ocean Cargo,12.4,1648.95
SHP_03408,PLNT_04,22-05-2025,Ocean Cargo,5.23,3642.62
SHP_03409,PLNT_02,17-11-2026,Ocean Cargo,3,6151.38
SHP_03410,PLNT_02,23-07-2026,Heavy Truck,7.57,314.85
SHP_03411,PLNT_04,16-02-2026,Heavy Truck,21.6,491.38
SHP_03412,PLNT_03,20-04-2024,Ocean Cargo,5.7,6133.82
SHP_03413,PLNT_02,09-09-2025,Ocean Cargo,18.82,10593.22
SHP_03414,PLNT_03,18-10-2026,Air Freight,9.2,6978.53
SHP_03415,PLNT_03,10-07-2026,Rail,10.64,466.24
SHP_03416,PLNT_02,27-11-2026,Heavy Truck,1.51,554
SHP_03417,PLNT_01,25-06-2024,Heavy Truck,6.25,270.84
SHP_03418,PLNT_05,12-03-2026,Heavy Truck,4.55,394.85
SHP_03419,PLNT_04,03-12-2026,Ocean Cargo,6.2,9980.61
SHP_03420,PLNT_04,03-05-2024,Ocean Cargo,11.08,7226.68
SHP_03421,PLNT_04,02-10-2026,Heavy Truck,4.52,324.95
SHP_03422,PLNT_03,06-09-2024,Heavy Truck,21.23,192.74
SHP_03423,PLNT_01,16-10-2025,Ocean Cargo,6.01,6585.45
SHP_03424,PLNT_03,12-01-2026,Heavy Truck,13.4,768.61
SHP_03425,PLNT_04,08-03-2025,Ocean Cargo,4.92,1773.85
SHP_03426,PLNT_04,17-11-2026,Heavy Truck,8.6,350.61
SHP_03427,PLNT_04,11-06-2024,Heavy Truck,22.26,796.07
SHP_03428,PLNT_01,15-05-2026,Heavy Truck,24.05,571.28
SHP_03429,PLNT_05,21-11-2025,Heavy Truck,20.26,370.43
SHP_03430,PLNT_05,16-05-2025,Rail,10.7,168.68
SHP_03431,PLNT_04,06-09-2025,Heavy Truck,24.64,316.4
SHP_03432,PLNT_01,05-12-2025,Heavy Truck,13.24,642.35
SHP_03433,PLNT_04,03-06-2024,Ocean Cargo,16.8,8804.45
SHP_03434,PLNT_05,04-05-2026,Ocean Cargo,6.75,5458.91
SHP_03435,PLNT_01,01-04-2026,Ocean Cargo,10.17,9150.86
SHP_03436,PLNT_03,12-03-2026,Ocean Cargo,2.12,10339.89
SHP_03437,PLNT_01,18-12-2025,Ocean Cargo,24.07,10695.14
SHP_03438,PLNT_01,26-10-2025,Ocean Cargo,10.42,2280.37
SHP_03439,PLNT_02,18-03-2024,Heavy Truck,22.89,771.21
SHP_03440,PLNT_04,21-09-2024,Heavy Truck,9.87,560.61
SHP_03441,PLNT_04,10-06-2024,Ocean Cargo,14.82,5545.47
SHP_03442,PLNT_05,05-05-2024,Heavy Truck,21.36,481
SHP_03443,PLNT_01,11-09-2025,Heavy Truck,3.29,457.19
SHP_03444,PLNT_02,20-11-2024,Heavy Truck,8.66,504.89
SHP_03445,PLNT_05,12-06-2025,Ocean Cargo,22.65,7065.2
SHP_03446,PLNT_04,05-02-2024,Ocean Cargo,17.77,773.76
SHP_03447,PLNT_01,07-04-2024,Heavy Truck,19.87,465.42
SHP_03448,PLNT_03,05-03-2025,Rail,14.16,552.09
SHP_03449,PLNT_01,18-08-2024,Ocean Cargo,11.95,11378.73
SHP_03450,PLNT_02,15-01-2026,Ocean Cargo,13.33,3129.41
SHP_03451,PLNT_02,16-09-2026,Heavy Truck,10.83,156.19
SHP_03452,PLNT_05,14-07-2025,Ocean Cargo,23.73,3361.58
SHP_03453,PLNT_01,22-04-2024,Rail,14.9,286.11
SHP_03454,PLNT_04,19-08-2024,Rail,18.71,367.37
SHP_03455,PLNT_01,19-10-2026,Heavy Truck,14.38,459.04
SHP_03456,PLNT_02,11-02-2025,Ocean Cargo,18.8,11523.85
SHP_03457,PLNT_02,07-08-2025,Rail,22.45,230.98
SHP_03458,PLNT_01,26-05-2025,Heavy Truck,12.77,720.13
SHP_03459,PLNT_03,22-06-2026,Heavy Truck,7.57,183.03
SHP_03460,PLNT_05,03-10-2026,Heavy Truck,14.98,254.63
SHP_03461,PLNT_02,16-10-2024,Ocean Cargo,15.39,3006.35
SHP_03462,PLNT_04,14-02-2026,Heavy Truck,10.81,673.75
SHP_03463,PLNT_01,09-07-2026,Rail,19.53,172.97
SHP_03464,PLNT_04,09-11-2025,Ocean Cargo,13.46,6698.32
SHP_03465,PLNT_01,16-05-2026,Heavy Truck,8.79,167.24
SHP_03466,PLNT_05,19-06-2026,Heavy Truck,1.59,191.86
SHP_03467,PLNT_05,26-07-2024,Heavy Truck,3.51,166.94
SHP_03468,PLNT_05,01-05-2025,Air Freight,22.42,3206.95
SHP_03469,PLNT_05,07-11-2026,Ocean Cargo,16.41,7976.11
SHP_03470,PLNT_04,08-02-2024,Ocean Cargo,15.11,10199.23
SHP_03471,PLNT_05,08-10-2025,Rail,17.06,735.54
SHP_03472,PLNT_02,24-03-2025,Air Freight,10.38,4072.31
SHP_03473,PLNT_04,12-08-2025,Ocean Cargo,20.19,3193.44
SHP_03474,PLNT_05,17-03-2026,Ocean Cargo,4.24,4521.21
SHP_03475,PLNT_03,09-09-2025,Ocean Cargo,22.6,7800.76
SHP_03476,PLNT_05,05-06-2025,Ocean Cargo,16.68,8230.53
SHP_03477,PLNT_01,16-12-2026,Heavy Truck,19.77,196.6
SHP_03478,PLNT_01,16-03-2026,Heavy Truck,4.51,518.1
SHP_03479,PLNT_05,26-11-2026,Ocean Cargo,20.47,8050.88
SHP_03480,PLNT_02,12-11-2026,Ocean Cargo,19.74,10298.3
SHP_03481,PLNT_02,17-05-2026,Heavy Truck,5.83,265.27
SHP_03482,PLNT_05,25-05-2026,Ocean Cargo,21.31,11963.44
SHP_03483,PLNT_04,04-05-2026,Ocean Cargo,16.83,3546.74
SHP_03484,PLNT_04,12-07-2025,Rail,8.48,519.6
SHP_03485,PLNT_03,03-04-2024,Heavy Truck,8.51,62.37
SHP_03486,PLNT_03,01-02-2024,Ocean Cargo,21.04,3433.33
SHP_03487,PLNT_03,27-05-2024,Heavy Truck,13.68,224.41
SHP_03488,PLNT_03,21-02-2025,Heavy Truck,3.5,314.14
SHP_03489,PLNT_03,05-07-2026,Ocean Cargo,7.95,9892.72
SHP_03490,PLNT_02,22-03-2026,Heavy Truck,2.65,789.15
SHP_03491,PLNT_05,26-02-2024,Heavy Truck,8.31,388.12
SHP_03492,PLNT_02,14-07-2024,Heavy Truck,23.33,262.74
SHP_03493,PLNT_05,20-01-2024,Rail,18.09,267.99
SHP_03494,PLNT_05,25-03-2024,Ocean Cargo,14.94,10621.5
SHP_03495,PLNT_01,11-08-2024,Ocean Cargo,3.86,6184.33
SHP_03496,PLNT_05,08-05-2024,Heavy Truck,17.28,675.44
SHP_03497,PLNT_03,14-07-2024,Rail,2.16,413.28
SHP_03498,PLNT_03,16-06-2026,Heavy Truck,2.7,149.92
SHP_03499,PLNT_01,21-02-2024,Ocean Cargo,16.77,6533.92
SHP_03500,PLNT_05,16-07-2024,Heavy Truck,6.38,258.55
SHP_03501,PLNT_02,13-07-2025,Ocean Cargo,24.48,1028.79
SHP_03502,PLNT_05,24-07-2026,Rail,1.94,156.05
SHP_03503,PLNT_01,19-05-2026,Air Freight,22.68,6091.05
SHP_03504,PLNT_03,19-05-2025,Rail,7.79,750.29
SHP_03505,PLNT_01,12-09-2026,Heavy Truck,10.15,679.77
SHP_03506,PLNT_03,13-04-2024,Heavy Truck,4.94,336.89
SHP_03507,PLNT_05,22-09-2025,Heavy Truck,20.28,502.61
SHP_03508,PLNT_01,26-10-2024,Ocean Cargo,4.22,8282.49
SHP_03509,PLNT_05,11-12-2026,Heavy Truck,7.32,709.6
SHP_03510,PLNT_04,22-09-2024,Ocean Cargo,3.72,3515.59
SHP_03511,PLNT_03,05-01-2026,Heavy Truck,9.76,127.4
SHP_03512,PLNT_05,17-07-2024,Rail,17.27,385.75
SHP_03513,PLNT_03,03-08-2024,Heavy Truck,13.36,782.69
SHP_03514,PLNT_04,19-06-2024,Heavy Truck,17.13,786.91
SHP_03515,PLNT_05,08-03-2026,Ocean Cargo,22.75,8333.22
SHP_03516,PLNT_03,03-11-2026,Ocean Cargo,23.96,1344.78
SHP_03517,PLNT_02,13-12-2026,Heavy Truck,16.64,491.21
SHP_03518,PLNT_04,09-12-2025,Heavy Truck,12.92,402.31
SHP_03519,PLNT_05,01-02-2026,Ocean Cargo,20.28,4488.35
SHP_03520,PLNT_03,09-09-2025,Heavy Truck,24.03,61.25
SHP_03521,PLNT_01,03-12-2025,Rail,13.09,367.01
SHP_03522,PLNT_01,23-09-2025,Heavy Truck,4.03,436.52
SHP_03523,PLNT_02,04-04-2024,Ocean Cargo,22.43,7798.85
SHP_03524,PLNT_03,21-02-2026,Ocean Cargo,3.4,429.56
SHP_03525,PLNT_03,20-02-2024,Ocean Cargo,5.74,6951.22
SHP_03526,PLNT_05,23-02-2024,Heavy Truck,22.88,325.21
SHP_03527,PLNT_02,12-08-2024,Rail,14.8,611.94
SHP_03528,PLNT_04,04-03-2025,Ocean Cargo,21.45,5941.46
SHP_03529,PLNT_05,07-01-2026,Ocean Cargo,8.58,4161.33
SHP_03530,PLNT_03,13-05-2025,Ocean Cargo,15.22,9404.93
SHP_03531,PLNT_03,19-12-2024,Heavy Truck,19.4,687.47
SHP_03532,PLNT_01,12-03-2025,Air Freight,11.81,8158.48
SHP_03533,PLNT_04,05-01-2026,Heavy Truck,8.13,187.48
SHP_03534,PLNT_03,23-09-2026,Air Freight,21.59,1122.06
SHP_03535,PLNT_03,22-04-2026,Heavy Truck,13.27,133.82
SHP_03536,PLNT_05,07-05-2026,Heavy Truck,2.3,587.12
SHP_03537,PLNT_04,21-06-2025,Heavy Truck,4.2,635.89
SHP_03538,PLNT_01,22-03-2026,Ocean Cargo,20.11,10396.2
SHP_03539,PLNT_04,05-02-2024,Ocean Cargo,11.29,5005.09
SHP_03540,PLNT_02,14-04-2024,Heavy Truck,9.55,268.62
SHP_03541,PLNT_05,27-09-2026,Heavy Truck,20.12,578.65
SHP_03542,PLNT_03,11-09-2026,Heavy Truck,5.79,257.36
SHP_03543,PLNT_03,27-10-2025,Rail,16.37,343.67
SHP_03544,PLNT_04,03-12-2024,Ocean Cargo,23.78,5758.35
SHP_03545,PLNT_01,17-11-2025,Heavy Truck,7.22,550.14
SHP_03546,PLNT_03,15-11-2025,Heavy Truck,10.29,788.1
SHP_03547,PLNT_03,03-04-2025,Ocean Cargo,21.66,317.72
SHP_03548,PLNT_02,18-10-2025,Heavy Truck,17.12,404.88
SHP_03549,PLNT_03,06-07-2025,Ocean Cargo,11.23,8984.56
SHP_03550,PLNT_02,01-04-2024,Heavy Truck,14.59,562.29
SHP_03551,PLNT_03,09-01-2025,Heavy Truck,13.92,227.29
SHP_03552,PLNT_05,18-01-2024,Heavy Truck,2.43,318.55
SHP_03553,PLNT_05,03-01-2024,Heavy Truck,9.78,515.21
SHP_03554,PLNT_04,22-09-2026,Ocean Cargo,12.49,2454.54
SHP_03555,PLNT_01,26-03-2026,Ocean Cargo,22.61,4880.69
SHP_03556,PLNT_03,22-10-2024,Heavy Truck,6.59,402.79
SHP_03557,PLNT_03,11-07-2025,Heavy Truck,18.75,553.63
SHP_03558,PLNT_02,27-05-2026,Heavy Truck,7.83,306.25
SHP_03559,PLNT_03,03-07-2026,Heavy Truck,17.47,761.18
SHP_03560,PLNT_01,21-12-2025,Ocean Cargo,18.69,8923.59
SHP_03561,PLNT_05,05-03-2025,Heavy Truck,5.91,461.19
SHP_03562,PLNT_03,26-06-2025,Ocean Cargo,22.27,2726.88
SHP_03563,PLNT_03,13-07-2025,Ocean Cargo,7.28,9001.61
SHP_03564,PLNT_03,20-12-2026,Ocean Cargo,5.57,6640.48
SHP_03565,PLNT_04,24-02-2026,Heavy Truck,12.97,438.55
SHP_03566,PLNT_04,23-09-2024,Ocean Cargo,6.17,4794.55
SHP_03567,PLNT_03,08-04-2024,Heavy Truck,22.16,633.36
SHP_03568,PLNT_05,26-02-2026,Ocean Cargo,22.07,6527.23
SHP_03569,PLNT_03,06-03-2024,Ocean Cargo,24.08,5943.26
SHP_03570,PLNT_01,12-12-2026,Ocean Cargo,8.37,808.62
SHP_03571,PLNT_05,01-06-2024,Rail,12.6,543.01
SHP_03572,PLNT_04,18-04-2026,Heavy Truck,22.62,491.18
SHP_03573,PLNT_01,07-03-2024,Heavy Truck,22.16,707.18
SHP_03574,PLNT_04,09-11-2024,Heavy Truck,11.22,353.48
SHP_03575,PLNT_05,16-05-2025,Ocean Cargo,13.43,4924.28
SHP_03576,PLNT_03,16-10-2026,Heavy Truck,18.72,130.61
SHP_03577,PLNT_04,02-09-2026,Ocean Cargo,10.76,581.46
SHP_03578,PLNT_04,07-05-2025,Heavy Truck,14.98,364.83
SHP_03579,PLNT_02,08-02-2026,Heavy Truck,15.36,701.15
SHP_03580,PLNT_05,24-02-2026,Ocean Cargo,5.54,9275.34
SHP_03581,PLNT_05,26-04-2026,Heavy Truck,11.63,677.77
SHP_03582,PLNT_05,09-06-2026,Heavy Truck,23.84,168.61
SHP_03583,PLNT_02,09-03-2026,Heavy Truck,16.27,78.65
SHP_03584,PLNT_05,23-12-2026,Ocean Cargo,8.32,3203.42
SHP_03585,PLNT_02,27-12-2025,Heavy Truck,16.3,182.97
SHP_03586,PLNT_01,21-11-2026,Air Freight,14.95,2557.24
SHP_03587,PLNT_01,21-08-2026,Ocean Cargo,8.3,8683.79
SHP_03588,PLNT_04,03-02-2026,Heavy Truck,14.47,623.84
SHP_03589,PLNT_03,23-01-2026,Heavy Truck,17.01,461.49
SHP_03590,PLNT_04,26-09-2025,Heavy Truck,8.84,736.72
SHP_03591,PLNT_05,12-08-2025,Heavy Truck,7.46,481.13
SHP_03592,PLNT_02,18-01-2025,Ocean Cargo,19.49,10749.53
SHP_03593,PLNT_05,01-03-2026,Heavy Truck,16.49,451.87
SHP_03594,PLNT_03,02-10-2026,Ocean Cargo,9.3,5192.73
SHP_03595,PLNT_04,13-02-2024,Heavy Truck,10.14,729.03
SHP_03596,PLNT_01,15-03-2024,Ocean Cargo,13.87,732.01
SHP_03597,PLNT_02,13-10-2024,Ocean Cargo,1.95,10428.93
SHP_03598,PLNT_05,01-02-2026,Ocean Cargo,24.2,3760.35
SHP_03599,PLNT_01,03-10-2024,Heavy Truck,7.86,318.74
SHP_03600,PLNT_05,02-03-2025,Ocean Cargo,4.62,7019.88
SHP_03601,PLNT_05,02-02-2025,Heavy Truck,16.36,478.58
SHP_03602,PLNT_03,17-07-2025,Heavy Truck,12.01,183.93
SHP_03603,PLNT_01,19-09-2025,Rail,8.08,92.06
SHP_03604,PLNT_01,15-05-2026,Ocean Cargo,24.06,6781.85
SHP_03605,PLNT_05,03-07-2024,Ocean Cargo,21.79,7055.7
SHP_03606,PLNT_02,25-06-2025,Rail,17.45,363
SHP_03607,PLNT_03,14-11-2024,Heavy Truck,19.51,437.05
SHP_03608,PLNT_03,14-01-2024,Heavy Truck,22.5,298.83
SHP_03609,PLNT_04,18-12-2025,Heavy Truck,2.89,675.05
SHP_03610,PLNT_05,26-02-2026,Air Freight,22.08,9192.47
SHP_03611,PLNT_04,21-08-2025,Ocean Cargo,17.26,784.96
SHP_03612,PLNT_02,12-11-2024,Rail,16.91,434.06
SHP_03613,PLNT_02,17-10-2024,Air Freight,8.17,10387.25
SHP_03614,PLNT_03,18-12-2026,Heavy Truck,13.26,498.59
SHP_03615,PLNT_04,06-01-2026,Air Freight,9.62,4499.03
SHP_03616,PLNT_01,19-06-2024,Heavy Truck,23.77,559.91
SHP_03617,PLNT_01,14-06-2026,Heavy Truck,15.07,436.83
SHP_03618,PLNT_05,19-06-2024,Heavy Truck,18.18,279.92
SHP_03619,PLNT_01,02-06-2025,Heavy Truck,6.62,517.9
SHP_03620,PLNT_02,08-04-2025,Ocean Cargo,10.7,3391.41
SHP_03621,PLNT_02,10-01-2026,Ocean Cargo,6.22,3448.97
SHP_03622,PLNT_01,21-07-2024,Ocean Cargo,11.31,5592.23
SHP_03623,PLNT_04,27-02-2026,Ocean Cargo,10.35,4387.44
SHP_03624,PLNT_01,08-12-2025,Rail,10.49,202.16
SHP_03625,PLNT_03,13-04-2024,Heavy Truck,23.78,673.78
SHP_03626,PLNT_03,18-03-2025,Heavy Truck,16.52,146.3
SHP_03627,PLNT_05,18-01-2024,Heavy Truck,23.16,506.59
SHP_03628,PLNT_02,11-08-2024,Heavy Truck,23.74,308.45
SHP_03629,PLNT_03,26-02-2026,Ocean Cargo,9.27,8959.62
SHP_03630,PLNT_03,14-08-2024,Rail,21.96,753.87
SHP_03631,PLNT_04,13-12-2026,Heavy Truck,10.3,798.88
SHP_03632,PLNT_05,12-12-2024,Ocean Cargo,7.46,10957.27
SHP_03633,PLNT_01,18-09-2025,Heavy Truck,11.38,708.7
SHP_03634,PLNT_02,07-05-2026,Ocean Cargo,10.82,7665.61
SHP_03635,PLNT_04,10-06-2026,Ocean Cargo,2.27,2588.55
SHP_03636,PLNT_05,04-08-2025,Ocean Cargo,15.62,10035.22
SHP_03637,PLNT_03,27-06-2024,Heavy Truck,14.16,172.05
SHP_03638,PLNT_02,03-04-2025,Ocean Cargo,13.57,1675.13
SHP_03639,PLNT_05,21-08-2026,Ocean Cargo,8.89,11974.02
SHP_03640,PLNT_03,06-12-2026,Rail,3.77,201.92
SHP_03641,PLNT_05,07-08-2026,Heavy Truck,23.34,580.02
SHP_03642,PLNT_05,02-09-2025,Ocean Cargo,12.78,2596.52
SHP_03643,PLNT_05,07-01-2025,Ocean Cargo,19.92,5250.99
SHP_03644,PLNT_01,13-01-2025,Heavy Truck,3.29,593.05
SHP_03645,PLNT_03,25-08-2025,Ocean Cargo,9.08,9985.65
SHP_03646,PLNT_03,07-09-2026,Heavy Truck,3.22,390.79
SHP_03647,PLNT_03,07-03-2025,Ocean Cargo,21.03,3411.62
SHP_03648,PLNT_01,27-02-2024,Heavy Truck,9.78,743.92
SHP_03649,PLNT_05,08-01-2025,Heavy Truck,4.07,97.17
SHP_03650,PLNT_01,19-04-2025,Ocean Cargo,6.65,5588.77
SHP_03651,PLNT_03,10-10-2024,Ocean Cargo,1.51,4923.42
SHP_03652,PLNT_02,24-08-2024,Heavy Truck,11.54,257.29
SHP_03653,PLNT_02,18-10-2026,Heavy Truck,19.57,650.39
SHP_03654,PLNT_05,20-08-2026,Heavy Truck,6.01,260.45
SHP_03655,PLNT_02,24-12-2025,Rail,14.74,765.54
SHP_03656,PLNT_01,19-08-2024,Heavy Truck,22.8,684.33
SHP_03657,PLNT_03,02-06-2025,Heavy Truck,4.13,708.86
SHP_03658,PLNT_05,13-03-2026,Heavy Truck,7.71,658.62
SHP_03659,PLNT_01,08-09-2024,Heavy Truck,24.75,65.78
SHP_03660,PLNT_04,12-10-2025,Ocean Cargo,17.81,4414.27
SHP_03661,PLNT_05,24-06-2024,Ocean Cargo,9.46,3378.54
SHP_03662,PLNT_04,25-01-2025,Heavy Truck,7.41,734.62
SHP_03663,PLNT_03,01-09-2026,Ocean Cargo,16.47,9310.47
SHP_03664,PLNT_04,17-10-2026,Ocean Cargo,11.56,9221.58
SHP_03665,PLNT_01,16-10-2025,Rail,8.44,750.5
SHP_03666,PLNT_01,14-11-2025,Ocean Cargo,6.47,5888.47
SHP_03667,PLNT_05,10-08-2024,Ocean Cargo,14,8639.52
SHP_03668,PLNT_05,12-10-2026,Ocean Cargo,14.92,8201.13
SHP_03669,PLNT_02,15-04-2026,Heavy Truck,22.05,755.16
SHP_03670,PLNT_03,25-01-2024,Ocean Cargo,4.34,1378.34
SHP_03671,PLNT_03,07-10-2026,Ocean Cargo,24.95,7000.27
SHP_03672,PLNT_01,10-01-2026,Heavy Truck,7.03,657.56
SHP_03673,PLNT_03,04-10-2024,Heavy Truck,8.94,538.69
SHP_03674,PLNT_05,09-12-2024,Heavy Truck,18.57,653.39
SHP_03675,PLNT_01,09-08-2026,Ocean Cargo,4.15,5725.81
SHP_03676,PLNT_02,17-06-2024,Heavy Truck,21.38,185.86
SHP_03677,PLNT_01,11-06-2025,Heavy Truck,1.56,380.11
SHP_03678,PLNT_02,17-09-2026,Ocean Cargo,9.2,8007.14
SHP_03679,PLNT_02,15-04-2025,Ocean Cargo,18.47,3821.21
SHP_03680,PLNT_05,19-02-2026,Ocean Cargo,19.83,11709.66
SHP_03681,PLNT_01,08-08-2025,Ocean Cargo,14.41,4622.55
SHP_03682,PLNT_05,24-05-2025,Ocean Cargo,14.03,655.67
SHP_03683,PLNT_01,22-11-2025,Heavy Truck,5.12,793.28
SHP_03684,PLNT_05,14-12-2026,Heavy Truck,15.71,191.77
SHP_03685,PLNT_02,26-03-2025,Ocean Cargo,13.66,7623.64
SHP_03686,PLNT_04,17-07-2024,Ocean Cargo,23.72,6992.78
SHP_03687,PLNT_01,22-05-2024,Heavy Truck,6.46,767.14
SHP_03688,PLNT_01,05-01-2026,Heavy Truck,14.08,593.27
SHP_03689,PLNT_04,14-02-2024,Heavy Truck,6.4,218.8
SHP_03690,PLNT_04,05-12-2026,Ocean Cargo,8.59,5395.83
SHP_03691,PLNT_01,13-12-2025,Ocean Cargo,24.05,8858.74
SHP_03692,PLNT_05,21-03-2025,Ocean Cargo,12.65,2700.32
SHP_03693,PLNT_04,12-06-2025,Ocean Cargo,21.04,266.06
SHP_03694,PLNT_03,11-10-2026,Ocean Cargo,18.5,1586.93
SHP_03695,PLNT_02,09-05-2024,Rail,10.39,651.11
SHP_03696,PLNT_01,24-12-2026,Heavy Truck,16.99,749.89
SHP_03697,PLNT_05,07-08-2026,Heavy Truck,4.13,402.33
SHP_03698,PLNT_04,15-04-2026,Ocean Cargo,17.01,4982.86
SHP_03699,PLNT_05,15-12-2026,Rail,15.84,706.77
SHP_03700,PLNT_03,27-11-2024,Ocean Cargo,11.7,5804.91
SHP_03701,PLNT_05,06-11-2025,Ocean Cargo,9.33,4081.1
SHP_03702,PLNT_04,07-04-2026,Heavy Truck,6.62,107.28
SHP_03703,PLNT_03,14-09-2025,Ocean Cargo,23.63,10677.76
SHP_03704,PLNT_03,13-06-2024,Ocean Cargo,10.98,5865.16
SHP_03705,PLNT_05,21-08-2025,Ocean Cargo,8.5,2142.37
SHP_03706,PLNT_02,27-05-2024,Ocean Cargo,4.98,4523.59
SHP_03707,PLNT_01,09-05-2026,Heavy Truck,3.06,276.33
SHP_03708,PLNT_05,27-12-2024,Ocean Cargo,14.17,4788.17
SHP_03709,PLNT_01,06-02-2025,Heavy Truck,14.81,358.04
SHP_03710,PLNT_05,03-06-2024,Ocean Cargo,10.16,3652.78
SHP_03711,PLNT_02,11-12-2025,Heavy Truck,24.39,160.66
SHP_03712,PLNT_03,22-06-2024,Ocean Cargo,20.77,6713.99
SHP_03713,PLNT_01,05-02-2024,Heavy Truck,12.94,427.62
SHP_03714,PLNT_03,03-04-2025,Ocean Cargo,11.77,1668.67
SHP_03715,PLNT_04,15-11-2025,Heavy Truck,18.01,139.23
SHP_03716,PLNT_03,04-02-2024,Ocean Cargo,7.2,10517.03
SHP_03717,PLNT_04,02-11-2026,Ocean Cargo,23.92,4994.78
SHP_03718,PLNT_05,02-08-2024,Heavy Truck,14.79,602.86
SHP_03719,PLNT_03,02-03-2026,Heavy Truck,5.87,681.6
SHP_03720,PLNT_02,18-12-2026,Ocean Cargo,21.21,6008.34
SHP_03721,PLNT_05,13-12-2024,Ocean Cargo,20.23,7205.79
SHP_03722,PLNT_04,17-03-2024,Ocean Cargo,13.42,522.6
SHP_03723,PLNT_02,07-10-2026,Heavy Truck,11.75,269.06
SHP_03724,PLNT_02,22-12-2025,Heavy Truck,15.96,526.04
SHP_03725,PLNT_01,10-04-2026,Heavy Truck,5.71,325.41
SHP_03726,PLNT_01,14-11-2026,Heavy Truck,5.03,53
SHP_03727,PLNT_01,23-01-2024,Rail,16.45,62.52
SHP_03728,PLNT_03,02-12-2024,Heavy Truck,7.35,218.83
SHP_03729,PLNT_03,27-10-2024,Ocean Cargo,20.42,763.71
SHP_03730,PLNT_05,01-10-2024,Air Freight,10.2,6213.72
SHP_03731,PLNT_05,22-07-2024,Heavy Truck,1.73,591.58
SHP_03732,PLNT_03,14-11-2025,Ocean Cargo,4.98,7713.75
SHP_03733,PLNT_02,26-06-2024,Heavy Truck,20.58,114.69
SHP_03734,PLNT_04,08-09-2025,Heavy Truck,6.73,739.88
SHP_03735,PLNT_01,06-05-2026,Heavy Truck,4.35,232.73
SHP_03736,PLNT_02,10-10-2025,Ocean Cargo,16.74,2800.39
SHP_03737,PLNT_04,17-06-2025,Heavy Truck,7.12,431.35
SHP_03738,PLNT_04,07-10-2025,Ocean Cargo,17.42,7102
SHP_03739,PLNT_01,12-04-2024,Rail,15.52,297.36
SHP_03740,PLNT_01,11-03-2026,Heavy Truck,22.48,92.49
SHP_03741,PLNT_05,09-09-2026,Heavy Truck,20.99,753.55
SHP_03742,PLNT_02,05-05-2025,Ocean Cargo,17.68,2869.42
SHP_03743,PLNT_02,03-11-2024,Ocean Cargo,17.22,10957.34
SHP_03744,PLNT_05,06-11-2025,Ocean Cargo,11.55,10700.93
SHP_03745,PLNT_02,24-06-2025,Ocean Cargo,18.72,1273.56
SHP_03746,PLNT_05,16-03-2025,Ocean Cargo,11.56,3256.56
SHP_03747,PLNT_05,04-11-2025,Ocean Cargo,1.62,7561.21
SHP_03748,PLNT_02,15-04-2026,Heavy Truck,11.33,104.06
SHP_03749,PLNT_04,27-03-2024,Rail,22.64,670.16
SHP_03750,PLNT_01,18-12-2026,Rail,5.16,740.2
SHP_03751,PLNT_04,07-06-2026,Heavy Truck,16.25,185.92
SHP_03752,PLNT_05,03-12-2025,Ocean Cargo,24.58,9846.29
SHP_03753,PLNT_05,11-04-2026,Ocean Cargo,11.15,11082.48
SHP_03754,PLNT_05,12-03-2024,Air Freight,11.45,2742.14
SHP_03755,PLNT_01,24-01-2024,Ocean Cargo,11.79,4252.84
SHP_03756,PLNT_02,05-11-2026,Ocean Cargo,11.07,9794.94
SHP_03757,PLNT_01,11-01-2026,Ocean Cargo,6.3,10693.62
SHP_03758,PLNT_05,12-07-2024,Ocean Cargo,5.05,9950.87
SHP_03759,PLNT_01,09-01-2026,Heavy Truck,7.44,581.97
SHP_03760,PLNT_01,13-08-2026,Heavy Truck,20.57,668.09
SHP_03761,PLNT_04,26-10-2025,Heavy Truck,23.8,706.77
SHP_03762,PLNT_04,03-02-2024,Heavy Truck,1.63,375.09
SHP_03763,PLNT_05,06-05-2026,Ocean Cargo,9.24,4580.14
SHP_03764,PLNT_03,01-09-2025,Rail,22.19,623.86
SHP_03765,PLNT_01,09-01-2026,Rail,5.28,288.96
SHP_03766,PLNT_02,07-11-2026,Heavy Truck,15.26,139.13
SHP_03767,PLNT_01,02-10-2025,Heavy Truck,8.92,177.66
SHP_03768,PLNT_01,03-07-2026,Air Freight,17.39,9583.86
SHP_03769,PLNT_02,17-08-2024,Ocean Cargo,1.57,11291.52
SHP_03770,PLNT_05,14-06-2025,Ocean Cargo,12.05,11256.89
SHP_03771,PLNT_02,25-04-2025,Heavy Truck,3.47,310.39
SHP_03772,PLNT_04,01-01-2025,Ocean Cargo,22.33,8602.4
SHP_03773,PLNT_04,21-06-2024,Heavy Truck,7.76,616.42
SHP_03774,PLNT_05,24-02-2026,Ocean Cargo,6.19,7167.65
SHP_03775,PLNT_01,15-02-2025,Heavy Truck,6.24,717.77
SHP_03776,PLNT_01,15-12-2025,Ocean Cargo,18.55,3315.69
SHP_03777,PLNT_04,25-12-2025,Ocean Cargo,15.76,10822.87
SHP_03778,PLNT_01,15-12-2025,Ocean Cargo,5.67,5835.45
SHP_03779,PLNT_01,09-01-2025,Ocean Cargo,8.55,10591.23
SHP_03780,PLNT_05,18-12-2026,Heavy Truck,4.68,369.51
SHP_03781,PLNT_05,04-09-2024,Rail,16.97,265.67
SHP_03782,PLNT_02,04-11-2024,Heavy Truck,8.57,438.39
SHP_03783,PLNT_03,17-01-2024,Ocean Cargo,5.58,9028.36
SHP_03784,PLNT_02,08-08-2026,Ocean Cargo,8.28,2330.04
SHP_03785,PLNT_02,21-06-2026,Rail,22.02,686.89
SHP_03786,PLNT_03,12-06-2026,Ocean Cargo,14.26,6462.51
SHP_03787,PLNT_02,26-10-2025,Ocean Cargo,24.28,11445.27
SHP_03788,PLNT_03,01-11-2024,Heavy Truck,7.85,597.26
SHP_03789,PLNT_05,22-06-2026,Ocean Cargo,23.15,6882.06
SHP_03790,PLNT_05,11-12-2026,Heavy Truck,18.51,422.45
SHP_03791,PLNT_04,01-06-2026,Heavy Truck,9.74,316.87
SHP_03792,PLNT_05,10-04-2024,Ocean Cargo,12.18,11517.62
SHP_03793,PLNT_05,27-11-2026,Ocean Cargo,19.4,4764.19
SHP_03794,PLNT_03,02-10-2026,Rail,15.37,262.36
SHP_03795,PLNT_02,09-12-2025,Rail,11.79,295.8
SHP_03796,PLNT_03,04-03-2025,Ocean Cargo,19.79,9952.64
SHP_03797,PLNT_03,14-02-2026,Ocean Cargo,17.25,8595.65
SHP_03798,PLNT_04,27-05-2024,Heavy Truck,3.83,148.81
SHP_03799,PLNT_03,15-01-2024,Ocean Cargo,16.78,2631.41
SHP_03800,PLNT_01,16-01-2026,Heavy Truck,2.19,759.76
SHP_03801,PLNT_01,24-07-2024,Ocean Cargo,3.47,5701.09
SHP_03802,PLNT_02,02-11-2024,Air Freight,10.72,10878.93
SHP_03803,PLNT_04,13-12-2025,Heavy Truck,10.19,617.59
SHP_03804,PLNT_01,15-11-2025,Heavy Truck,22.54,206.21
SHP_03805,PLNT_03,15-05-2024,Heavy Truck,17.45,52.22
SHP_03806,PLNT_03,11-08-2025,Heavy Truck,7.28,166.02
SHP_03807,PLNT_03,11-01-2025,Rail,20.14,781
SHP_03808,PLNT_05,07-07-2025,Ocean Cargo,10.88,11097.44
SHP_03809,PLNT_01,03-09-2024,Ocean Cargo,1.81,5451.17
SHP_03810,PLNT_02,02-07-2026,Heavy Truck,18.12,184.48
SHP_03811,PLNT_03,05-10-2026,Heavy Truck,20.28,787.91
SHP_03812,PLNT_03,08-05-2024,Ocean Cargo,10.53,100.35
SHP_03813,PLNT_05,06-09-2025,Ocean Cargo,24.64,5045.84
SHP_03814,PLNT_03,26-09-2024,Ocean Cargo,2.38,7621.54
SHP_03815,PLNT_03,09-06-2026,Rail,18.16,683.92
SHP_03816,PLNT_02,12-12-2026,Heavy Truck,20.8,435.1
SHP_03817,PLNT_05,13-08-2026,Ocean Cargo,20.02,8561.9
SHP_03818,PLNT_03,20-05-2026,Ocean Cargo,1.91,11422.58
SHP_03819,PLNT_03,02-05-2024,Heavy Truck,9.03,334.44
SHP_03820,PLNT_05,17-02-2024,Ocean Cargo,5.23,3823.52
SHP_03821,PLNT_04,11-11-2025,Heavy Truck,13.48,514.83
SHP_03822,PLNT_05,01-09-2024,Heavy Truck,5.32,635.14
SHP_03823,PLNT_05,09-05-2024,Heavy Truck,3.65,452.01
SHP_03824,PLNT_04,22-07-2024,Ocean Cargo,13.72,7954.71
SHP_03825,PLNT_03,23-09-2025,Ocean Cargo,11.69,3395.47
SHP_03826,PLNT_03,20-03-2025,Rail,22.68,760.6
SHP_03827,PLNT_04,22-03-2026,Ocean Cargo,4.3,1984.38
SHP_03828,PLNT_04,26-11-2025,Heavy Truck,19.04,91.24
SHP_03829,PLNT_05,01-07-2024,Ocean Cargo,10.89,2966.52
SHP_03830,PLNT_05,08-05-2025,Ocean Cargo,7.81,198.98
SHP_03831,PLNT_01,21-11-2024,Heavy Truck,3.4,109.5
SHP_03832,PLNT_04,22-03-2025,Rail,14.14,551.85
SHP_03833,PLNT_01,03-07-2026,Air Freight,2.05,8092.98
SHP_03834,PLNT_05,27-11-2024,Heavy Truck,23.19,757.41
SHP_03835,PLNT_04,05-01-2025,Ocean Cargo,5.57,9357.14
SHP_03836,PLNT_02,16-06-2024,Ocean Cargo,19.09,11825.25
SHP_03837,PLNT_02,20-07-2025,Ocean Cargo,14.31,4439.79
SHP_03838,PLNT_04,11-01-2026,Ocean Cargo,12.11,3763.06
SHP_03839,PLNT_04,23-01-2025,Heavy Truck,6.27,644.15
SHP_03840,PLNT_01,04-02-2025,Heavy Truck,7.66,645.33
SHP_03841,PLNT_03,24-03-2025,Ocean Cargo,14.64,5506.56
SHP_03842,PLNT_01,23-04-2026,Heavy Truck,6.6,91.72
SHP_03843,PLNT_02,08-02-2025,Heavy Truck,21.09,220.68
SHP_03844,PLNT_02,12-11-2025,Rail,4.71,514.19
SHP_03845,PLNT_05,13-05-2026,Ocean Cargo,14.56,5887.25
SHP_03846,PLNT_04,17-08-2025,Ocean Cargo,23.3,11173.76
SHP_03847,PLNT_04,03-11-2024,Ocean Cargo,1.8,10305.97
SHP_03848,PLNT_03,09-07-2024,Ocean Cargo,21.42,1049.57
SHP_03849,PLNT_03,26-08-2026,Ocean Cargo,16.07,5259.16
SHP_03850,PLNT_03,10-02-2026,Ocean Cargo,1.62,2778.91
SHP_03851,PLNT_05,17-06-2026,Ocean Cargo,4.72,483.33
SHP_03852,PLNT_03,18-12-2026,Ocean Cargo,4.68,2823.69
SHP_03853,PLNT_01,02-02-2026,Ocean Cargo,4.55,2982.41
SHP_03854,PLNT_03,03-03-2025,Heavy Truck,14.08,149.96
SHP_03855,PLNT_01,22-04-2025,Rail,6.46,316.05
SHP_03856,PLNT_02,03-06-2025,Ocean Cargo,5.18,9514.8
SHP_03857,PLNT_01,03-06-2026,Ocean Cargo,8.07,5895.21
SHP_03858,PLNT_03,18-11-2026,Heavy Truck,14.78,159.38
SHP_03859,PLNT_02,05-01-2026,Ocean Cargo,4.18,3170.46
SHP_03860,PLNT_03,09-02-2024,Rail,9.31,687.57
SHP_03861,PLNT_03,25-04-2024,Heavy Truck,3.46,383.14
SHP_03862,PLNT_02,04-02-2024,Heavy Truck,18.04,273.69
SHP_03863,PLNT_02,17-06-2025,Heavy Truck,7.13,549.52
SHP_03864,PLNT_05,24-01-2025,Ocean Cargo,13.76,8536.28
SHP_03865,PLNT_03,26-04-2024,Ocean Cargo,21.47,8802.66
SHP_03866,PLNT_04,27-06-2026,Ocean Cargo,12.68,2175.23
SHP_03867,PLNT_04,24-09-2026,Heavy Truck,14.69,177.77
SHP_03868,PLNT_01,15-08-2024,Ocean Cargo,20.8,6728.67
SHP_03869,PLNT_05,13-09-2026,Ocean Cargo,18.76,6028.56
SHP_03870,PLNT_02,27-01-2025,Heavy Truck,3.33,430.28
SHP_03871,PLNT_05,15-06-2025,Heavy Truck,18.82,700.76
SHP_03872,PLNT_02,06-10-2026,Ocean Cargo,9.69,9688.58
SHP_03873,PLNT_02,03-04-2024,Heavy Truck,20.26,653.31
SHP_03874,PLNT_03,13-09-2024,Heavy Truck,20.02,271.97
SHP_03875,PLNT_02,12-11-2025,Air Freight,5.67,2255.97
SHP_03876,PLNT_04,07-12-2025,Ocean Cargo,15.93,4639.67
SHP_03877,PLNT_03,05-01-2026,Heavy Truck,22.04,430.12
SHP_03878,PLNT_01,24-04-2026,Rail,19.28,665.86
SHP_03879,PLNT_04,17-07-2024,Heavy Truck,21.07,330.65
SHP_03880,PLNT_04,13-07-2026,Rail,9.18,91.58
SHP_03881,PLNT_04,01-03-2024,Heavy Truck,19.5,218.05
SHP_03882,PLNT_01,02-04-2026,Air Freight,23.68,8331.11
SHP_03883,PLNT_05,14-12-2026,Heavy Truck,11.55,534.5
SHP_03884,PLNT_02,06-10-2024,Heavy Truck,20.64,720.15
SHP_03885,PLNT_02,04-09-2026,Ocean Cargo,17.33,4238.16
SHP_03886,PLNT_03,18-09-2025,Ocean Cargo,5.68,10271.35
SHP_03887,PLNT_04,18-01-2025,Heavy Truck,22.62,454.93
SHP_03888,PLNT_05,02-01-2024,Ocean Cargo,7.35,9652.74
SHP_03889,PLNT_04,12-07-2024,Rail,24.05,731.82
SHP_03890,PLNT_01,20-07-2024,Rail,2.91,741.76
SHP_03891,PLNT_05,09-06-2025,Ocean Cargo,21.94,8739.5
SHP_03892,PLNT_05,04-09-2024,Ocean Cargo,9.3,11959.07
SHP_03893,PLNT_02,06-02-2026,Heavy Truck,16.57,128.44
SHP_03894,PLNT_02,23-08-2024,Heavy Truck,18.48,232.81
SHP_03895,PLNT_03,21-01-2026,Ocean Cargo,21.78,1326.57
SHP_03896,PLNT_03,22-12-2025,Ocean Cargo,9.78,493.87
SHP_03897,PLNT_05,19-10-2026,Heavy Truck,5.65,121.97
SHP_03898,PLNT_04,23-03-2024,Heavy Truck,22.59,65.92
SHP_03899,PLNT_03,15-09-2024,Rail,23.5,335.13
SHP_03900,PLNT_03,02-04-2026,Heavy Truck,11.39,450.09
SHP_03901,PLNT_02,04-01-2025,Heavy Truck,8.69,140.41
SHP_03902,PLNT_04,05-03-2025,Rail,15.19,663.09
SHP_03903,PLNT_05,10-07-2025,Heavy Truck,23.47,233.12
SHP_03904,PLNT_01,03-02-2025,Ocean Cargo,12.06,3424.94
SHP_03905,PLNT_02,01-12-2024,Ocean Cargo,5.51,2017.57
SHP_03906,PLNT_03,23-01-2024,Heavy Truck,6.29,319.49
SHP_03907,PLNT_02,24-05-2024,Rail,18.74,480.66
SHP_03908,PLNT_01,24-09-2024,Heavy Truck,20.52,113.31
SHP_03909,PLNT_01,21-08-2024,Air Freight,3.75,7874.23
SHP_03910,PLNT_02,26-04-2025,Ocean Cargo,3.47,640.9
SHP_03911,PLNT_01,03-11-2025,Ocean Cargo,11.16,8311.37
SHP_03912,PLNT_01,16-10-2024,Heavy Truck,20.13,582.2
SHP_03913,PLNT_02,06-12-2024,Ocean Cargo,2.76,7596.23
SHP_03914,PLNT_04,01-01-2026,Ocean Cargo,2.15,1791.54
SHP_03915,PLNT_04,13-02-2024,Ocean Cargo,12.42,5133.76
SHP_03916,PLNT_01,18-11-2024,Heavy Truck,22.33,301.96
SHP_03917,PLNT_05,10-04-2026,Heavy Truck,22.12,623.81
SHP_03918,PLNT_05,04-09-2026,Ocean Cargo,20.7,5333.6
SHP_03919,PLNT_01,06-07-2025,Rail,23.02,453.35
SHP_03920,PLNT_03,20-02-2025,Air Freight,24,9141.51
SHP_03921,PLNT_03,24-05-2026,Heavy Truck,15.55,305.34
SHP_03922,PLNT_01,05-02-2026,Ocean Cargo,9.27,10209.5
SHP_03923,PLNT_03,04-09-2024,Heavy Truck,19.17,123.94
SHP_03924,PLNT_01,04-06-2025,Heavy Truck,14.27,73.58
SHP_03925,PLNT_05,21-09-2024,Ocean Cargo,23.24,410.73
SHP_03926,PLNT_04,13-01-2025,Air Freight,14.59,8033.95
SHP_03927,PLNT_03,20-04-2026,Heavy Truck,14.53,93.62
SHP_03928,PLNT_03,17-06-2024,Ocean Cargo,16.78,8526.09
SHP_03929,PLNT_01,09-06-2024,Ocean Cargo,22.34,4211.6
SHP_03930,PLNT_02,21-12-2025,Heavy Truck,13.27,202.5
SHP_03931,PLNT_04,22-01-2024,Ocean Cargo,23.53,9419.96
SHP_03932,PLNT_04,25-03-2024,Heavy Truck,23.52,446.49
SHP_03933,PLNT_01,24-01-2025,Ocean Cargo,24.16,1977.96
SHP_03934,PLNT_03,12-10-2026,Ocean Cargo,13.14,9196.33
SHP_03935,PLNT_03,21-08-2026,Ocean Cargo,21.44,6629.58
SHP_03936,PLNT_02,14-08-2026,Ocean Cargo,3.91,11668.58
SHP_03937,PLNT_02,22-10-2024,Heavy Truck,6.19,627.37
SHP_03938,PLNT_02,19-03-2025,Heavy Truck,13.55,113.52
SHP_03939,PLNT_05,14-02-2024,Heavy Truck,17.54,617.43
SHP_03940,PLNT_05,06-02-2025,Heavy Truck,7.62,429.64
SHP_03941,PLNT_01,13-08-2026,Heavy Truck,23.16,463.89
SHP_03942,PLNT_03,21-03-2025,Heavy Truck,18.35,688.69
SHP_03943,PLNT_04,09-09-2025,Heavy Truck,14.09,326.82
SHP_03944,PLNT_04,23-03-2025,Air Freight,14.96,3355.06
SHP_03945,PLNT_01,07-01-2024,Rail,8.21,628.63
SHP_03946,PLNT_05,10-09-2024,Ocean Cargo,24.9,11846.96
SHP_03947,PLNT_05,16-04-2025,Heavy Truck,8.21,639.54
SHP_03948,PLNT_04,02-05-2024,Ocean Cargo,9.45,3440.64
SHP_03949,PLNT_01,02-06-2025,Heavy Truck,13.78,429.85
SHP_03950,PLNT_05,09-02-2024,Ocean Cargo,10.5,6469.93
SHP_03951,PLNT_04,26-03-2026,Ocean Cargo,24.87,1120.49
SHP_03952,PLNT_03,13-07-2026,Ocean Cargo,12.65,10692.35
SHP_03953,PLNT_03,15-04-2025,Heavy Truck,6.53,572.35
SHP_03954,PLNT_02,17-12-2026,Ocean Cargo,20.06,3052.25
SHP_03955,PLNT_01,10-05-2025,Ocean Cargo,11.22,10681.88
SHP_03956,PLNT_04,25-02-2024,Ocean Cargo,5.2,1497.54
SHP_03957,PLNT_04,14-03-2025,Air Freight,4.92,1356.73
SHP_03958,PLNT_05,05-02-2024,Heavy Truck,8.05,262.14
SHP_03959,PLNT_02,03-01-2024,Rail,6.45,754.17
SHP_03960,PLNT_03,09-08-2024,Heavy Truck,20.83,255.67
SHP_03961,PLNT_03,23-09-2024,Ocean Cargo,1.92,10685.05
SHP_03962,PLNT_02,24-12-2024,Ocean Cargo,22.35,5234.34
SHP_03963,PLNT_04,19-08-2026,Rail,24.43,566.41
SHP_03964,PLNT_02,07-10-2026,Heavy Truck,4.08,339.3
SHP_03965,PLNT_04,22-03-2024,Air Freight,7.39,3282.83
SHP_03966,PLNT_01,17-02-2026,Heavy Truck,23.61,167.14
SHP_03967,PLNT_05,26-09-2024,Ocean Cargo,24.5,11543.8
SHP_03968,PLNT_04,19-08-2026,Heavy Truck,7.58,627.22
SHP_03969,PLNT_01,18-11-2026,Heavy Truck,7.38,517.68
SHP_03970,PLNT_02,07-04-2025,Ocean Cargo,15.24,4372.58
SHP_03971,PLNT_04,26-05-2026,Heavy Truck,19.51,535.64
SHP_03972,PLNT_02,02-08-2025,Heavy Truck,20.13,754.39
SHP_03973,PLNT_03,03-05-2024,Rail,10.64,773.21
SHP_03974,PLNT_02,03-04-2024,Ocean Cargo,18.74,10641.21
SHP_03975,PLNT_05,08-12-2026,Ocean Cargo,3.94,6695.99
SHP_03976,PLNT_05,18-12-2026,Ocean Cargo,21.95,655.66
SHP_03977,PLNT_01,11-02-2024,Heavy Truck,19.65,705.45
SHP_03978,PLNT_05,17-07-2024,Heavy Truck,3.79,623.73
SHP_03979,PLNT_05,22-01-2024,Heavy Truck,15.52,282.49
SHP_03980,PLNT_01,15-05-2024,Heavy Truck,20.22,282.54
SHP_03981,PLNT_04,05-01-2024,Heavy Truck,7.73,340.17
SHP_03982,PLNT_01,03-04-2026,Heavy Truck,5.77,122.72
SHP_03983,PLNT_02,08-03-2026,Rail,23.74,238.1
SHP_03984,PLNT_05,14-11-2026,Heavy Truck,10.62,213.97
SHP_03985,PLNT_02,24-04-2024,Heavy Truck,24.55,328.37
SHP_03986,PLNT_01,05-01-2026,Heavy Truck,23.46,228.99
SHP_03987,PLNT_02,19-08-2024,Rail,13.95,378.64
SHP_03988,PLNT_01,26-12-2024,Heavy Truck,6.68,365.75
SHP_03989,PLNT_02,26-02-2025,Ocean Cargo,24.07,3428.24
SHP_03990,PLNT_04,26-08-2026,Heavy Truck,12.33,473.59
SHP_03991,PLNT_04,20-01-2025,Heavy Truck,5.4,101.78
SHP_03992,PLNT_03,17-12-2024,Heavy Truck,6.01,506.26
SHP_03993,PLNT_05,18-03-2026,Heavy Truck,12.33,395.68
SHP_03994,PLNT_04,26-10-2026,Ocean Cargo,14.65,10923.09
SHP_03995,PLNT_02,13-03-2024,Heavy Truck,10.11,381.33
SHP_03996,PLNT_03,23-12-2025,Heavy Truck,7.45,242.78
SHP_03997,PLNT_01,22-10-2024,Ocean Cargo,18.8,4194.04
SHP_03998,PLNT_03,18-03-2025,Rail,18.04,561.55
SHP_03999,PLNT_02,22-09-2024,Heavy Truck,16.83,312.05
SHP_04000,PLNT_02,08-03-2025,Rail,16.55,180.48
SHP_04001,PLNT_04,27-06-2024,Heavy Truck,22.94,506.92
SHP_04002,PLNT_01,14-06-2025,Ocean Cargo,5.73,1301.44
SHP_04003,PLNT_05,22-01-2025,Heavy Truck,8.43,197.13
SHP_04004,PLNT_05,24-11-2025,Heavy Truck,4.29,106.31
SHP_04005,PLNT_04,06-12-2024,Rail,3.13,520.64
SHP_04006,PLNT_03,10-07-2026,Air Freight,4.79,886.72
SHP_04007,PLNT_04,08-07-2024,Heavy Truck,6.31,232.34
SHP_04008,PLNT_04,08-10-2025,Heavy Truck,15.38,341.51
SHP_04009,PLNT_03,03-03-2026,Heavy Truck,3.27,429.75
SHP_04010,PLNT_05,26-08-2024,Ocean Cargo,9.45,2738.4
SHP_04011,PLNT_04,11-10-2024,Heavy Truck,8.81,704.04
SHP_04012,PLNT_05,10-03-2026,Ocean Cargo,17.78,4241.33
SHP_04013,PLNT_05,16-09-2026,Rail,20.74,539.53
SHP_04014,PLNT_02,09-12-2024,Heavy Truck,12.28,514.15
SHP_04015,PLNT_01,08-09-2024,Heavy Truck,7.82,223.43
SHP_04016,PLNT_03,25-01-2025,Ocean Cargo,2.02,2135.84
SHP_04017,PLNT_02,17-11-2024,Ocean Cargo,5.22,3048.54
SHP_04018,PLNT_04,20-04-2026,Ocean Cargo,3.9,7080.34
SHP_04019,PLNT_04,06-04-2025,Heavy Truck,18.97,85.98
SHP_04020,PLNT_05,14-06-2024,Ocean Cargo,14.38,4777.26
SHP_04021,PLNT_04,25-06-2026,Heavy Truck,9.1,62.24
SHP_04022,PLNT_03,19-08-2024,Ocean Cargo,22.25,3180.25
SHP_04023,PLNT_05,02-08-2025,Ocean Cargo,3.56,5937.83
SHP_04024,PLNT_01,15-12-2026,Heavy Truck,12.66,594.74
SHP_04025,PLNT_03,22-12-2025,Air Freight,5.29,3311.13
SHP_04026,PLNT_02,24-08-2024,Heavy Truck,4.53,303.32
SHP_04027,PLNT_01,27-10-2026,Rail,18.09,781.47
SHP_04028,PLNT_02,13-10-2025,Rail,18.48,785.62
SHP_04029,PLNT_04,07-08-2025,Ocean Cargo,9.77,11651.58
SHP_04030,PLNT_04,20-02-2024,Ocean Cargo,18.13,2160.86
SHP_04031,PLNT_04,15-05-2024,Heavy Truck,11,648.96
SHP_04032,PLNT_05,25-12-2024,Heavy Truck,3.95,198.7
SHP_04033,PLNT_05,18-12-2024,Heavy Truck,16.58,102.74
SHP_04034,PLNT_01,26-07-2025,Heavy Truck,6.66,405.9
SHP_04035,PLNT_05,06-02-2025,Heavy Truck,11.45,688.11
SHP_04036,PLNT_03,09-11-2024,Heavy Truck,20.12,281.19
SHP_04037,PLNT_01,04-06-2024,Heavy Truck,7.8,323.19
SHP_04038,PLNT_01,15-07-2024,Rail,2.06,629.27
SHP_04039,PLNT_01,15-12-2024,Heavy Truck,6.24,639.5
SHP_04040,PLNT_03,05-12-2024,Heavy Truck,4.04,550.07
SHP_04041,PLNT_04,12-01-2024,Ocean Cargo,24.04,8606.49
SHP_04042,PLNT_05,05-07-2025,Ocean Cargo,11.16,10927.72
SHP_04043,PLNT_03,01-05-2024,Heavy Truck,4.49,180.07
SHP_04044,PLNT_03,07-01-2026,Ocean Cargo,3.14,4705.02
SHP_04045,PLNT_01,24-02-2026,Heavy Truck,16.82,81.92
SHP_04046,PLNT_04,02-09-2026,Ocean Cargo,12.51,1795.64
SHP_04047,PLNT_02,19-08-2025,Heavy Truck,10.82,403.32
SHP_04048,PLNT_04,12-06-2026,Ocean Cargo,13.41,4819.78
SHP_04049,PLNT_05,11-12-2024,Ocean Cargo,9.05,568.74
SHP_04050,PLNT_01,23-10-2025,Air Freight,4.71,10251.15
SHP_04051,PLNT_01,21-02-2024,Heavy Truck,23.6,501.44
SHP_04052,PLNT_05,23-07-2024,Heavy Truck,17.74,770.27
SHP_04053,PLNT_02,04-07-2025,Ocean Cargo,20.73,7470.46
SHP_04054,PLNT_02,13-07-2025,Rail,22.49,226.63
SHP_04055,PLNT_04,04-10-2026,Ocean Cargo,18.72,3583.03
SHP_04056,PLNT_04,13-05-2024,Ocean Cargo,23.85,1883.43
SHP_04057,PLNT_04,16-08-2026,Air Freight,13.55,7308.61
SHP_04058,PLNT_01,13-08-2026,Heavy Truck,23.82,549.69
SHP_04059,PLNT_03,10-02-2024,Heavy Truck,4.43,281.16
SHP_04060,PLNT_01,05-04-2025,Ocean Cargo,3.79,1741.53
SHP_04061,PLNT_05,15-03-2024,Air Freight,9.81,8777.42
SHP_04062,PLNT_04,06-08-2025,Ocean Cargo,18.82,4917.74
SHP_04063,PLNT_04,01-11-2025,Air Freight,19.43,3349.86
SHP_04064,PLNT_04,22-04-2026,Rail,13.62,599.09
SHP_04065,PLNT_05,07-03-2024,Air Freight,12.52,11076.82
SHP_04066,PLNT_02,12-10-2025,Ocean Cargo,19.45,8576.87
SHP_04067,PLNT_01,04-10-2024,Heavy Truck,4.47,384.22
SHP_04068,PLNT_02,27-06-2024,Ocean Cargo,4.65,7234.48
SHP_04069,PLNT_03,23-09-2024,Ocean Cargo,10.02,6064.35
SHP_04070,PLNT_04,20-02-2024,Rail,7.82,609.05
SHP_04071,PLNT_02,14-09-2025,Rail,12.07,526.12
SHP_04072,PLNT_05,08-05-2026,Ocean Cargo,8.51,6926.01
SHP_04073,PLNT_02,24-08-2025,Heavy Truck,16.67,340.77
SHP_04074,PLNT_01,23-01-2024,Heavy Truck,8.68,692.94
SHP_04075,PLNT_03,20-10-2025,Heavy Truck,20.35,791.29
SHP_04076,PLNT_01,24-07-2024,Heavy Truck,22.23,157.12
SHP_04077,PLNT_01,10-07-2026,Ocean Cargo,10.67,181.18
SHP_04078,PLNT_04,26-03-2025,Rail,21.23,257.66
SHP_04079,PLNT_03,10-10-2025,Ocean Cargo,24.37,5795.97
SHP_04080,PLNT_01,07-03-2025,Heavy Truck,21.5,685.3
SHP_04081,PLNT_04,15-07-2026,Heavy Truck,23.63,370.52
SHP_04082,PLNT_04,24-06-2026,Heavy Truck,11.48,444.56
SHP_04083,PLNT_04,06-11-2025,Rail,18.5,681.35
SHP_04084,PLNT_01,08-09-2025,Ocean Cargo,8.17,9075.6
SHP_04085,PLNT_03,06-02-2025,Heavy Truck,13.7,789.43
SHP_04086,PLNT_01,11-02-2024,Heavy Truck,14.94,699.6
SHP_04087,PLNT_01,14-04-2024,Heavy Truck,10.75,696.55
SHP_04088,PLNT_04,17-01-2024,Heavy Truck,4.33,536.72
SHP_04089,PLNT_02,02-03-2025,Ocean Cargo,12.23,5278.98
SHP_04090,PLNT_01,09-04-2026,Rail,19.46,302.59
SHP_04091,PLNT_05,21-02-2025,Ocean Cargo,1.88,1864.95
SHP_04092,PLNT_03,03-10-2024,Heavy Truck,12.75,78.74
SHP_04093,PLNT_04,23-01-2024,Heavy Truck,14.7,291.55
SHP_04094,PLNT_05,16-05-2024,Heavy Truck,21.65,517.5
SHP_04095,PLNT_03,19-10-2024,Air Freight,8.86,10818.57
SHP_04096,PLNT_02,12-09-2024,Ocean Cargo,10.27,7279.04
SHP_04097,PLNT_01,04-02-2024,Heavy Truck,10.14,421.7
SHP_04098,PLNT_05,27-01-2024,Ocean Cargo,19.43,6292.27
SHP_04099,PLNT_05,22-05-2026,Heavy Truck,1.53,446.64
SHP_04100,PLNT_05,07-06-2026,Ocean Cargo,21.59,8449.55
SHP_04101,PLNT_03,20-04-2024,Heavy Truck,2.66,198.77
SHP_04102,PLNT_01,08-03-2026,Ocean Cargo,17.53,125.41
SHP_04103,PLNT_01,01-07-2026,Ocean Cargo,3.49,2425.32
SHP_04104,PLNT_04,24-05-2024,Heavy Truck,24.54,769.01
SHP_04105,PLNT_04,26-08-2026,Rail,21.33,489.24
SHP_04106,PLNT_01,01-04-2026,Heavy Truck,19.76,493.35
SHP_04107,PLNT_05,23-05-2025,Ocean Cargo,8.2,746.67
SHP_04108,PLNT_05,23-11-2025,Ocean Cargo,19.61,10355.38
SHP_04109,PLNT_05,05-12-2024,Rail,7.51,482.18
SHP_04110,PLNT_01,17-03-2025,Heavy Truck,16.7,219.98
SHP_04111,PLNT_04,20-08-2024,Heavy Truck,16.85,196.2
SHP_04112,PLNT_02,03-10-2026,Air Freight,22.57,11867.71
SHP_04113,PLNT_04,01-10-2024,Ocean Cargo,7.51,7140.8
SHP_04114,PLNT_05,01-08-2026,Heavy Truck,9.14,392
SHP_04115,PLNT_02,02-09-2024,Heavy Truck,16.82,554.19
SHP_04116,PLNT_03,13-06-2025,Heavy Truck,12.15,360.73
SHP_04117,PLNT_05,08-06-2026,Heavy Truck,19.87,142.34
SHP_04118,PLNT_03,10-01-2024,Heavy Truck,9.52,768.06
SHP_04119,PLNT_02,04-06-2025,Ocean Cargo,24.96,8498.46
SHP_04120,PLNT_01,12-12-2024,Air Freight,10.58,11602.95
SHP_04121,PLNT_01,25-04-2026,Ocean Cargo,2.7,4286.44
SHP_04122,PLNT_03,20-06-2026,Heavy Truck,23.3,544.8
SHP_04123,PLNT_03,07-01-2026,Heavy Truck,18.37,227.59
SHP_04124,PLNT_01,13-01-2026,Rail,14.18,724.56
SHP_04125,PLNT_04,18-11-2024,Air Freight,21.53,2569.61
SHP_04126,PLNT_04,16-10-2026,Ocean Cargo,17.06,3084.15
SHP_04127,PLNT_03,05-07-2024,Rail,16.06,147.9
SHP_04128,PLNT_04,23-11-2025,Ocean Cargo,7.63,3305.8
SHP_04129,PLNT_02,01-04-2025,Ocean Cargo,23.37,367.94
SHP_04130,PLNT_05,22-03-2026,Heavy Truck,23.39,729.63
SHP_04131,PLNT_02,22-10-2025,Heavy Truck,4.04,400.29
SHP_04132,PLNT_04,06-12-2024,Ocean Cargo,24.7,6626.06
SHP_04133,PLNT_02,12-12-2025,Ocean Cargo,21.16,2435.34
SHP_04134,PLNT_04,01-01-2025,Ocean Cargo,3.56,9549.25
SHP_04135,PLNT_03,13-08-2024,Ocean Cargo,14.77,11424.59
SHP_04136,PLNT_02,05-03-2026,Ocean Cargo,4,6252.59
SHP_04137,PLNT_01,04-05-2026,Ocean Cargo,13.68,3222.82
SHP_04138,PLNT_03,15-02-2025,Heavy Truck,19.28,760.68
SHP_04139,PLNT_04,01-03-2026,Ocean Cargo,2.18,8570.89
SHP_04140,PLNT_03,05-12-2026,Rail,22.56,455.33
SHP_04141,PLNT_02,04-09-2025,Heavy Truck,12.25,686.9
SHP_04142,PLNT_02,19-05-2025,Ocean Cargo,9.79,4629.05
SHP_04143,PLNT_01,10-03-2025,Ocean Cargo,8.63,5930.3
SHP_04144,PLNT_05,13-05-2025,Rail,11.33,295.07
SHP_04145,PLNT_05,21-07-2025,Heavy Truck,5.6,197.69
SHP_04146,PLNT_02,16-02-2026,Air Freight,13.63,4049.61
SHP_04147,PLNT_01,11-12-2025,Heavy Truck,10.73,199.69
SHP_04148,PLNT_04,14-12-2025,Air Freight,20.34,2219.74
SHP_04149,PLNT_04,23-06-2026,Ocean Cargo,12.33,10561.41
SHP_04150,PLNT_04,18-06-2026,Heavy Truck,7.37,649.54
SHP_04151,PLNT_01,13-11-2026,Air Freight,14.84,2125.63
SHP_04152,PLNT_05,21-05-2024,Ocean Cargo,14.21,4468.13
SHP_04153,PLNT_03,26-10-2024,Rail,23.78,774.13
SHP_04154,PLNT_04,10-09-2024,Heavy Truck,18.38,656.86
SHP_04155,PLNT_03,13-11-2026,Heavy Truck,4.01,703.09
SHP_04156,PLNT_01,19-12-2024,Rail,20.16,72.03
SHP_04157,PLNT_01,04-02-2024,Air Freight,3.91,2404.31
SHP_04158,PLNT_05,19-05-2026,Heavy Truck,19.62,410.91
SHP_04159,PLNT_03,11-01-2025,Ocean Cargo,22.78,11816.31
SHP_04160,PLNT_01,10-01-2025,Heavy Truck,15.12,246.48
SHP_04161,PLNT_03,18-09-2025,Heavy Truck,3.4,405.65
SHP_04162,PLNT_03,10-11-2025,Heavy Truck,13.21,441.21
SHP_04163,PLNT_03,01-11-2025,Ocean Cargo,3.87,5498.29
SHP_04164,PLNT_05,27-08-2025,Heavy Truck,7.86,194.86
SHP_04165,PLNT_01,12-02-2026,Heavy Truck,11.57,558.11
SHP_04166,PLNT_02,25-12-2026,Air Freight,11.75,1513.12
SHP_04167,PLNT_01,27-01-2026,Heavy Truck,9,698.86
SHP_04168,PLNT_04,24-10-2026,Heavy Truck,10.06,783.53
SHP_04169,PLNT_02,20-11-2024,Heavy Truck,15.73,579.59
SHP_04170,PLNT_04,09-10-2024,Ocean Cargo,4.59,9082.81
SHP_04171,PLNT_05,25-05-2025,Ocean Cargo,23.91,6398.18
SHP_04172,PLNT_01,04-08-2024,Heavy Truck,2.64,752.22
SHP_04173,PLNT_04,18-01-2024,Air Freight,22,9568.17
SHP_04174,PLNT_02,01-02-2025,Heavy Truck,7.68,543.64
SHP_04175,PLNT_04,27-12-2024,Heavy Truck,22.95,500.81
SHP_04176,PLNT_02,18-04-2025,Heavy Truck,7.49,132.62
SHP_04177,PLNT_01,15-02-2026,Heavy Truck,20.46,53.16
SHP_04178,PLNT_04,25-02-2024,Heavy Truck,20.12,619.52
SHP_04179,PLNT_01,20-11-2024,Ocean Cargo,7.46,652.82
SHP_04180,PLNT_04,27-08-2026,Ocean Cargo,17.59,3509.39
SHP_04181,PLNT_05,18-02-2026,Ocean Cargo,20.78,3265.33
SHP_04182,PLNT_04,21-04-2025,Rail,23.34,462.53
SHP_04183,PLNT_01,05-10-2024,Heavy Truck,6.89,771.67
SHP_04184,PLNT_03,13-06-2026,Ocean Cargo,1.92,10418.96
SHP_04185,PLNT_04,26-11-2024,Ocean Cargo,16.33,8143.36
SHP_04186,PLNT_02,24-01-2025,Ocean Cargo,24.78,11431.7
SHP_04187,PLNT_01,13-01-2025,Heavy Truck,3.06,766.87
SHP_04188,PLNT_03,02-04-2026,Heavy Truck,15.67,348.73
SHP_04189,PLNT_01,02-03-2024,Ocean Cargo,17.09,5317.34
SHP_04190,PLNT_04,14-08-2026,Heavy Truck,11.15,627.06
SHP_04191,PLNT_05,01-01-2026,Ocean Cargo,18.07,10601.37
SHP_04192,PLNT_03,23-07-2025,Heavy Truck,5.84,673.46
SHP_04193,PLNT_01,03-08-2026,Heavy Truck,23.47,142.25
SHP_04194,PLNT_02,19-08-2025,Ocean Cargo,19.6,6470.47
SHP_04195,PLNT_01,14-08-2026,Heavy Truck,14.31,250.87
SHP_04196,PLNT_01,23-07-2024,Heavy Truck,9.69,640.02
SHP_04197,PLNT_04,10-10-2025,Ocean Cargo,24.01,9946.39
SHP_04198,PLNT_02,09-09-2026,Rail,13.87,261.85
SHP_04199,PLNT_05,16-06-2025,Ocean Cargo,20.77,3556.07
SHP_04200,PLNT_05,22-03-2024,Heavy Truck,15.56,766.26
SHP_04201,PLNT_02,11-02-2025,Ocean Cargo,9.96,1901.56
SHP_04202,PLNT_04,20-09-2025,Heavy Truck,3.13,337.34
SHP_04203,PLNT_05,02-08-2024,Heavy Truck,12.92,459.66
SHP_04204,PLNT_01,11-05-2026,Air Freight,3.72,11939.81
SHP_04205,PLNT_02,24-03-2025,Ocean Cargo,24.66,5803.31
SHP_04206,PLNT_01,04-10-2024,Heavy Truck,14.01,240.11
SHP_04207,PLNT_03,13-03-2024,Heavy Truck,24.77,712.82
SHP_04208,PLNT_05,09-01-2026,Heavy Truck,18.37,388.93
SHP_04209,PLNT_03,24-07-2025,Rail,5.8,284.66
SHP_04210,PLNT_02,20-02-2025,Heavy Truck,13.95,270.71
SHP_04211,PLNT_02,26-10-2024,Heavy Truck,3.98,418.93
SHP_04212,PLNT_02,06-12-2026,Ocean Cargo,20.6,4416.52
SHP_04213,PLNT_01,04-07-2024,Ocean Cargo,3.76,8599.14
SHP_04214,PLNT_02,10-07-2024,Heavy Truck,16.43,190.42
SHP_04215,PLNT_02,01-05-2026,Ocean Cargo,19,383.92
SHP_04216,PLNT_02,27-10-2025,Ocean Cargo,13.22,5498.47
SHP_04217,PLNT_05,26-02-2026,Rail,10.94,231.03
SHP_04218,PLNT_05,10-09-2024,Heavy Truck,5.18,341.1
SHP_04219,PLNT_05,10-01-2024,Heavy Truck,21.13,342.93
SHP_04220,PLNT_03,18-04-2025,Heavy Truck,4.6,617.25
SHP_04221,PLNT_04,02-03-2024,Ocean Cargo,20.6,11451.06
SHP_04222,PLNT_04,17-07-2025,Ocean Cargo,1.89,1008.03
SHP_04223,PLNT_01,18-11-2026,Ocean Cargo,9.35,8901.98
SHP_04224,PLNT_03,21-09-2026,Rail,14.36,713.29
SHP_04225,PLNT_05,18-07-2024,Ocean Cargo,10.57,10973.57
SHP_04226,PLNT_04,09-12-2024,Ocean Cargo,23.75,2854.59
SHP_04227,PLNT_05,17-10-2026,Ocean Cargo,15.92,6194.61
SHP_04228,PLNT_03,16-02-2024,Heavy Truck,7.94,411.42
SHP_04229,PLNT_04,08-01-2025,Heavy Truck,11.15,623.54
SHP_04230,PLNT_05,20-01-2026,Heavy Truck,20.4,50.55
SHP_04231,PLNT_02,03-11-2024,Ocean Cargo,9.96,5123.01
SHP_04232,PLNT_03,05-08-2025,Heavy Truck,19.46,67.16
SHP_04233,PLNT_02,17-02-2026,Heavy Truck,16.14,578.54
SHP_04234,PLNT_01,01-10-2025,Ocean Cargo,14.96,10007.38
SHP_04235,PLNT_05,15-01-2026,Ocean Cargo,13.55,6968.63
SHP_04236,PLNT_03,22-03-2026,Heavy Truck,24.01,391.21
SHP_04237,PLNT_04,24-02-2026,Heavy Truck,24.56,60.84
SHP_04238,PLNT_04,09-11-2026,Heavy Truck,16.24,322.83
SHP_04239,PLNT_03,09-03-2026,Heavy Truck,13.3,438.98
SHP_04240,PLNT_01,07-01-2024,Ocean Cargo,14.29,5865.36
SHP_04241,PLNT_04,11-12-2024,Ocean Cargo,6.63,9750.79
SHP_04242,PLNT_03,05-09-2024,Heavy Truck,7.61,690.1
SHP_04243,PLNT_05,12-10-2024,Heavy Truck,1.93,558.16
SHP_04244,PLNT_04,08-04-2026,Heavy Truck,20.47,116.93
SHP_04245,PLNT_03,22-07-2024,Ocean Cargo,23.63,1333.27
SHP_04246,PLNT_04,26-10-2025,Heavy Truck,17.24,447.09
SHP_04247,PLNT_03,02-02-2026,Heavy Truck,12.93,754.8
SHP_04248,PLNT_01,18-05-2025,Ocean Cargo,8.42,6134.5
SHP_04249,PLNT_01,24-11-2025,Heavy Truck,21.3,148.08
SHP_04250,PLNT_03,25-12-2026,Heavy Truck,16.67,581
SHP_04251,PLNT_01,11-12-2024,Rail,3.82,606.79
SHP_04252,PLNT_04,19-08-2025,Ocean Cargo,22.08,8223.92
SHP_04253,PLNT_04,11-11-2024,Rail,9.98,428.62
SHP_04254,PLNT_03,14-04-2024,Heavy Truck,12.3,306.62
SHP_04255,PLNT_05,24-08-2024,Ocean Cargo,22.49,9415.23
SHP_04256,PLNT_01,14-11-2026,Ocean Cargo,4.63,10321.55
SHP_04257,PLNT_02,14-11-2026,Heavy Truck,22.56,71.28
SHP_04258,PLNT_05,24-09-2024,Ocean Cargo,7.62,1966.44
SHP_04259,PLNT_03,05-05-2026,Ocean Cargo,22.79,5613.35
SHP_04260,PLNT_05,23-01-2024,Heavy Truck,7.95,445.01
SHP_04261,PLNT_05,18-03-2026,Heavy Truck,19.29,759.74
SHP_04262,PLNT_05,13-03-2024,Heavy Truck,20.28,428.2
SHP_04263,PLNT_03,20-08-2026,Ocean Cargo,2.99,2248.61
SHP_04264,PLNT_03,17-03-2026,Ocean Cargo,5.16,9667.11
SHP_04265,PLNT_01,25-10-2025,Heavy Truck,20.51,768.58
SHP_04266,PLNT_01,16-08-2026,Ocean Cargo,8.49,10958.72
SHP_04267,PLNT_04,07-08-2024,Ocean Cargo,21.91,312.98
SHP_04268,PLNT_04,22-12-2026,Heavy Truck,4.09,327.47
SHP_04269,PLNT_03,25-05-2026,Heavy Truck,1.64,417.33
SHP_04270,PLNT_02,22-10-2026,Ocean Cargo,18.77,1143.38
SHP_04271,PLNT_02,07-07-2025,Ocean Cargo,17.84,10941.38
SHP_04272,PLNT_01,25-10-2026,Heavy Truck,12.88,422.94
SHP_04273,PLNT_01,14-12-2026,Ocean Cargo,10.13,6561.22
SHP_04274,PLNT_05,25-03-2024,Heavy Truck,21.37,157
SHP_04275,PLNT_01,20-06-2024,Heavy Truck,22.16,192.88
SHP_04276,PLNT_03,07-12-2024,Heavy Truck,7.69,416.6
SHP_04277,PLNT_01,15-10-2026,Heavy Truck,6.43,416.35
SHP_04278,PLNT_05,16-06-2024,Heavy Truck,18.97,717.42
SHP_04279,PLNT_02,15-09-2026,Ocean Cargo,23.08,5416.71
SHP_04280,PLNT_01,16-09-2024,Ocean Cargo,22.6,10064.44
SHP_04281,PLNT_02,03-12-2026,Ocean Cargo,13,2936.6
SHP_04282,PLNT_05,11-05-2025,Ocean Cargo,20.53,1601.89
SHP_04283,PLNT_02,20-06-2026,Heavy Truck,13.4,80.26
SHP_04284,PLNT_04,01-02-2024,Ocean Cargo,6.77,6352.15
SHP_04285,PLNT_02,22-08-2025,Heavy Truck,13.34,237.33
SHP_04286,PLNT_04,18-02-2025,Ocean Cargo,5.92,11200.82
SHP_04287,PLNT_01,09-09-2025,Rail,20.28,664.54
SHP_04288,PLNT_01,05-04-2026,Air Freight,14.01,6685.52
SHP_04289,PLNT_01,16-08-2024,Heavy Truck,11.37,184.33
SHP_04290,PLNT_01,06-02-2025,Rail,14.55,116.34
SHP_04291,PLNT_05,06-09-2024,Ocean Cargo,5.08,2003.12
SHP_04292,PLNT_02,21-10-2026,Heavy Truck,5.26,58.15
SHP_04293,PLNT_03,05-10-2026,Air Freight,6.34,10358.66
SHP_04294,PLNT_03,20-10-2026,Heavy Truck,8.5,469.73
SHP_04295,PLNT_04,02-10-2025,Heavy Truck,9.61,735.4
SHP_04296,PLNT_01,26-03-2026,Ocean Cargo,6.84,896.68
SHP_04297,PLNT_05,13-02-2026,Rail,13.36,760.5
SHP_04298,PLNT_03,24-03-2025,Rail,12.95,417.51
SHP_04299,PLNT_02,12-02-2024,Ocean Cargo,19.54,1313.45
SHP_04300,PLNT_05,06-09-2024,Heavy Truck,23.59,490.88
SHP_04301,PLNT_01,08-11-2026,Ocean Cargo,20.97,5386.12
SHP_04302,PLNT_05,09-09-2025,Heavy Truck,5.37,74.22
SHP_04303,PLNT_01,23-09-2025,Heavy Truck,4.29,232.07
SHP_04304,PLNT_01,25-07-2024,Ocean Cargo,9.36,6554.35
SHP_04305,PLNT_05,14-06-2026,Heavy Truck,24.62,391.36
SHP_04306,PLNT_01,03-04-2026,Heavy Truck,17.41,338.31
SHP_04307,PLNT_03,17-04-2024,Heavy Truck,20.24,786.24
SHP_04308,PLNT_05,11-01-2026,Heavy Truck,14.9,558.14
SHP_04309,PLNT_04,07-10-2024,Ocean Cargo,7.64,2167
SHP_04310,PLNT_04,20-05-2024,Ocean Cargo,18.66,2023.14
SHP_04311,PLNT_03,03-08-2026,Ocean Cargo,16.22,1631.77
SHP_04312,PLNT_02,03-01-2026,Ocean Cargo,11.09,3723.76
SHP_04313,PLNT_04,08-09-2026,Heavy Truck,2.75,298.89
SHP_04314,PLNT_02,11-10-2025,Heavy Truck,3.91,369.95
SHP_04315,PLNT_02,12-02-2024,Ocean Cargo,23.41,6120.78
SHP_04316,PLNT_01,16-09-2024,Heavy Truck,16.72,72.71
SHP_04317,PLNT_05,18-12-2025,Ocean Cargo,12.24,8469.98
SHP_04318,PLNT_04,06-05-2025,Heavy Truck,17.94,405.48
SHP_04319,PLNT_03,21-10-2026,Ocean Cargo,20.67,6932.48
SHP_04320,PLNT_03,10-02-2025,Ocean Cargo,15.86,368.28
SHP_04321,PLNT_04,22-04-2024,Heavy Truck,1.78,546.42
SHP_04322,PLNT_03,25-10-2025,Heavy Truck,23.21,789.72
SHP_04323,PLNT_01,10-10-2024,Rail,21.69,267.12
SHP_04324,PLNT_01,02-07-2025,Heavy Truck,14.51,570.38
SHP_04325,PLNT_01,09-08-2024,Ocean Cargo,1.59,841.16
SHP_04326,PLNT_01,23-05-2026,Heavy Truck,9.55,415.83
SHP_04327,PLNT_02,24-04-2026,Ocean Cargo,9.7,424.09
SHP_04328,PLNT_05,07-05-2026,Ocean Cargo,4.43,10386.19
SHP_04329,PLNT_04,02-02-2026,Heavy Truck,17.24,728.06
SHP_04330,PLNT_01,25-11-2026,Heavy Truck,16.29,144.91
SHP_04331,PLNT_01,05-07-2024,Heavy Truck,23.24,667.33
SHP_04332,PLNT_02,15-07-2024,Ocean Cargo,4.71,11023.94
SHP_04333,PLNT_05,24-05-2026,Heavy Truck,6.68,665
SHP_04334,PLNT_03,27-12-2025,Heavy Truck,16.19,267.63
SHP_04335,PLNT_03,27-11-2024,Rail,22,636.02
SHP_04336,PLNT_05,15-03-2026,Heavy Truck,10.13,340.11
SHP_04337,PLNT_03,16-03-2024,Heavy Truck,16.83,139.07
SHP_04338,PLNT_02,11-05-2024,Ocean Cargo,6.42,2387.54
SHP_04339,PLNT_04,19-03-2026,Ocean Cargo,10.13,6740.09
SHP_04340,PLNT_02,12-05-2025,Ocean Cargo,6.11,11557.62
SHP_04341,PLNT_03,13-07-2025,Ocean Cargo,15.08,7015.42
SHP_04342,PLNT_03,01-10-2025,Heavy Truck,20.19,72.26
SHP_04343,PLNT_05,24-12-2026,Heavy Truck,4.29,484.29
SHP_04344,PLNT_05,19-02-2025,Ocean Cargo,8.48,4923.84
SHP_04345,PLNT_01,02-09-2026,Ocean Cargo,23.56,5758.21
SHP_04346,PLNT_02,06-03-2024,Heavy Truck,23.85,795.43
SHP_04347,PLNT_04,06-11-2026,Heavy Truck,12.43,574.27
SHP_04348,PLNT_01,14-03-2026,Heavy Truck,10.29,396.05
SHP_04349,PLNT_05,23-12-2026,Air Freight,14.03,3810.85
SHP_04350,PLNT_01,07-07-2026,Heavy Truck,19.42,243.83
SHP_04351,PLNT_04,11-01-2025,Rail,7.19,672.24
SHP_04352,PLNT_05,25-07-2025,Ocean Cargo,18.94,4651.99
SHP_04353,PLNT_04,10-09-2024,Heavy Truck,8.64,141.57
SHP_04354,PLNT_03,10-06-2026,Heavy Truck,7.16,566.18
SHP_04355,PLNT_04,07-11-2026,Ocean Cargo,19.95,8546.91
SHP_04356,PLNT_01,16-09-2024,Heavy Truck,16.89,293.67
SHP_04357,PLNT_05,22-10-2026,Heavy Truck,7.24,426.74
SHP_04358,PLNT_05,17-05-2025,Heavy Truck,21.66,454.29
SHP_04359,PLNT_03,22-06-2025,Air Freight,12.37,1385.29
SHP_04360,PLNT_02,25-10-2025,Ocean Cargo,9.83,5571.25
SHP_04361,PLNT_04,15-01-2024,Rail,10.45,545.02
SHP_04362,PLNT_02,09-06-2024,Heavy Truck,8.28,462.28
SHP_04363,PLNT_05,10-01-2026,Heavy Truck,23.15,539.14
SHP_04364,PLNT_04,25-11-2024,Heavy Truck,9.05,401.39
SHP_04365,PLNT_05,10-02-2024,Heavy Truck,23.13,766.2
SHP_04366,PLNT_01,10-07-2024,Heavy Truck,15.42,348.03
SHP_04367,PLNT_03,03-02-2025,Ocean Cargo,14.64,8850.15
SHP_04368,PLNT_02,06-05-2024,Ocean Cargo,10.81,2555.39
SHP_04369,PLNT_03,09-12-2024,Ocean Cargo,16.46,7700.42
SHP_04370,PLNT_01,17-02-2026,Ocean Cargo,5.62,10048.71
SHP_04371,PLNT_03,07-05-2024,Heavy Truck,6.92,326.37
SHP_04372,PLNT_01,11-03-2024,Heavy Truck,12.75,582.63
SHP_04373,PLNT_05,19-03-2026,Ocean Cargo,15.74,4139.8
SHP_04374,PLNT_05,01-02-2024,Heavy Truck,21.68,201.87
SHP_04375,PLNT_04,04-04-2025,Ocean Cargo,5.7,7562.7
SHP_04376,PLNT_04,22-08-2025,Rail,12.73,665.94
SHP_04377,PLNT_02,04-08-2025,Ocean Cargo,3.82,11324.06
SHP_04378,PLNT_01,13-06-2026,Ocean Cargo,7.99,6493.4
SHP_04379,PLNT_02,07-06-2024,Rail,9.19,484.03
SHP_04380,PLNT_05,13-10-2025,Ocean Cargo,10.04,10951.87
SHP_04381,PLNT_03,23-03-2024,Ocean Cargo,10.04,10081.41
SHP_04382,PLNT_03,21-10-2026,Heavy Truck,10.33,559.8
SHP_04383,PLNT_01,21-09-2024,Heavy Truck,22.02,446.95
SHP_04384,PLNT_02,16-12-2025,Heavy Truck,10.25,710.25
SHP_04385,PLNT_04,05-11-2025,Heavy Truck,20.22,724.04
SHP_04386,PLNT_05,19-11-2026,Heavy Truck,15.38,91.07
SHP_04387,PLNT_01,12-03-2025,Heavy Truck,4.15,200.33
SHP_04388,PLNT_01,21-12-2026,Ocean Cargo,11.8,10918.2
SHP_04389,PLNT_05,02-11-2025,Heavy Truck,21.32,611.91
SHP_04390,PLNT_03,05-03-2025,Heavy Truck,16.21,546.54
SHP_04391,PLNT_04,25-03-2024,Ocean Cargo,14.96,8624.73
SHP_04392,PLNT_04,25-10-2025,Ocean Cargo,5.08,3540.14
SHP_04393,PLNT_03,25-11-2024,Air Freight,21.79,8457.48
SHP_04394,PLNT_01,24-10-2026,Ocean Cargo,10.98,9665.51
SHP_04395,PLNT_01,10-09-2025,Ocean Cargo,7.65,5428.22
SHP_04396,PLNT_05,15-08-2026,Rail,18.91,698.9
SHP_04397,PLNT_04,14-12-2026,Heavy Truck,6.97,378.7
SHP_04398,PLNT_03,26-11-2024,Heavy Truck,24.46,331.41
SHP_04399,PLNT_02,26-09-2026,Ocean Cargo,14.19,260.6
SHP_04400,PLNT_05,27-04-2025,Rail,10.02,537.47
SHP_04401,PLNT_04,10-10-2026,Heavy Truck,8.21,587.38
SHP_04402,PLNT_03,25-03-2025,Heavy Truck,12.16,552.64
SHP_04403,PLNT_01,22-09-2025,Heavy Truck,14.74,502.89
SHP_04404,PLNT_02,23-01-2026,Heavy Truck,4.69,243.67
SHP_04405,PLNT_05,04-03-2026,Rail,22.12,448.49
SHP_04406,PLNT_02,26-03-2025,Heavy Truck,14.9,220.82
SHP_04407,PLNT_05,23-04-2026,Heavy Truck,2.54,596.94
SHP_04408,PLNT_05,17-05-2025,Heavy Truck,10.06,615.86
SHP_04409,PLNT_01,06-03-2024,Heavy Truck,23.53,355.55
SHP_04410,PLNT_01,18-03-2024,Heavy Truck,4.15,172.07
SHP_04411,PLNT_03,02-04-2024,Air Freight,9.64,5870.04
SHP_04412,PLNT_03,25-02-2026,Air Freight,20.2,4943.23
SHP_04413,PLNT_04,16-11-2025,Ocean Cargo,6.13,8783.64
SHP_04414,PLNT_02,01-04-2025,Heavy Truck,5.27,724.5
SHP_04415,PLNT_02,05-11-2026,Ocean Cargo,3.71,1856.68
SHP_04416,PLNT_03,04-06-2026,Ocean Cargo,8.05,4816.14
SHP_04417,PLNT_02,14-01-2026,Heavy Truck,4.26,596.57
SHP_04418,PLNT_01,20-04-2025,Ocean Cargo,4.28,7037.66
SHP_04419,PLNT_02,18-04-2026,Ocean Cargo,3.87,11524.61
SHP_04420,PLNT_04,26-04-2024,Heavy Truck,8.93,676.74
SHP_04421,PLNT_04,21-11-2026,Rail,10.78,633.82
SHP_04422,PLNT_04,02-06-2024,Heavy Truck,17.14,604.08
SHP_04423,PLNT_01,04-04-2024,Ocean Cargo,16.67,7857.27
SHP_04424,PLNT_02,25-04-2025,Ocean Cargo,5.89,5480.72
SHP_04425,PLNT_05,03-01-2025,Ocean Cargo,24.85,6236.57
SHP_04426,PLNT_03,12-02-2026,Air Freight,4.44,8128.51
SHP_04427,PLNT_04,02-11-2025,Heavy Truck,24.82,147.74
SHP_04428,PLNT_02,22-12-2026,Ocean Cargo,21.17,2404.39
SHP_04429,PLNT_02,07-04-2025,Ocean Cargo,14.34,804.81
SHP_04430,PLNT_01,26-06-2025,Ocean Cargo,21.13,5741.75
SHP_04431,PLNT_02,09-03-2025,Ocean Cargo,6.36,7047.43
SHP_04432,PLNT_05,05-03-2025,Heavy Truck,9.49,408.6
SHP_04433,PLNT_05,13-06-2026,Heavy Truck,13.14,660.11
SHP_04434,PLNT_05,13-06-2026,Heavy Truck,22.97,605.08
SHP_04435,PLNT_03,27-08-2025,Ocean Cargo,23.99,4786.81
SHP_04436,PLNT_04,17-02-2025,Ocean Cargo,4.25,2336.87
SHP_04437,PLNT_04,14-03-2025,Ocean Cargo,2.27,8277.49
SHP_04438,PLNT_03,27-03-2026,Heavy Truck,8.59,711.73
SHP_04439,PLNT_02,12-11-2024,Heavy Truck,15.61,733.37
SHP_04440,PLNT_05,13-09-2024,Rail,7.48,353.56
SHP_04441,PLNT_01,06-09-2024,Heavy Truck,18.31,613.79
SHP_04442,PLNT_01,22-12-2024,Heavy Truck,19.83,451.95
SHP_04443,PLNT_05,18-01-2025,Heavy Truck,15.8,669.48
SHP_04444,PLNT_01,12-06-2024,Rail,24.7,177.43
SHP_04445,PLNT_05,21-07-2026,Heavy Truck,21.51,666
SHP_04446,PLNT_03,05-09-2026,Heavy Truck,15.41,470.91
SHP_04447,PLNT_03,27-05-2024,Heavy Truck,9.14,716.94
SHP_04448,PLNT_05,11-05-2024,Rail,14.08,538.68
SHP_04449,PLNT_02,08-01-2025,Heavy Truck,10.89,359.65
SHP_04450,PLNT_01,11-06-2024,Ocean Cargo,5.26,3861.02
SHP_04451,PLNT_03,03-06-2025,Heavy Truck,7.52,506.53
SHP_04452,PLNT_03,21-03-2026,Ocean Cargo,3.85,9760.11
SHP_04453,PLNT_03,11-05-2026,Ocean Cargo,24.34,1943.08
SHP_04454,PLNT_03,08-10-2024,Ocean Cargo,7.69,11704.92
SHP_04455,PLNT_01,01-05-2026,Heavy Truck,8.05,615.46
SHP_04456,PLNT_02,01-12-2025,Heavy Truck,4.56,670.24
SHP_04457,PLNT_03,03-02-2026,Ocean Cargo,14.76,10716.88
SHP_04458,PLNT_04,11-09-2025,Ocean Cargo,8.5,10098.06
SHP_04459,PLNT_02,23-03-2024,Ocean Cargo,3.45,9496.58
SHP_04460,PLNT_05,03-02-2026,Heavy Truck,23.93,444.41
SHP_04461,PLNT_04,26-06-2024,Ocean Cargo,24.37,269.91
SHP_04462,PLNT_01,23-02-2024,Heavy Truck,20.55,566.13
SHP_04463,PLNT_01,03-10-2025,Heavy Truck,13.38,250.85
SHP_04464,PLNT_03,03-04-2025,Ocean Cargo,7.86,517.36
SHP_04465,PLNT_01,25-08-2026,Ocean Cargo,8.63,5760.66
SHP_04466,PLNT_04,05-05-2026,Ocean Cargo,4.42,5077.44
SHP_04467,PLNT_05,26-09-2025,Ocean Cargo,13.59,7109.18
SHP_04468,PLNT_05,20-11-2026,Heavy Truck,21.36,655.05
SHP_04469,PLNT_02,11-09-2026,Rail,20.09,759.48
SHP_04470,PLNT_01,18-03-2024,Ocean Cargo,24.47,1075.09
SHP_04471,PLNT_04,03-10-2026,Ocean Cargo,6.94,863.69
SHP_04472,PLNT_02,20-01-2026,Ocean Cargo,8.41,597.82
SHP_04473,PLNT_02,16-07-2024,Ocean Cargo,13.55,11351.79
SHP_04474,PLNT_05,03-10-2026,Ocean Cargo,22.91,9264.36
SHP_04475,PLNT_04,26-03-2025,Heavy Truck,17,332.92
SHP_04476,PLNT_04,03-07-2024,Ocean Cargo,7.8,1532.17
SHP_04477,PLNT_03,12-08-2024,Ocean Cargo,3.61,2194.41
SHP_04478,PLNT_05,10-10-2025,Heavy Truck,19.67,671.81
SHP_04479,PLNT_04,22-06-2025,Heavy Truck,2.57,316.51
SHP_04480,PLNT_04,13-08-2024,Heavy Truck,20.25,368.24
SHP_04481,PLNT_02,26-10-2026,Ocean Cargo,4.8,10929.62
SHP_04482,PLNT_04,10-12-2024,Ocean Cargo,15.09,4880.12
SHP_04483,PLNT_03,08-09-2025,Heavy Truck,23.29,676.53
SHP_04484,PLNT_03,21-03-2026,Air Freight,22.62,11531.83
SHP_04485,PLNT_05,19-06-2025,Heavy Truck,11.42,621.53
SHP_04486,PLNT_01,25-03-2026,Heavy Truck,19.66,678.12
SHP_04487,PLNT_03,18-11-2025,Rail,3.92,744.26
SHP_04488,PLNT_02,15-06-2024,Ocean Cargo,10.93,9637.18
SHP_04489,PLNT_03,22-09-2026,Ocean Cargo,14.47,9825.1
SHP_04490,PLNT_01,24-02-2026,Heavy Truck,9.41,156.47
SHP_04491,PLNT_03,27-06-2025,Rail,16.35,500.05
SHP_04492,PLNT_03,02-11-2025,Heavy Truck,21.06,96.88
SHP_04493,PLNT_03,27-07-2025,Ocean Cargo,17.01,9149.65
SHP_04494,PLNT_04,20-05-2024,Heavy Truck,2.79,773.81
SHP_04495,PLNT_04,03-03-2026,Heavy Truck,6.87,167.47
SHP_04496,PLNT_03,01-08-2025,Heavy Truck,3.19,82.3
SHP_04497,PLNT_02,05-02-2025,Ocean Cargo,17.42,8485.01
SHP_04498,PLNT_04,27-08-2025,Ocean Cargo,15.51,5190.55
SHP_04499,PLNT_02,22-07-2025,Ocean Cargo,3.81,3428.52
SHP_04500,PLNT_04,24-05-2024,Ocean Cargo,6.87,10132.03
SHP_04501,PLNT_01,14-08-2024,Rail,19.59,114.15
SHP_04502,PLNT_04,16-09-2025,Heavy Truck,23.89,646.12
SHP_04503,PLNT_05,09-11-2024,Ocean Cargo,23.08,7999.45
SHP_04504,PLNT_05,15-01-2024,Ocean Cargo,3.01,8647.62
SHP_04505,PLNT_05,15-09-2026,Heavy Truck,7.48,266.36
SHP_04506,PLNT_02,18-04-2026,Heavy Truck,8.87,159.46
SHP_04507,PLNT_01,13-05-2024,Air Freight,14.02,491.46
SHP_04508,PLNT_03,04-02-2025,Ocean Cargo,9.31,7815.07
SHP_04509,PLNT_02,13-03-2024,Rail,14.03,361.01
SHP_04510,PLNT_02,20-05-2026,Heavy Truck,11.31,161.19
SHP_04511,PLNT_04,20-06-2025,Rail,2.87,644.89
SHP_04512,PLNT_01,11-03-2026,Heavy Truck,21.27,707.52
SHP_04513,PLNT_04,23-10-2026,Ocean Cargo,23.57,9470.37
SHP_04514,PLNT_02,24-04-2024,Air Freight,18.48,7310.92
SHP_04515,PLNT_02,25-09-2024,Heavy Truck,23.53,648.85
SHP_04516,PLNT_04,09-09-2026,Ocean Cargo,18.12,1790.04
SHP_04517,PLNT_05,26-05-2026,Heavy Truck,6.09,362.5
SHP_04518,PLNT_02,14-07-2026,Rail,7.02,745.53
SHP_04519,PLNT_02,25-12-2024,Heavy Truck,12.55,409.07
SHP_04520,PLNT_02,08-10-2026,Ocean Cargo,14.33,7101.2
SHP_04521,PLNT_01,12-01-2024,Ocean Cargo,3.18,6547.5
SHP_04522,PLNT_04,23-05-2024,Ocean Cargo,16.8,11691.5
SHP_04523,PLNT_02,11-04-2025,Ocean Cargo,8.91,5253.05
SHP_04524,PLNT_04,18-02-2025,Heavy Truck,23.16,300.98
SHP_04525,PLNT_02,09-08-2025,Heavy Truck,12.99,220.29
SHP_04526,PLNT_04,22-01-2026,Heavy Truck,1.89,355.1
SHP_04527,PLNT_03,05-07-2026,Heavy Truck,13.28,543.88
SHP_04528,PLNT_02,09-08-2026,Rail,20.52,365.18
SHP_04529,PLNT_03,22-02-2026,Heavy Truck,13.03,757.12
SHP_04530,PLNT_01,06-01-2024,Heavy Truck,23.63,145.06
SHP_04531,PLNT_01,24-03-2026,Ocean Cargo,16.55,9806.48
SHP_04532,PLNT_04,15-12-2024,Ocean Cargo,14.56,3007.17
SHP_04533,PLNT_05,23-06-2025,Rail,20.57,284.51
SHP_04534,PLNT_04,14-09-2024,Heavy Truck,13.63,468.23
SHP_04535,PLNT_02,01-07-2024,Rail,16.47,271.54
SHP_04536,PLNT_02,04-08-2026,Heavy Truck,23.64,146.74
SHP_04537,PLNT_05,27-02-2025,Heavy Truck,12.65,206.71
SHP_04538,PLNT_01,02-03-2024,Rail,7.44,479.81
SHP_04539,PLNT_04,25-10-2025,Heavy Truck,21.51,612.7
SHP_04540,PLNT_02,23-03-2026,Heavy Truck,15.4,198.14
SHP_04541,PLNT_05,09-05-2026,Heavy Truck,18.03,507.08
SHP_04542,PLNT_02,07-10-2026,Rail,22.1,491.59
SHP_04543,PLNT_02,18-12-2025,Ocean Cargo,18.08,2870.15
SHP_04544,PLNT_04,09-02-2025,Heavy Truck,11.02,314.59
SHP_04545,PLNT_02,16-03-2025,Heavy Truck,19.68,705.54
SHP_04546,PLNT_02,24-03-2026,Ocean Cargo,13.96,9210.15
SHP_04547,PLNT_02,03-03-2026,Ocean Cargo,21.64,10575.28
SHP_04548,PLNT_02,16-07-2026,Heavy Truck,18.65,307.6
SHP_04549,PLNT_05,27-06-2026,Heavy Truck,9.6,353.16
SHP_04550,PLNT_03,15-03-2024,Ocean Cargo,17.09,1859.73
SHP_04551,PLNT_03,15-01-2026,Heavy Truck,21.81,89.66
SHP_04552,PLNT_03,14-10-2025,Heavy Truck,20.41,186.34
SHP_04553,PLNT_02,11-05-2024,Heavy Truck,22.84,675.5
SHP_04554,PLNT_04,04-07-2025,Heavy Truck,19.8,239.57
SHP_04555,PLNT_02,09-03-2025,Ocean Cargo,3,7744.34
SHP_04556,PLNT_01,11-04-2026,Air Freight,3.5,339.13
SHP_04557,PLNT_01,27-09-2024,Heavy Truck,9.8,597.08
SHP_04558,PLNT_05,19-06-2024,Heavy Truck,16.81,461.04
SHP_04559,PLNT_05,03-12-2026,Ocean Cargo,22.95,2541.92
SHP_04560,PLNT_01,13-05-2025,Air Freight,3.79,5139.78
SHP_04561,PLNT_04,14-08-2026,Heavy Truck,15.92,609.62
SHP_04562,PLNT_03,25-04-2024,Heavy Truck,10.07,540.15
SHP_04563,PLNT_05,17-02-2026,Heavy Truck,22.98,324.04
SHP_04564,PLNT_01,12-10-2025,Rail,10.52,515.71
SHP_04565,PLNT_05,17-11-2024,Heavy Truck,7.29,81.91
SHP_04566,PLNT_03,13-10-2024,Ocean Cargo,17.4,9393.88
SHP_04567,PLNT_03,21-12-2026,Heavy Truck,13.53,538.64
SHP_04568,PLNT_03,19-03-2025,Ocean Cargo,13.3,3392.69
SHP_04569,PLNT_04,02-01-2024,Ocean Cargo,18.46,899.59
SHP_04570,PLNT_01,09-07-2024,Ocean Cargo,11.23,8958.01
SHP_04571,PLNT_04,24-09-2026,Heavy Truck,13.2,734.08
SHP_04572,PLNT_05,27-10-2026,Heavy Truck,19.59,624.41
SHP_04573,PLNT_01,26-12-2026,Ocean Cargo,18.68,5655.5
SHP_04574,PLNT_05,26-09-2024,Ocean Cargo,22.36,5422.74
SHP_04575,PLNT_01,08-02-2025,Ocean Cargo,8.38,5224.88
SHP_04576,PLNT_03,02-01-2024,Heavy Truck,9.63,673.54
SHP_04577,PLNT_05,10-04-2025,Heavy Truck,7.39,405.21
SHP_04578,PLNT_04,18-02-2026,Ocean Cargo,7.23,6364.92
SHP_04579,PLNT_04,06-10-2024,Heavy Truck,4.93,303.96
SHP_04580,PLNT_04,04-12-2026,Heavy Truck,10.84,745.1
SHP_04581,PLNT_03,27-09-2025,Ocean Cargo,4.59,7989.18
SHP_04582,PLNT_04,05-08-2024,Heavy Truck,17.88,362.87
SHP_04583,PLNT_03,21-03-2025,Ocean Cargo,22.6,9335.31
SHP_04584,PLNT_04,22-05-2026,Heavy Truck,20.8,767.21
SHP_04585,PLNT_05,10-09-2025,Heavy Truck,20.84,389.13
SHP_04586,PLNT_05,09-02-2026,Heavy Truck,8.62,792.92
SHP_04587,PLNT_03,22-04-2025,Rail,8.52,753.8
SHP_04588,PLNT_02,14-01-2026,Heavy Truck,21.08,425.12
SHP_04589,PLNT_05,27-01-2024,Heavy Truck,3.18,235.57
SHP_04590,PLNT_05,26-11-2024,Heavy Truck,2.4,202.98
SHP_04591,PLNT_03,10-03-2025,Heavy Truck,15.43,370.4
SHP_04592,PLNT_01,04-02-2025,Ocean Cargo,5.71,11029.7
SHP_04593,PLNT_04,12-07-2026,Heavy Truck,19.91,685.17
SHP_04594,PLNT_04,17-04-2026,Ocean Cargo,17.03,5922.15
SHP_04595,PLNT_04,13-03-2024,Ocean Cargo,10.16,4060.51
SHP_04596,PLNT_02,09-12-2026,Ocean Cargo,20.58,5164.24
SHP_04597,PLNT_04,13-11-2026,Ocean Cargo,18.36,1709.8
SHP_04598,PLNT_03,26-06-2024,Heavy Truck,24.01,584.1
SHP_04599,PLNT_05,22-04-2026,Heavy Truck,19.94,684.25
SHP_04600,PLNT_05,10-07-2026,Heavy Truck,13.22,647.6
SHP_04601,PLNT_03,26-12-2024,Heavy Truck,8.19,506.37
SHP_04602,PLNT_03,10-04-2025,Rail,22.3,173.04
SHP_04603,PLNT_02,24-10-2024,Heavy Truck,13.86,246.6
SHP_04604,PLNT_02,19-01-2024,Ocean Cargo,18.54,9176.63
SHP_04605,PLNT_03,01-06-2024,Ocean Cargo,24.82,8668.37
SHP_04606,PLNT_01,23-06-2026,Ocean Cargo,23.41,11215.86
SHP_04607,PLNT_04,15-09-2026,Heavy Truck,11.85,675.53
SHP_04608,PLNT_02,15-11-2026,Rail,9.93,194.46
SHP_04609,PLNT_02,18-08-2025,Ocean Cargo,22.34,2498.31
SHP_04610,PLNT_03,01-07-2025,Ocean Cargo,16.4,2815.44
SHP_04611,PLNT_02,13-12-2024,Heavy Truck,12.83,203.99
SHP_04612,PLNT_03,07-08-2026,Heavy Truck,6.1,376.38
SHP_04613,PLNT_05,04-03-2025,Rail,20.1,467.31
SHP_04614,PLNT_03,26-09-2025,Ocean Cargo,10.91,5150.73
SHP_04615,PLNT_04,21-12-2024,Ocean Cargo,3.47,8828.24
SHP_04616,PLNT_01,21-05-2025,Heavy Truck,8.1,437.59
SHP_04617,PLNT_04,18-01-2024,Ocean Cargo,1.98,4261.17
SHP_04618,PLNT_04,26-02-2026,Heavy Truck,2.48,517.78
SHP_04619,PLNT_02,11-05-2026,Heavy Truck,24.45,315.78
SHP_04620,PLNT_01,04-08-2024,Ocean Cargo,8.99,1621.32
SHP_04621,PLNT_03,10-05-2026,Heavy Truck,8.98,640.63
SHP_04622,PLNT_05,25-12-2026,Heavy Truck,19.41,210.83
SHP_04623,PLNT_05,07-05-2024,Ocean Cargo,22.94,1374.02
SHP_04624,PLNT_05,17-08-2025,Ocean Cargo,18.96,536.21
SHP_04625,PLNT_03,12-09-2025,Heavy Truck,11.53,286.87
SHP_04626,PLNT_02,02-12-2024,Heavy Truck,14.98,585.93
SHP_04627,PLNT_03,08-10-2024,Rail,16.22,331.4
SHP_04628,PLNT_02,20-11-2026,Heavy Truck,10.43,388.82
SHP_04629,PLNT_05,20-01-2025,Ocean Cargo,1.71,9221.24
SHP_04630,PLNT_05,07-12-2026,Heavy Truck,4.43,421.87
SHP_04631,PLNT_04,22-06-2024,Ocean Cargo,12.49,10437.93
SHP_04632,PLNT_05,08-06-2024,Air Freight,10.93,3261.8
SHP_04633,PLNT_02,24-03-2024,Heavy Truck,23.27,732.56
SHP_04634,PLNT_03,02-09-2026,Ocean Cargo,14.46,11794.35
SHP_04635,PLNT_05,18-01-2024,Ocean Cargo,11.94,8996.98
SHP_04636,PLNT_01,25-12-2026,Heavy Truck,18.25,84.44
SHP_04637,PLNT_04,05-05-2025,Heavy Truck,4.65,268.5
SHP_04638,PLNT_01,24-06-2026,Ocean Cargo,4.17,5408.66
SHP_04639,PLNT_05,02-08-2025,Heavy Truck,8.85,555.38
SHP_04640,PLNT_04,15-03-2024,Heavy Truck,8.23,299.58
SHP_04641,PLNT_05,23-08-2024,Ocean Cargo,22.85,3969.93
SHP_04642,PLNT_01,03-06-2026,Heavy Truck,3.9,294.52
SHP_04643,PLNT_03,19-04-2024,Ocean Cargo,14.69,5066.19
SHP_04644,PLNT_02,16-10-2025,Ocean Cargo,5.76,6549.63
SHP_04645,PLNT_05,06-02-2024,Ocean Cargo,14.76,8838.43
SHP_04646,PLNT_04,21-08-2024,Ocean Cargo,13.2,6696.87
SHP_04647,PLNT_01,20-03-2025,Heavy Truck,22.02,174.85
SHP_04648,PLNT_01,10-08-2025,Ocean Cargo,16.25,8619.73
SHP_04649,PLNT_05,26-05-2025,Ocean Cargo,18.76,7975.95
SHP_04650,PLNT_01,08-04-2025,Heavy Truck,21.17,273.34
SHP_04651,PLNT_03,23-08-2025,Ocean Cargo,17.97,3323.96
SHP_04652,PLNT_05,15-04-2026,Ocean Cargo,12.51,9231.95
SHP_04653,PLNT_04,11-11-2026,Ocean Cargo,20.31,1792.11
SHP_04654,PLNT_02,24-07-2026,Rail,18.74,386.52
SHP_04655,PLNT_01,04-04-2026,Ocean Cargo,15.16,9881.96
SHP_04656,PLNT_05,12-11-2026,Heavy Truck,22.3,252.45
SHP_04657,PLNT_04,11-10-2026,Ocean Cargo,17.82,457.85
SHP_04658,PLNT_02,07-08-2026,Ocean Cargo,9.17,4423.16
SHP_04659,PLNT_03,09-06-2024,Heavy Truck,17.4,589.22
SHP_04660,PLNT_01,13-05-2025,Ocean Cargo,23.13,8473.57
SHP_04661,PLNT_01,09-05-2026,Ocean Cargo,13.66,4119.73
SHP_04662,PLNT_03,10-12-2026,Ocean Cargo,4.23,9393.91
SHP_04663,PLNT_05,23-01-2026,Ocean Cargo,18.13,481.86
SHP_04664,PLNT_02,26-03-2026,Heavy Truck,5.78,192.47
SHP_04665,PLNT_04,07-06-2025,Heavy Truck,19.34,372.47
SHP_04666,PLNT_04,22-07-2026,Rail,5.21,223.32
SHP_04667,PLNT_03,09-03-2026,Heavy Truck,1.6,436.43
SHP_04668,PLNT_03,02-06-2026,Heavy Truck,8.15,700.08
SHP_04669,PLNT_03,23-02-2025,Rail,6.35,479.12
SHP_04670,PLNT_01,26-05-2024,Heavy Truck,16.9,602.57
SHP_04671,PLNT_04,26-02-2025,Heavy Truck,7.76,568.09
SHP_04672,PLNT_04,25-01-2026,Ocean Cargo,15.84,1057.74
SHP_04673,PLNT_04,01-07-2025,Heavy Truck,1.92,780.83
SHP_04674,PLNT_03,02-07-2026,Heavy Truck,18.05,67.68
SHP_04675,PLNT_02,17-07-2024,Rail,8.18,227.97
SHP_04676,PLNT_02,26-06-2025,Ocean Cargo,18.44,5989.49
SHP_04677,PLNT_05,25-10-2024,Ocean Cargo,18.78,6080.83
SHP_04678,PLNT_02,11-10-2024,Ocean Cargo,1.78,10314.22
SHP_04679,PLNT_04,01-07-2024,Rail,20.15,54.13
SHP_04680,PLNT_05,23-10-2026,Air Freight,13.66,5024.39
SHP_04681,PLNT_03,20-02-2025,Ocean Cargo,10.68,9091.91
SHP_04682,PLNT_03,05-01-2026,Rail,4.79,477.59
SHP_04683,PLNT_01,01-08-2024,Heavy Truck,17.85,226.58
SHP_04684,PLNT_02,03-06-2026,Ocean Cargo,11.72,9532.12
SHP_04685,PLNT_05,20-10-2024,Heavy Truck,9.72,417.88
SHP_04686,PLNT_01,08-11-2026,Heavy Truck,20.53,683.1
SHP_04687,PLNT_01,10-12-2025,Rail,7.47,402.31
SHP_04688,PLNT_04,26-12-2024,Ocean Cargo,23.39,1264.92
SHP_04689,PLNT_02,27-06-2025,Heavy Truck,15.26,599.01
SHP_04690,PLNT_02,17-09-2026,Ocean Cargo,20.4,611.6
SHP_04691,PLNT_02,10-12-2026,Heavy Truck,22.01,590.4
SHP_04692,PLNT_03,17-05-2025,Air Freight,17.23,187.24
SHP_04693,PLNT_02,16-09-2025,Heavy Truck,8.68,438.18
SHP_04694,PLNT_05,04-10-2025,Heavy Truck,15.51,202.49
SHP_04695,PLNT_02,19-03-2024,Heavy Truck,4.12,564.5
SHP_04696,PLNT_04,25-03-2026,Heavy Truck,1.89,486.32
SHP_04697,PLNT_04,03-10-2026,Ocean Cargo,6.96,2103.62
SHP_04698,PLNT_03,13-10-2026,Heavy Truck,20.14,148.04
SHP_04699,PLNT_05,14-02-2026,Heavy Truck,6.83,698.48
SHP_04700,PLNT_01,24-05-2025,Heavy Truck,16.05,210.15
SHP_04701,PLNT_03,24-07-2026,Heavy Truck,8.63,534.95
SHP_04702,PLNT_02,16-05-2024,Rail,4.21,75.36
SHP_04703,PLNT_04,15-11-2026,Rail,20.31,111.09
SHP_04704,PLNT_04,19-12-2025,Ocean Cargo,13.71,3847.73
SHP_04705,PLNT_01,07-05-2025,Ocean Cargo,6.16,1974.83
SHP_04706,PLNT_05,13-05-2026,Ocean Cargo,13.95,4902.01
SHP_04707,PLNT_03,04-02-2026,Heavy Truck,6.07,428.23
SHP_04708,PLNT_05,21-10-2025,Heavy Truck,13.91,453.63
SHP_04709,PLNT_05,15-04-2026,Ocean Cargo,6.11,5546.44
SHP_04710,PLNT_02,06-09-2024,Rail,19.9,78.9
SHP_04711,PLNT_04,02-04-2025,Ocean Cargo,5.01,11168.4
SHP_04712,PLNT_04,26-02-2024,Ocean Cargo,7.14,10764.59
SHP_04713,PLNT_01,22-08-2024,Heavy Truck,22.13,394.21
SHP_04714,PLNT_02,07-12-2024,Ocean Cargo,4.09,2502.92
SHP_04715,PLNT_01,23-05-2025,Ocean Cargo,8.9,1948.47
SHP_04716,PLNT_05,13-06-2024,Ocean Cargo,10.77,10720.07
SHP_04717,PLNT_03,11-07-2024,Ocean Cargo,9.93,3056.47
SHP_04718,PLNT_03,18-08-2024,Heavy Truck,20.85,104.24
SHP_04719,PLNT_01,19-10-2024,Heavy Truck,16.1,266.14
SHP_04720,PLNT_01,16-06-2025,Heavy Truck,14.35,772.97
SHP_04721,PLNT_05,19-01-2024,Ocean Cargo,6.52,10927.78
SHP_04722,PLNT_02,05-12-2024,Heavy Truck,13.55,336.31
SHP_04723,PLNT_04,15-08-2026,Ocean Cargo,9.29,7540.1
SHP_04724,PLNT_02,18-12-2026,Heavy Truck,8.61,602.8
SHP_04725,PLNT_02,19-09-2025,Ocean Cargo,11.31,10948.83
SHP_04726,PLNT_02,02-09-2024,Heavy Truck,16.36,464.23
SHP_04727,PLNT_04,08-05-2026,Heavy Truck,14.78,569.34
SHP_04728,PLNT_03,12-11-2026,Heavy Truck,8.18,269.38
SHP_04729,PLNT_05,27-06-2026,Heavy Truck,2.87,535.22
SHP_04730,PLNT_02,17-04-2024,Ocean Cargo,14.71,10496.47
SHP_04731,PLNT_05,21-10-2025,Ocean Cargo,21.63,10066.64
SHP_04732,PLNT_05,05-04-2026,Heavy Truck,12.93,797.02
SHP_04733,PLNT_03,11-04-2024,Ocean Cargo,24.16,8924.77
SHP_04734,PLNT_05,01-03-2026,Ocean Cargo,14.02,1503.64
SHP_04735,PLNT_01,02-07-2025,Heavy Truck,20.2,698.52
SHP_04736,PLNT_02,08-12-2025,Air Freight,21.26,6787.29
SHP_04737,PLNT_05,19-02-2025,Heavy Truck,9.48,64.62
SHP_04738,PLNT_02,14-03-2026,Ocean Cargo,24.21,998.09
SHP_04739,PLNT_05,12-06-2025,Ocean Cargo,5.23,6151.79
SHP_04740,PLNT_05,22-02-2026,Ocean Cargo,23.32,7044.94
SHP_04741,PLNT_04,26-12-2025,Ocean Cargo,24.47,7278.18
SHP_04742,PLNT_02,27-04-2025,Heavy Truck,23.31,757.41
SHP_04743,PLNT_05,01-07-2025,Rail,5.08,108.84
SHP_04744,PLNT_05,09-11-2024,Heavy Truck,21.74,411.52
SHP_04745,PLNT_05,22-01-2024,Ocean Cargo,13.79,4851.32
SHP_04746,PLNT_01,15-04-2025,Ocean Cargo,18.05,7950.1
SHP_04747,PLNT_02,12-12-2024,Ocean Cargo,23.82,922.71
SHP_04748,PLNT_05,16-01-2024,Heavy Truck,22.07,72.3
SHP_04749,PLNT_02,20-04-2025,Heavy Truck,10.43,592.54
SHP_04750,PLNT_04,03-04-2026,Ocean Cargo,21.7,9894.03
SHP_04751,PLNT_02,05-11-2024,Heavy Truck,12.03,101.55
SHP_04752,PLNT_03,10-09-2024,Air Freight,20.51,6566.27
SHP_04753,PLNT_01,24-01-2026,Heavy Truck,2.12,179.08
SHP_04754,PLNT_03,19-11-2025,Heavy Truck,14.29,397.81
SHP_04755,PLNT_01,10-10-2025,Heavy Truck,16.22,362.27
SHP_04756,PLNT_02,09-08-2024,Heavy Truck,4.04,361.24
SHP_04757,PLNT_04,27-07-2024,Heavy Truck,20.99,97.73
SHP_04758,PLNT_05,25-08-2025,Air Freight,22.54,3021.01
SHP_04759,PLNT_01,07-07-2024,Air Freight,16.44,8891.06
SHP_04760,PLNT_04,04-08-2025,Heavy Truck,10.65,478.23
SHP_04761,PLNT_04,08-02-2026,Heavy Truck,3.84,576.47
SHP_04762,PLNT_02,26-04-2026,Ocean Cargo,7.17,6666.36
SHP_04763,PLNT_04,27-08-2025,Ocean Cargo,10.91,3251.46
SHP_04764,PLNT_01,25-09-2025,Heavy Truck,22.17,483.41
SHP_04765,PLNT_05,21-06-2025,Ocean Cargo,19.1,11825.14
SHP_04766,PLNT_03,11-10-2024,Heavy Truck,18.35,773.09
SHP_04767,PLNT_04,01-07-2026,Ocean Cargo,4.48,1014.89
SHP_04768,PLNT_01,27-06-2024,Heavy Truck,24.5,723.09
SHP_04769,PLNT_02,23-06-2024,Ocean Cargo,19.94,991.48
SHP_04770,PLNT_03,27-01-2024,Ocean Cargo,23.92,8740.32
SHP_04771,PLNT_01,04-04-2026,Ocean Cargo,15.53,4736.57
SHP_04772,PLNT_05,17-01-2025,Heavy Truck,24.71,208.12
SHP_04773,PLNT_04,23-04-2024,Rail,5.03,579.93
SHP_04774,PLNT_02,25-05-2024,Rail,18.88,93.79
SHP_04775,PLNT_05,06-06-2025,Rail,16.15,530.99
SHP_04776,PLNT_03,15-04-2026,Heavy Truck,9.16,529.63
SHP_04777,PLNT_02,13-03-2024,Heavy Truck,4.82,787.75
SHP_04778,PLNT_02,24-11-2024,Ocean Cargo,21.94,963.91
SHP_04779,PLNT_04,04-09-2026,Heavy Truck,16.59,461.71
SHP_04780,PLNT_04,02-06-2024,Ocean Cargo,20.44,699.03
SHP_04781,PLNT_03,18-07-2024,Heavy Truck,9.59,410
SHP_04782,PLNT_01,09-04-2026,Heavy Truck,24.34,56.11
SHP_04783,PLNT_03,19-12-2024,Heavy Truck,15.7,235.97
SHP_04784,PLNT_03,22-07-2026,Heavy Truck,8.49,239.43
SHP_04785,PLNT_05,06-12-2024,Ocean Cargo,18.23,135.9
SHP_04786,PLNT_02,07-07-2024,Ocean Cargo,10.25,6661.46
SHP_04787,PLNT_01,22-09-2025,Ocean Cargo,17.88,4652.64
SHP_04788,PLNT_01,25-08-2025,Ocean Cargo,9.35,990.07
SHP_04789,PLNT_01,13-01-2026,Heavy Truck,9.69,769.18
SHP_04790,PLNT_05,03-12-2024,Heavy Truck,18.93,288.19
SHP_04791,PLNT_01,02-10-2025,Heavy Truck,20.84,319.18
SHP_04792,PLNT_02,23-06-2024,Air Freight,1.94,11621.97
SHP_04793,PLNT_04,12-11-2026,Ocean Cargo,17.75,5848.27
SHP_04794,PLNT_03,25-08-2026,Heavy Truck,24.59,445.77
SHP_04795,PLNT_04,01-03-2025,Ocean Cargo,1.53,9953.16
SHP_04796,PLNT_02,11-12-2026,Rail,14.07,416.04
SHP_04797,PLNT_03,13-05-2026,Ocean Cargo,15.61,2247.4
SHP_04798,PLNT_05,08-12-2024,Ocean Cargo,5,11550.27
SHP_04799,PLNT_01,18-08-2026,Heavy Truck,13.7,321.93
SHP_04800,PLNT_01,23-02-2024,Heavy Truck,16.21,292.51
SHP_04801,PLNT_04,23-01-2024,Ocean Cargo,24.18,10568.96
SHP_04802,PLNT_05,15-02-2024,Air Freight,16.15,10772.6
SHP_04803,PLNT_03,27-10-2025,Rail,20.26,145.09
SHP_04804,PLNT_03,16-10-2024,Ocean Cargo,15.31,8533.15
SHP_04805,PLNT_02,14-11-2026,Ocean Cargo,18.47,3401.45
SHP_04806,PLNT_05,16-03-2026,Air Freight,4.56,11128.63
SHP_04807,PLNT_01,09-06-2026,Air Freight,2.74,3707.6
SHP_04808,PLNT_02,03-04-2026,Heavy Truck,17.39,419.51
SHP_04809,PLNT_03,20-05-2024,Ocean Cargo,10.12,1536.75
SHP_04810,PLNT_04,20-03-2026,Rail,13.7,442.16
SHP_04811,PLNT_03,27-10-2024,Ocean Cargo,6.76,6305.63
SHP_04812,PLNT_02,22-02-2024,Heavy Truck,12.71,332.87
SHP_04813,PLNT_03,24-06-2024,Heavy Truck,24.03,434.74
SHP_04814,PLNT_01,22-02-2026,Ocean Cargo,13.83,282.35
SHP_04815,PLNT_05,03-02-2024,Heavy Truck,8.73,433.38
SHP_04816,PLNT_01,09-10-2025,Ocean Cargo,4.96,838.67
SHP_04817,PLNT_02,22-07-2024,Ocean Cargo,5.07,1293.27
SHP_04818,PLNT_02,07-02-2026,Ocean Cargo,11.54,4826.46
SHP_04819,PLNT_01,14-09-2026,Ocean Cargo,23.21,3664.81
SHP_04820,PLNT_04,01-06-2026,Rail,7.71,322.37
SHP_04821,PLNT_01,16-05-2024,Heavy Truck,10.75,565.72
SHP_04822,PLNT_04,11-12-2026,Heavy Truck,18.3,191.69
SHP_04823,PLNT_04,03-04-2026,Heavy Truck,13.4,300.83
SHP_04824,PLNT_01,10-06-2026,Rail,24.31,552.36
SHP_04825,PLNT_01,06-01-2026,Heavy Truck,9.68,581.68
SHP_04826,PLNT_04,20-11-2026,Air Freight,16.33,1616.47
SHP_04827,PLNT_04,01-11-2024,Heavy Truck,22.46,768.71
SHP_04828,PLNT_02,09-06-2026,Heavy Truck,20.1,396.71
SHP_04829,PLNT_05,27-05-2024,Ocean Cargo,8.9,9107.87
SHP_04830,PLNT_01,16-03-2024,Ocean Cargo,21.18,1973.3
SHP_04831,PLNT_05,25-01-2025,Heavy Truck,7.18,566.99
SHP_04832,PLNT_03,18-07-2026,Ocean Cargo,22.62,8303.71
SHP_04833,PLNT_02,03-10-2026,Heavy Truck,24.76,285.25
SHP_04834,PLNT_02,11-01-2026,Rail,12.23,495.27
SHP_04835,PLNT_03,06-11-2024,Heavy Truck,19.3,517.04
SHP_04836,PLNT_05,19-11-2025,Heavy Truck,22.69,394.83
SHP_04837,PLNT_01,22-12-2026,Heavy Truck,3.83,464.66
SHP_04838,PLNT_03,18-06-2024,Heavy Truck,6.14,520.62
SHP_04839,PLNT_04,04-04-2026,Heavy Truck,2.83,77.52
SHP_04840,PLNT_03,18-10-2025,Heavy Truck,5.41,713.93
SHP_04841,PLNT_01,25-05-2026,Heavy Truck,13.13,148.82
SHP_04842,PLNT_03,14-04-2024,Air Freight,17.38,11586.08
SHP_04843,PLNT_02,19-08-2026,Heavy Truck,23.15,390.2
SHP_04844,PLNT_05,10-10-2026,Heavy Truck,20.17,730.36
SHP_04845,PLNT_05,12-08-2025,Heavy Truck,3.33,770.11
SHP_04846,PLNT_03,21-09-2026,Heavy Truck,13.3,528.15
SHP_04847,PLNT_03,09-05-2025,Heavy Truck,17.45,602.51
SHP_04848,PLNT_02,09-09-2025,Rail,12.38,543.25
SHP_04849,PLNT_04,15-02-2024,Rail,10,370.13
SHP_04850,PLNT_02,02-02-2025,Heavy Truck,5.14,322.18
SHP_04851,PLNT_01,05-01-2024,Ocean Cargo,12.59,3681.82
SHP_04852,PLNT_05,12-09-2024,Ocean Cargo,23.38,10579.96
SHP_04853,PLNT_03,13-04-2026,Heavy Truck,24.83,133.79
SHP_04854,PLNT_03,22-01-2026,Heavy Truck,22.09,265.69
SHP_04855,PLNT_05,21-12-2025,Ocean Cargo,3.39,3848.17
SHP_04856,PLNT_02,17-01-2025,Heavy Truck,9.53,633.1
SHP_04857,PLNT_02,14-09-2024,Ocean Cargo,15.49,495.88
SHP_04858,PLNT_03,10-05-2024,Ocean Cargo,9.67,3977.76
SHP_04859,PLNT_02,21-08-2024,Ocean Cargo,14.29,573.36
SHP_04860,PLNT_04,06-02-2024,Air Freight,17.58,9068.79
SHP_04861,PLNT_02,13-12-2025,Heavy Truck,18.06,233.28
SHP_04862,PLNT_02,07-11-2025,Ocean Cargo,13.82,2074.66
SHP_04863,PLNT_02,07-08-2024,Ocean Cargo,12.89,6818.64
SHP_04864,PLNT_01,19-10-2024,Air Freight,14.47,8730.24
SHP_04865,PLNT_01,24-08-2025,Heavy Truck,22.55,51.93
SHP_04866,PLNT_03,13-10-2024,Ocean Cargo,17.55,6556.97
SHP_04867,PLNT_04,05-10-2025,Ocean Cargo,16.19,756.93
SHP_04868,PLNT_05,13-03-2026,Heavy Truck,24.61,56.3
SHP_04869,PLNT_01,09-11-2025,Heavy Truck,2.72,457.23
SHP_04870,PLNT_04,05-10-2026,Heavy Truck,16.66,796.23
SHP_04871,PLNT_04,19-03-2026,Heavy Truck,21.55,472.07
SHP_04872,PLNT_01,24-11-2026,Ocean Cargo,9.11,8164.49
SHP_04873,PLNT_04,23-04-2025,Rail,11.73,543.95
SHP_04874,PLNT_02,11-02-2024,Ocean Cargo,20.91,5160.5
SHP_04875,PLNT_05,14-02-2025,Ocean Cargo,2.96,7043.7
SHP_04876,PLNT_01,02-06-2025,Rail,19.55,577.94
SHP_04877,PLNT_01,03-02-2024,Air Freight,13.63,4752.93
SHP_04878,PLNT_01,09-02-2025,Heavy Truck,8.82,364
SHP_04879,PLNT_03,15-04-2026,Heavy Truck,8.16,150.01
SHP_04880,PLNT_05,15-02-2025,Ocean Cargo,17.77,3312.36
SHP_04881,PLNT_03,09-06-2024,Heavy Truck,21.74,654.07
SHP_04882,PLNT_05,06-03-2024,Ocean Cargo,19.05,9468.24
SHP_04883,PLNT_03,26-11-2025,Heavy Truck,12.78,726.65
SHP_04884,PLNT_03,27-02-2026,Air Freight,12.53,9754.93
SHP_04885,PLNT_04,17-09-2026,Heavy Truck,13.68,218.7
SHP_04886,PLNT_03,24-02-2025,Ocean Cargo,6.48,11521.62
SHP_04887,PLNT_04,12-12-2026,Air Freight,15.24,5513.69
SHP_04888,PLNT_05,23-01-2025,Ocean Cargo,20.59,11606.12
SHP_04889,PLNT_03,14-05-2026,Ocean Cargo,5.79,6218.64
SHP_04890,PLNT_01,06-09-2024,Ocean Cargo,7.93,2319.26
SHP_04891,PLNT_04,01-12-2025,Heavy Truck,20.43,650.29
SHP_04892,PLNT_02,02-03-2026,Ocean Cargo,19.98,1670.89
SHP_04893,PLNT_05,15-11-2024,Air Freight,11.6,9894.58
SHP_04894,PLNT_05,04-05-2024,Ocean Cargo,17.64,5193.52
SHP_04895,PLNT_01,10-03-2026,Heavy Truck,10.99,690.17
SHP_04896,PLNT_03,03-06-2026,Heavy Truck,20.84,296.09
SHP_04897,PLNT_05,24-02-2024,Heavy Truck,17.79,541.24
SHP_04898,PLNT_03,05-06-2024,Heavy Truck,13.46,159.78
SHP_04899,PLNT_04,26-10-2026,Rail,8.74,436.59
SHP_04900,PLNT_03,21-08-2025,Heavy Truck,23.62,420.87
SHP_04901,PLNT_01,24-10-2025,Ocean Cargo,15.93,3883.12
SHP_04902,PLNT_04,17-12-2026,Rail,1.78,534.7
SHP_04903,PLNT_04,27-05-2025,Rail,10.31,350.09
SHP_04904,PLNT_02,13-08-2025,Ocean Cargo,20.68,3875.92
SHP_04905,PLNT_03,17-03-2025,Heavy Truck,2.96,783.48
SHP_04906,PLNT_04,14-05-2026,Ocean Cargo,9.23,1237.3
SHP_04907,PLNT_01,07-05-2025,Heavy Truck,20,140.41
SHP_04908,PLNT_02,14-08-2024,Heavy Truck,23.53,201.29
SHP_04909,PLNT_05,26-08-2024,Heavy Truck,20.86,407.06
SHP_04910,PLNT_05,03-02-2025,Heavy Truck,2.87,321.11
SHP_04911,PLNT_04,27-01-2024,Rail,6.81,793.55
SHP_04912,PLNT_01,27-02-2024,Heavy Truck,11.02,588.38
SHP_04913,PLNT_05,17-11-2024,Heavy Truck,7.37,398.28
SHP_04914,PLNT_01,16-03-2024,Ocean Cargo,17.69,4704.24
SHP_04915,PLNT_02,09-10-2026,Heavy Truck,12.9,99.85
SHP_04916,PLNT_03,25-08-2026,Air Freight,12.6,1897.4
SHP_04917,PLNT_02,25-07-2025,Heavy Truck,13.09,564.03
SHP_04918,PLNT_02,18-04-2024,Ocean Cargo,5.69,7710.9
SHP_04919,PLNT_05,24-11-2025,Heavy Truck,1.66,549.3
SHP_04920,PLNT_01,21-06-2024,Heavy Truck,7.92,742.02
SHP_04921,PLNT_04,14-01-2026,Ocean Cargo,20.63,2087.11
SHP_04922,PLNT_05,14-02-2025,Heavy Truck,8.23,379.21
SHP_04923,PLNT_03,22-08-2024,Heavy Truck,22.81,791.56
SHP_04924,PLNT_03,18-12-2024,Ocean Cargo,3.91,825.16
SHP_04925,PLNT_04,27-09-2025,Ocean Cargo,11.65,8381.66
SHP_04926,PLNT_04,08-05-2025,Ocean Cargo,20.63,4528.81
SHP_04927,PLNT_04,02-04-2024,Ocean Cargo,2.14,8528.71
SHP_04928,PLNT_02,13-06-2026,Heavy Truck,9.08,616.18
SHP_04929,PLNT_05,06-09-2024,Heavy Truck,14.01,194.03
SHP_04930,PLNT_01,17-05-2026,Ocean Cargo,6.69,9888.08
SHP_04931,PLNT_04,21-09-2024,Heavy Truck,18.78,56.24
SHP_04932,PLNT_04,03-06-2024,Ocean Cargo,16.82,799.83
SHP_04933,PLNT_04,16-07-2025,Rail,19.22,187.13
SHP_04934,PLNT_01,20-03-2026,Heavy Truck,24.37,244.03
SHP_04935,PLNT_04,03-08-2024,Heavy Truck,11.94,661.01
SHP_04936,PLNT_03,26-05-2025,Ocean Cargo,12.31,5704.37
SHP_04937,PLNT_02,09-05-2026,Rail,10.72,570.82
SHP_04938,PLNT_05,13-05-2024,Rail,11.45,453.38
SHP_04939,PLNT_02,15-12-2024,Heavy Truck,13.85,365.92
SHP_04940,PLNT_03,01-06-2026,Heavy Truck,8.83,194.07
SHP_04941,PLNT_05,10-11-2026,Ocean Cargo,18.21,5206.3
SHP_04942,PLNT_04,17-07-2024,Ocean Cargo,17.6,3056.85
SHP_04943,PLNT_03,02-07-2024,Heavy Truck,14.82,515.82
SHP_04944,PLNT_04,26-01-2024,Ocean Cargo,17.83,5036.81
SHP_04945,PLNT_02,13-12-2025,Air Freight,2.24,2993.04
SHP_04946,PLNT_02,13-10-2026,Heavy Truck,6.6,153.59
SHP_04947,PLNT_05,17-02-2025,Air Freight,19.02,10855.1
SHP_04948,PLNT_02,15-10-2026,Rail,13.97,134.56
SHP_04949,PLNT_05,12-02-2024,Heavy Truck,16.38,137.75
SHP_04950,PLNT_02,09-04-2024,Ocean Cargo,6.14,9479.91
SHP_04951,PLNT_04,05-09-2024,Rail,15,407.55
SHP_04952,PLNT_02,04-04-2024,Rail,19.25,776.85
SHP_04953,PLNT_02,09-07-2024,Ocean Cargo,15.05,2111.45
SHP_04954,PLNT_03,03-03-2024,Rail,7.55,273.19
SHP_04955,PLNT_03,03-06-2025,Air Freight,16.62,11047.88
SHP_04956,PLNT_04,19-02-2024,Ocean Cargo,2.71,3363.25
SHP_04957,PLNT_04,10-07-2026,Heavy Truck,20.59,254
SHP_04958,PLNT_03,13-02-2024,Ocean Cargo,6.68,7934.31
SHP_04959,PLNT_05,07-10-2024,Heavy Truck,11.24,668.47
SHP_04960,PLNT_04,03-09-2026,Ocean Cargo,3.34,4004.34
SHP_04961,PLNT_03,05-05-2024,Heavy Truck,10.25,780.54
SHP_04962,PLNT_05,16-01-2026,Heavy Truck,5.93,106.95
SHP_04963,PLNT_01,24-01-2025,Rail,1.63,781.85
SHP_04964,PLNT_02,14-10-2024,Ocean Cargo,23.39,7989.15
SHP_04965,PLNT_03,04-04-2025,Ocean Cargo,15.77,6544.12
SHP_04966,PLNT_02,22-11-2026,Heavy Truck,2.25,237.34
SHP_04967,PLNT_02,14-03-2025,Ocean Cargo,14.55,7733.95
SHP_04968,PLNT_03,17-07-2025,Rail,20.23,731.85
SHP_04969,PLNT_05,13-06-2025,Ocean Cargo,23.25,2397.88
SHP_04970,PLNT_05,03-07-2025,Heavy Truck,19.93,404.38
SHP_04971,PLNT_01,19-11-2025,Ocean Cargo,4.14,5868.41
SHP_04972,PLNT_04,16-10-2025,Heavy Truck,21.58,702.59
SHP_04973,PLNT_01,26-01-2026,Ocean Cargo,22.93,8735.52
SHP_04974,PLNT_01,10-08-2026,Ocean Cargo,4.24,1271.44
SHP_04975,PLNT_05,05-08-2026,Heavy Truck,16.71,426.25
SHP_04976,PLNT_05,13-11-2025,Ocean Cargo,23.69,3609.66
SHP_04977,PLNT_02,25-10-2026,Ocean Cargo,3.22,6788.15
SHP_04978,PLNT_01,22-03-2026,Rail,4.46,166.91
SHP_04979,PLNT_04,22-03-2026,Ocean Cargo,24.53,7139.36
SHP_04980,PLNT_04,02-05-2025,Ocean Cargo,19.81,5112.81
SHP_04981,PLNT_04,24-10-2025,Ocean Cargo,4.89,8632.77
SHP_04982,PLNT_03,14-06-2024,Rail,10.62,264.94
SHP_04983,PLNT_01,20-04-2026,Heavy Truck,22.24,205.92
SHP_04984,PLNT_03,25-05-2025,Ocean Cargo,23.03,4708.08
SHP_04985,PLNT_03,10-02-2024,Ocean Cargo,16.93,6574.11
SHP_04986,PLNT_04,10-01-2025,Ocean Cargo,4.45,11877.91
SHP_04987,PLNT_01,24-12-2026,Heavy Truck,19.02,595.6
SHP_04988,PLNT_01,09-04-2026,Heavy Truck,5.99,666.78
SHP_04989,PLNT_01,18-11-2025,Heavy Truck,13.37,349.99
SHP_04990,PLNT_02,10-01-2026,Ocean Cargo,2.86,11624.87
SHP_04991,PLNT_05,25-06-2025,Heavy Truck,12.41,798.33
SHP_04992,PLNT_01,27-11-2025,Heavy Truck,8.47,320.15
SHP_04993,PLNT_01,24-06-2025,Heavy Truck,11.03,109.8
SHP_04994,PLNT_02,15-12-2024,Air Freight,6.19,5264.62
SHP_04995,PLNT_05,25-07-2024,Heavy Truck,18.89,445.89
SHP_04996,PLNT_02,08-07-2025,Heavy Truck,6.06,445.99
SHP_04997,PLNT_02,12-11-2026,Rail,21.75,713.12
SHP_04998,PLNT_03,16-07-2026,Heavy Truck,6.31,486.56
SHP_04999,PLNT_03,17-07-2026,Ocean Cargo,8.79,2387.07
SHP_05000,PLNT_04,11-05-2026,Ocean Cargo,24.48,1797.46
SHP_05001,PLNT_03,21-02-2025,Ocean Cargo,13.35,2973.59
SHP_05002,PLNT_02,24-08-2024,Heavy Truck,1.69,546.93
SHP_05003,PLNT_05,24-12-2026,Rail,22.03,737.25
SHP_05004,PLNT_05,09-12-2025,Heavy Truck,14.26,146.23
SHP_05005,PLNT_05,26-12-2026,Heavy Truck,20.77,433.4
SHP_05006,PLNT_02,26-10-2025,Heavy Truck,23.55,661.03
SHP_05007,PLNT_03,16-10-2025,Ocean Cargo,10.04,10049.5
SHP_05008,PLNT_05,16-07-2026,Rail,3.04,232.02
SHP_05009,PLNT_03,03-01-2024,Heavy Truck,17.49,764.09
SHP_05010,PLNT_03,02-09-2025,Ocean Cargo,3.89,3747.64
SHP_05011,PLNT_03,04-04-2024,Ocean Cargo,7.65,6850.13
SHP_05012,PLNT_01,14-08-2025,Heavy Truck,8.01,215.98
SHP_05013,PLNT_02,02-06-2025,Heavy Truck,24.33,386.89
SHP_05014,PLNT_04,25-09-2024,Heavy Truck,18.9,708.56
SHP_05015,PLNT_02,19-08-2024,Ocean Cargo,2.14,5145.83
SHP_05016,PLNT_05,01-03-2026,Ocean Cargo,8.73,5076.6
SHP_05017,PLNT_01,20-04-2025,Heavy Truck,18.29,593.35
SHP_05018,PLNT_04,18-03-2025,Rail,23.81,526.46
SHP_05019,PLNT_05,22-03-2025,Air Freight,5.81,1944.04
SHP_05020,PLNT_04,22-07-2024,Ocean Cargo,24.28,9070.13
SHP_05021,PLNT_02,22-03-2025,Heavy Truck,6.37,547.31
SHP_05022,PLNT_02,09-05-2026,Heavy Truck,9.91,296.98
SHP_05023,PLNT_04,11-06-2025,Rail,9.52,716.82
SHP_05024,PLNT_04,18-04-2025,Heavy Truck,15.23,477.26
SHP_05025,PLNT_05,27-09-2026,Heavy Truck,8.84,444.03
SHP_05026,PLNT_05,22-06-2026,Ocean Cargo,8.89,10578.84
SHP_05027,PLNT_05,12-05-2025,Ocean Cargo,10.86,2624.24
SHP_05028,PLNT_03,11-04-2024,Heavy Truck,5.54,97.31
SHP_05029,PLNT_01,09-09-2024,Ocean Cargo,21.97,7862.29
SHP_05030,PLNT_01,04-10-2024,Ocean Cargo,12.76,5544.08
SHP_05031,PLNT_01,10-04-2026,Heavy Truck,20.3,57.44
SHP_05032,PLNT_05,20-11-2025,Heavy Truck,5.79,764.65
SHP_05033,PLNT_01,11-10-2026,Heavy Truck,18.98,301.66
SHP_05034,PLNT_03,19-06-2024,Heavy Truck,24.79,316.95
SHP_05035,PLNT_02,24-12-2025,Ocean Cargo,12,9133.57
SHP_05036,PLNT_04,18-01-2026,Heavy Truck,5.15,628.58
SHP_05037,PLNT_02,17-07-2025,Ocean Cargo,15.65,7546.53
SHP_05038,PLNT_05,12-08-2026,Ocean Cargo,3.76,6798.38
SHP_05039,PLNT_03,16-09-2025,Rail,3.94,315.09
SHP_05040,PLNT_04,25-02-2026,Heavy Truck,19.39,583.7
SHP_05041,PLNT_05,06-01-2025,Heavy Truck,6.65,750.29
SHP_05042,PLNT_02,22-04-2024,Heavy Truck,13.77,597.59
SHP_05043,PLNT_03,22-05-2025,Rail,14.82,728.71
SHP_05044,PLNT_01,15-10-2026,Ocean Cargo,19.2,11071.54
SHP_05045,PLNT_02,03-10-2024,Heavy Truck,22.66,180.58
SHP_05046,PLNT_01,18-01-2025,Ocean Cargo,20.88,2622.63
SHP_05047,PLNT_02,22-06-2025,Heavy Truck,10.49,728.99
SHP_05048,PLNT_05,16-04-2025,Ocean Cargo,16.04,3540.43
SHP_05049,PLNT_04,11-09-2025,Ocean Cargo,12.34,5414.11
SHP_05050,PLNT_04,11-11-2024,Ocean Cargo,24.81,5011.25
SHP_05051,PLNT_01,04-11-2024,Ocean Cargo,4.89,2767.93
SHP_05052,PLNT_05,12-08-2024,Heavy Truck,5.01,779.07
SHP_05053,PLNT_01,21-05-2026,Rail,6.54,629.68
SHP_05054,PLNT_05,01-04-2024,Heavy Truck,13.06,697.31
SHP_05055,PLNT_03,12-05-2024,Rail,22.16,681.9
SHP_05056,PLNT_01,13-10-2024,Heavy Truck,17.95,469.98
SHP_05057,PLNT_01,13-10-2025,Ocean Cargo,15.96,6892.6
SHP_05058,PLNT_05,20-04-2026,Ocean Cargo,12.34,4069.08
SHP_05059,PLNT_02,20-09-2024,Heavy Truck,11.95,116.58
SHP_05060,PLNT_02,08-02-2025,Heavy Truck,11.45,539.51
SHP_05061,PLNT_05,25-08-2024,Heavy Truck,9.54,414.18
SHP_05062,PLNT_05,03-11-2025,Rail,18.41,57.14
SHP_05063,PLNT_04,26-09-2024,Ocean Cargo,22.57,3599.91
SHP_05064,PLNT_02,08-03-2026,Heavy Truck,4.54,89.21
SHP_05065,PLNT_02,12-09-2024,Heavy Truck,23.61,726.95
SHP_05066,PLNT_01,14-05-2026,Rail,13.24,219.65
SHP_05067,PLNT_01,17-02-2025,Rail,20.4,170.02
SHP_05068,PLNT_04,03-07-2025,Ocean Cargo,20.63,3123.8
SHP_05069,PLNT_04,09-02-2024,Ocean Cargo,9.35,10911.84
SHP_05070,PLNT_05,20-04-2024,Rail,3.59,468.01
SHP_05071,PLNT_04,14-10-2025,Ocean Cargo,21.26,599.93
SHP_05072,PLNT_02,06-04-2024,Ocean Cargo,8.38,8980.57
SHP_05073,PLNT_02,16-11-2024,Heavy Truck,11.55,449.41
SHP_05074,PLNT_05,16-12-2026,Heavy Truck,15.18,761.49
SHP_05075,PLNT_05,27-11-2026,Ocean Cargo,11.93,1310.39
SHP_05076,PLNT_03,14-09-2025,Heavy Truck,14.51,114.19
SHP_05077,PLNT_01,07-02-2024,Ocean Cargo,11.04,2731.13
SHP_05078,PLNT_01,06-04-2025,Ocean Cargo,15.37,7548.25
SHP_05079,PLNT_04,21-12-2025,Ocean Cargo,19.83,5356.87
SHP_05080,PLNT_03,04-02-2025,Ocean Cargo,15.57,7073.62
SHP_05081,PLNT_03,01-11-2025,Ocean Cargo,5.95,6682.95
SHP_05082,PLNT_05,13-08-2025,Heavy Truck,19.75,730.26
SHP_05083,PLNT_05,08-08-2026,Heavy Truck,10.01,532.98
SHP_05084,PLNT_04,01-09-2024,Rail,4.34,355.94
SHP_05085,PLNT_03,04-09-2024,Heavy Truck,10.42,648.04
SHP_05086,PLNT_02,14-11-2025,Ocean Cargo,7.66,10080.45
SHP_05087,PLNT_03,23-04-2024,Ocean Cargo,7.55,3571.38
SHP_05088,PLNT_05,11-10-2025,Ocean Cargo,6.93,10824.78
SHP_05089,PLNT_05,17-10-2026,Rail,13.73,156.9
SHP_05090,PLNT_01,18-05-2026,Ocean Cargo,4.41,6474.11
SHP_05091,PLNT_05,14-02-2025,Heavy Truck,3.65,714.08
SHP_05092,PLNT_05,23-03-2026,Heavy Truck,17.45,234.16
SHP_05093,PLNT_05,01-05-2026,Heavy Truck,4.38,335.65
SHP_05094,PLNT_02,03-12-2025,Heavy Truck,16.73,658.81
SHP_05095,PLNT_02,25-03-2026,Ocean Cargo,10.88,8109.05
SHP_05096,PLNT_04,07-12-2025,Ocean Cargo,16.25,509.3
SHP_05097,PLNT_02,18-07-2025,Heavy Truck,3.85,583.73
SHP_05098,PLNT_05,08-11-2026,Heavy Truck,23.69,526.1
SHP_05099,PLNT_03,16-03-2026,Heavy Truck,7.36,585.83
SHP_05100,PLNT_01,25-09-2025,Heavy Truck,9.75,521.87
SHP_05101,PLNT_02,19-11-2024,Ocean Cargo,24.93,935.74
SHP_05102,PLNT_03,15-02-2025,Heavy Truck,22.57,733.98
SHP_05103,PLNT_02,20-11-2026,Ocean Cargo,16.67,11621.8
SHP_05104,PLNT_01,23-12-2024,Heavy Truck,24.33,285.96
SHP_05105,PLNT_02,02-08-2024,Air Freight,3.75,1235.39
SHP_05106,PLNT_01,19-09-2025,Rail,22.35,319.9
SHP_05107,PLNT_05,08-01-2024,Heavy Truck,2.97,493.38
SHP_05108,PLNT_02,08-11-2026,Ocean Cargo,23.74,5868.07
SHP_05109,PLNT_05,05-02-2024,Heavy Truck,15.92,206
SHP_05110,PLNT_01,20-03-2026,Ocean Cargo,12.11,10705.52
SHP_05111,PLNT_04,11-02-2024,Heavy Truck,3.91,655.39
SHP_05112,PLNT_05,26-01-2025,Heavy Truck,3.04,549.44
SHP_05113,PLNT_02,22-11-2026,Heavy Truck,1.99,545.87
SHP_05114,PLNT_04,23-01-2024,Heavy Truck,7.96,197.08
SHP_05115,PLNT_04,09-04-2026,Ocean Cargo,15.51,5223.47
SHP_05116,PLNT_03,13-05-2024,Rail,19.09,306.17
SHP_05117,PLNT_03,06-08-2025,Heavy Truck,3.16,441.01
SHP_05118,PLNT_04,22-12-2026,Heavy Truck,19.8,285.97
SHP_05119,PLNT_04,14-05-2024,Ocean Cargo,19.77,4330.35
SHP_05120,PLNT_03,04-11-2026,Heavy Truck,2.27,751.35
SHP_05121,PLNT_01,09-06-2026,Ocean Cargo,23.6,2684.52
SHP_05122,PLNT_03,22-11-2024,Heavy Truck,3.12,626.09
SHP_05123,PLNT_04,25-06-2025,Heavy Truck,19.04,326.07
SHP_05124,PLNT_04,22-01-2024,Heavy Truck,8.26,657.88
SHP_05125,PLNT_04,27-02-2024,Heavy Truck,21.99,242.93
SHP_05126,PLNT_05,10-04-2024,Heavy Truck,19.93,578.67
SHP_05127,PLNT_03,26-12-2024,Heavy Truck,23.24,355.23
SHP_05128,PLNT_04,06-05-2026,Ocean Cargo,2.53,3236.66
SHP_05129,PLNT_05,08-06-2026,Ocean Cargo,4.05,8685.11
SHP_05130,PLNT_02,12-07-2024,Air Freight,6.83,3116.79
SHP_05131,PLNT_04,25-07-2026,Heavy Truck,21.2,740.92
SHP_05132,PLNT_03,13-08-2024,Air Freight,10.82,5272.62
SHP_05133,PLNT_04,19-11-2025,Heavy Truck,3.07,476.94
SHP_05134,PLNT_04,06-10-2026,Ocean Cargo,24.62,6510.79
SHP_05135,PLNT_04,16-06-2025,Heavy Truck,23.05,701.85
SHP_05136,PLNT_01,11-08-2026,Ocean Cargo,18.05,5660.19
SHP_05137,PLNT_04,26-12-2026,Heavy Truck,1.73,722.01
SHP_05138,PLNT_04,25-05-2025,Ocean Cargo,4.62,1841.99
SHP_05139,PLNT_05,19-03-2025,Ocean Cargo,16.62,10710.79
SHP_05140,PLNT_01,26-06-2026,Ocean Cargo,17.82,11596.85
SHP_05141,PLNT_03,09-03-2024,Ocean Cargo,23.62,6871.15
SHP_05142,PLNT_01,23-03-2024,Heavy Truck,6.33,692.08
SHP_05143,PLNT_02,25-11-2024,Heavy Truck,8.61,425.39
SHP_05144,PLNT_05,20-02-2025,Ocean Cargo,22.36,2983.18
SHP_05145,PLNT_01,27-08-2026,Air Freight,10.97,7595.87
SHP_05146,PLNT_04,16-12-2024,Heavy Truck,12.58,516.67
SHP_05147,PLNT_04,17-02-2026,Ocean Cargo,18.2,6113.63
SHP_05148,PLNT_03,18-01-2025,Ocean Cargo,6.48,4778.22
SHP_05149,PLNT_03,08-11-2024,Heavy Truck,20.53,432.48
SHP_05150,PLNT_01,23-10-2025,Heavy Truck,7.94,301.65
SHP_05151,PLNT_05,24-01-2026,Heavy Truck,17,784.36
SHP_05152,PLNT_05,26-12-2026,Heavy Truck,10.77,305.01
SHP_05153,PLNT_02,20-02-2025,Ocean Cargo,14.78,8129.38
SHP_05154,PLNT_02,22-09-2024,Heavy Truck,15.94,544.7
SHP_05155,PLNT_04,24-07-2024,Ocean Cargo,8.94,137.84
SHP_05156,PLNT_05,18-02-2025,Heavy Truck,6.54,184.7
SHP_05157,PLNT_03,06-02-2026,Ocean Cargo,18.25,10548.03
SHP_05158,PLNT_01,25-06-2025,Ocean Cargo,16.23,9199.45
SHP_05159,PLNT_03,10-12-2025,Heavy Truck,7.32,426.38
SHP_05160,PLNT_03,17-03-2024,Heavy Truck,24.87,309.55
SHP_05161,PLNT_04,23-12-2024,Rail,14.82,189.32
SHP_05162,PLNT_03,14-05-2025,Heavy Truck,19.4,311.81
SHP_05163,PLNT_02,18-05-2024,Heavy Truck,19.5,74.42
SHP_05164,PLNT_04,26-03-2024,Heavy Truck,10.36,782.86
SHP_05165,PLNT_05,03-12-2025,Ocean Cargo,7.85,9436.73
SHP_05166,PLNT_03,11-09-2025,Ocean Cargo,23.28,7269.92
SHP_05167,PLNT_04,08-08-2025,Heavy Truck,11.52,150.9
SHP_05168,PLNT_01,19-05-2025,Heavy Truck,19.58,532.24
SHP_05169,PLNT_04,20-03-2026,Ocean Cargo,12.38,217.79
SHP_05170,PLNT_03,27-08-2025,Air Freight,20.21,7707.22
SHP_05171,PLNT_05,06-01-2024,Heavy Truck,12.55,96.4
SHP_05172,PLNT_02,02-04-2026,Ocean Cargo,11.78,9937.07
SHP_05173,PLNT_05,18-10-2026,Rail,18.14,127.4
SHP_05174,PLNT_02,16-06-2025,Rail,6.29,236.13
SHP_05175,PLNT_05,09-07-2025,Heavy Truck,7.25,272.14
SHP_05176,PLNT_02,27-04-2025,Ocean Cargo,3.29,3507.5
SHP_05177,PLNT_05,24-10-2024,Heavy Truck,7.98,52.04
SHP_05178,PLNT_03,06-01-2024,Ocean Cargo,21.36,2214.97
SHP_05179,PLNT_01,25-12-2024,Rail,6.05,706.24
SHP_05180,PLNT_04,02-12-2025,Heavy Truck,3.62,470.95
SHP_05181,PLNT_04,16-03-2025,Ocean Cargo,9.15,5050.11
SHP_05182,PLNT_05,19-06-2026,Rail,21.47,451.9
SHP_05183,PLNT_03,04-02-2024,Ocean Cargo,24.56,3059.56
SHP_05184,PLNT_02,23-07-2025,Heavy Truck,17.3,392.99
SHP_05185,PLNT_02,04-06-2024,Ocean Cargo,18.84,8214.83
SHP_05186,PLNT_01,21-07-2025,Rail,20.63,203.05
SHP_05187,PLNT_05,07-08-2025,Heavy Truck,6.7,628.83
SHP_05188,PLNT_03,10-08-2024,Ocean Cargo,12.72,11650.17
SHP_05189,PLNT_05,18-12-2026,Heavy Truck,19.84,589.98
SHP_05190,PLNT_05,12-05-2024,Ocean Cargo,8.43,8791.16
SHP_05191,PLNT_03,07-07-2025,Heavy Truck,14.09,70.34
SHP_05192,PLNT_05,07-03-2026,Rail,7.92,538.57
SHP_05193,PLNT_01,02-07-2024,Ocean Cargo,10.35,2350.95
SHP_05194,PLNT_05,01-10-2024,Heavy Truck,18.57,63.47
SHP_05195,PLNT_05,08-07-2026,Heavy Truck,9.08,650.36
SHP_05196,PLNT_02,01-11-2026,Ocean Cargo,23.26,272.63
SHP_05197,PLNT_02,13-02-2025,Ocean Cargo,18.38,11946.77
SHP_05198,PLNT_04,15-07-2026,Heavy Truck,3.66,349.89
SHP_05199,PLNT_05,16-12-2024,Ocean Cargo,14.72,11493.77
SHP_05200,PLNT_03,09-01-2026,Ocean Cargo,14.48,9146.97
SHP_05201,PLNT_02,16-10-2025,Heavy Truck,21.91,523.51
SHP_05202,PLNT_02,22-02-2026,Heavy Truck,12.66,619.17
SHP_05203,PLNT_05,20-02-2025,Ocean Cargo,14.45,823.04
SHP_05204,PLNT_04,02-04-2025,Ocean Cargo,24.5,5146.23
SHP_05205,PLNT_05,01-06-2024,Rail,5.24,99.15
SHP_05206,PLNT_02,15-11-2026,Heavy Truck,20.02,304.56
SHP_05207,PLNT_01,12-07-2025,Heavy Truck,3.86,742.21
SHP_05208,PLNT_02,17-02-2026,Heavy Truck,21.66,586.5
SHP_05209,PLNT_03,17-08-2024,Ocean Cargo,8.23,6795.28
SHP_05210,PLNT_03,25-04-2025,Heavy Truck,8.88,670.15
SHP_05211,PLNT_03,08-09-2025,Ocean Cargo,14.54,10618.19
SHP_05212,PLNT_02,22-07-2026,Air Freight,15.76,7157.23
SHP_05213,PLNT_04,14-09-2026,Ocean Cargo,21.46,1244.95
SHP_05214,PLNT_04,25-04-2024,Ocean Cargo,5.38,4370.54
SHP_05215,PLNT_04,13-01-2026,Ocean Cargo,8.6,162.12
SHP_05216,PLNT_03,20-05-2026,Heavy Truck,7.2,724.73
SHP_05217,PLNT_03,08-05-2026,Rail,22.16,755.51
SHP_05218,PLNT_04,18-06-2024,Heavy Truck,9.84,269.84
SHP_05219,PLNT_02,24-03-2025,Heavy Truck,5.35,402
SHP_05220,PLNT_05,06-05-2026,Heavy Truck,24.92,732.9
SHP_05221,PLNT_03,11-08-2025,Ocean Cargo,9.48,11315.64
SHP_05222,PLNT_05,16-08-2024,Ocean Cargo,12.49,10778.94
SHP_05223,PLNT_03,04-08-2025,Ocean Cargo,13.86,11624.66
SHP_05224,PLNT_04,01-08-2024,Ocean Cargo,17.47,1853.85
SHP_05225,PLNT_01,12-12-2025,Ocean Cargo,20.16,2955.38
SHP_05226,PLNT_03,06-11-2024,Heavy Truck,14.59,749.54
SHP_05227,PLNT_04,19-04-2026,Heavy Truck,1.55,302.24
SHP_05228,PLNT_04,13-07-2026,Heavy Truck,4.05,104.96
SHP_05229,PLNT_04,15-08-2025,Heavy Truck,20.91,378.54
SHP_05230,PLNT_01,26-01-2024,Ocean Cargo,19.41,2457.88
SHP_05231,PLNT_03,07-04-2024,Ocean Cargo,3.8,581.51
SHP_05232,PLNT_03,04-03-2026,Rail,17.54,371.78
SHP_05233,PLNT_05,15-09-2026,Ocean Cargo,24.9,4677.61
SHP_05234,PLNT_05,13-09-2026,Ocean Cargo,17.3,4168.03
SHP_05235,PLNT_04,24-05-2026,Heavy Truck,4.98,782.24
SHP_05236,PLNT_02,06-11-2025,Ocean Cargo,4.75,3202.85
SHP_05237,PLNT_05,26-01-2026,Ocean Cargo,19.58,8746.26
SHP_05238,PLNT_04,13-11-2026,Rail,20.37,376.98
SHP_05239,PLNT_01,16-05-2024,Ocean Cargo,5.61,1160.48
SHP_05240,PLNT_03,20-06-2026,Heavy Truck,22.73,797.22
SHP_05241,PLNT_03,16-08-2025,Heavy Truck,17.99,407.5
SHP_05242,PLNT_03,11-07-2025,Heavy Truck,3.5,749.91
SHP_05243,PLNT_01,14-06-2024,Ocean Cargo,22.51,2731.59
SHP_05244,PLNT_03,16-06-2025,Rail,14.62,486.04
SHP_05245,PLNT_04,19-05-2025,Heavy Truck,19.67,494.05
SHP_05246,PLNT_02,13-10-2026,Heavy Truck,14.85,494.95
SHP_05247,PLNT_05,11-11-2026,Ocean Cargo,15.21,708.5
SHP_05248,PLNT_04,09-09-2026,Heavy Truck,11.15,572.37
SHP_05249,PLNT_03,10-07-2024,Ocean Cargo,2.27,9215.09
SHP_05250,PLNT_02,24-11-2025,Heavy Truck,1.84,555.94
SHP_05251,PLNT_02,08-10-2025,Heavy Truck,17.09,299.25
SHP_05252,PLNT_04,26-08-2025,Ocean Cargo,1.55,591.57
SHP_05253,PLNT_02,24-06-2024,Ocean Cargo,23.46,9398.36
SHP_05254,PLNT_03,16-10-2024,Ocean Cargo,22.32,6072.83
SHP_05255,PLNT_03,19-05-2026,Heavy Truck,22.95,472.23
SHP_05256,PLNT_05,21-03-2024,Heavy Truck,22.09,548.67
SHP_05257,PLNT_03,17-09-2025,Heavy Truck,13.67,117.48
SHP_05258,PLNT_04,10-09-2026,Heavy Truck,15.19,463.27
SHP_05259,PLNT_03,08-12-2024,Heavy Truck,14.72,408.36
SHP_05260,PLNT_03,13-01-2024,Ocean Cargo,3.02,10099.12
SHP_05261,PLNT_04,22-07-2024,Heavy Truck,2.5,295.29
SHP_05262,PLNT_02,09-05-2025,Air Freight,3.55,5760.59
SHP_05263,PLNT_05,21-11-2026,Ocean Cargo,6.08,7201.98
SHP_05264,PLNT_01,12-03-2025,Heavy Truck,9.52,611.07
SHP_05265,PLNT_04,27-05-2026,Ocean Cargo,14.16,6480.64
SHP_05266,PLNT_01,11-10-2025,Ocean Cargo,3,10254.95
SHP_05267,PLNT_04,04-11-2026,Ocean Cargo,19.38,11634.89
SHP_05268,PLNT_04,24-05-2024,Heavy Truck,13.62,423.28
SHP_05269,PLNT_04,06-10-2026,Ocean Cargo,16.18,3573.09
SHP_05270,PLNT_05,10-01-2024,Ocean Cargo,11.94,7655.37
SHP_05271,PLNT_04,19-05-2024,Ocean Cargo,12.87,5617.93
SHP_05272,PLNT_03,13-01-2025,Ocean Cargo,23.46,11250.77
SHP_05273,PLNT_01,15-11-2025,Heavy Truck,23.02,746.59
SHP_05274,PLNT_01,23-08-2024,Rail,9.5,406.46
SHP_05275,PLNT_03,26-09-2026,Rail,14.16,707.14
SHP_05276,PLNT_02,12-01-2026,Ocean Cargo,17.91,8728.92
SHP_05277,PLNT_05,17-10-2024,Heavy Truck,4.2,490
SHP_05278,PLNT_03,18-02-2024,Heavy Truck,20.18,728.33
SHP_05279,PLNT_01,11-04-2026,Heavy Truck,16.63,657.7
SHP_05280,PLNT_02,12-10-2025,Ocean Cargo,12.77,5142
SHP_05281,PLNT_04,18-08-2026,Rail,23.52,512.06
SHP_05282,PLNT_02,12-08-2025,Heavy Truck,23.18,764.16
SHP_05283,PLNT_03,26-09-2024,Heavy Truck,7.28,372.91
SHP_05284,PLNT_03,15-07-2026,Heavy Truck,17.3,382.36
SHP_05285,PLNT_03,17-11-2025,Heavy Truck,10.31,203.27
SHP_05286,PLNT_04,07-06-2026,Heavy Truck,15.9,740.28
SHP_05287,PLNT_01,20-02-2024,Rail,23.46,296.82
SHP_05288,PLNT_03,04-07-2025,Ocean Cargo,21.93,8437.12
SHP_05289,PLNT_02,16-03-2024,Heavy Truck,3.16,165.72
SHP_05290,PLNT_04,24-01-2024,Heavy Truck,19.31,309.12
SHP_05291,PLNT_02,15-11-2024,Ocean Cargo,15.97,4397.84
SHP_05292,PLNT_02,13-08-2025,Heavy Truck,13.06,427.59
SHP_05293,PLNT_04,02-04-2025,Ocean Cargo,7.95,2008.31
SHP_05294,PLNT_05,23-11-2026,Rail,9.89,670.32
SHP_05295,PLNT_01,08-10-2024,Rail,16.1,298.74
SHP_05296,PLNT_05,05-07-2026,Ocean Cargo,6.29,5235.36
SHP_05297,PLNT_02,07-02-2024,Ocean Cargo,2.33,1819.22
SHP_05298,PLNT_03,27-09-2025,Ocean Cargo,17.3,2146.92
SHP_05299,PLNT_05,07-11-2025,Ocean Cargo,16.61,2855.66
SHP_05300,PLNT_01,12-05-2024,Heavy Truck,5.13,69.32
SHP_05301,PLNT_05,05-01-2025,Rail,1.76,56.24
SHP_05302,PLNT_04,19-01-2026,Heavy Truck,21.92,75.26
SHP_05303,PLNT_03,08-01-2025,Ocean Cargo,23.34,703.54
SHP_05304,PLNT_01,10-12-2024,Rail,14.32,268.3
SHP_05305,PLNT_05,08-08-2024,Ocean Cargo,10.07,10636.31
SHP_05306,PLNT_02,22-04-2024,Heavy Truck,4.91,388.43
SHP_05307,PLNT_01,20-07-2026,Air Freight,21.35,8961.54
SHP_05308,PLNT_04,17-05-2026,Heavy Truck,12.51,169.07
SHP_05309,PLNT_04,25-10-2026,Ocean Cargo,16.57,10448.53
SHP_05310,PLNT_02,27-12-2026,Ocean Cargo,18.43,3719.77
SHP_05311,PLNT_04,04-09-2024,Rail,15.33,442
SHP_05312,PLNT_02,11-01-2025,Heavy Truck,22.85,631.11
SHP_05313,PLNT_01,02-06-2025,Ocean Cargo,5.88,4250.62
SHP_05314,PLNT_04,11-06-2026,Ocean Cargo,11.12,2056.7
SHP_05315,PLNT_02,18-12-2026,Ocean Cargo,7.78,3427.56
SHP_05316,PLNT_02,11-04-2025,Heavy Truck,13.48,341.83
SHP_05317,PLNT_04,12-04-2025,Ocean Cargo,13.48,2334.11
SHP_05318,PLNT_03,27-01-2026,Heavy Truck,17.44,524.15
SHP_05319,PLNT_04,24-04-2024,Heavy Truck,21.73,645.01
SHP_05320,PLNT_05,15-11-2026,Rail,15.91,391.99
SHP_05321,PLNT_03,11-04-2025,Heavy Truck,11.89,202.42
SHP_05322,PLNT_01,23-08-2025,Heavy Truck,3.72,160.73
SHP_05323,PLNT_02,15-11-2025,Heavy Truck,10.65,383.42
SHP_05324,PLNT_05,21-10-2026,Heavy Truck,4.6,177.84
SHP_05325,PLNT_01,21-12-2026,Ocean Cargo,8.3,1675.26
SHP_05326,PLNT_02,18-03-2024,Heavy Truck,8.96,444.79
SHP_05327,PLNT_01,17-09-2025,Heavy Truck,13.81,669.81
SHP_05328,PLNT_01,26-11-2024,Rail,5.99,340.6
SHP_05329,PLNT_01,24-08-2025,Ocean Cargo,12.91,11963.61
SHP_05330,PLNT_01,01-11-2025,Heavy Truck,20.64,213.03
SHP_05331,PLNT_04,10-01-2025,Heavy Truck,18.11,692.32
SHP_05332,PLNT_02,15-08-2025,Heavy Truck,11.84,415.71
SHP_05333,PLNT_02,22-05-2026,Heavy Truck,6.95,591.37
SHP_05334,PLNT_05,09-08-2024,Heavy Truck,7.38,758.26
SHP_05335,PLNT_03,07-01-2024,Ocean Cargo,10.18,5747.41
SHP_05336,PLNT_02,06-04-2024,Ocean Cargo,14.26,10424.18
SHP_05337,PLNT_01,07-10-2024,Heavy Truck,20.09,159.39
SHP_05338,PLNT_05,03-11-2026,Ocean Cargo,9.65,9782.9
SHP_05339,PLNT_01,19-03-2025,Ocean Cargo,18.08,5477.15
SHP_05340,PLNT_02,17-06-2025,Heavy Truck,22.58,565.19
SHP_05341,PLNT_05,05-06-2025,Ocean Cargo,5.45,3581.51
SHP_05342,PLNT_02,01-04-2025,Ocean Cargo,16.21,2669.09
SHP_05343,PLNT_04,06-06-2026,Heavy Truck,16.15,534.97
SHP_05344,PLNT_03,16-10-2026,Ocean Cargo,9.6,10388.06
SHP_05345,PLNT_04,17-02-2024,Rail,9.7,424.78
SHP_05346,PLNT_03,15-09-2025,Heavy Truck,18.49,420.17
SHP_05347,PLNT_04,11-09-2025,Ocean Cargo,2.56,6378.59
SHP_05348,PLNT_03,18-05-2025,Rail,16.76,245.55
SHP_05349,PLNT_05,09-07-2024,Heavy Truck,15.14,758.25
SHP_05350,PLNT_04,23-05-2026,Heavy Truck,3.91,428.2
SHP_05351,PLNT_04,22-03-2024,Heavy Truck,14.08,54.09
SHP_05352,PLNT_01,26-04-2026,Ocean Cargo,11.59,6090.19
SHP_05353,PLNT_02,07-02-2026,Heavy Truck,3.97,455.77
SHP_05354,PLNT_02,06-01-2024,Heavy Truck,17.54,125.65
SHP_05355,PLNT_04,02-03-2026,Ocean Cargo,2.62,5924.92
SHP_05356,PLNT_05,01-09-2026,Ocean Cargo,1.77,6241.86
SHP_05357,PLNT_03,21-11-2026,Ocean Cargo,3.27,11663.83
SHP_05358,PLNT_05,04-08-2025,Heavy Truck,5.54,265.08
SHP_05359,PLNT_03,09-03-2026,Heavy Truck,24,416.13
SHP_05360,PLNT_03,21-09-2025,Heavy Truck,2.36,579.66
SHP_05361,PLNT_01,19-08-2026,Heavy Truck,16.91,704.17
SHP_05362,PLNT_03,26-02-2026,Ocean Cargo,12.62,8868.33
SHP_05363,PLNT_04,10-03-2024,Heavy Truck,4.74,556.33
SHP_05364,PLNT_02,16-12-2025,Ocean Cargo,22.41,10980.06
SHP_05365,PLNT_01,11-10-2026,Heavy Truck,10.64,243.42
SHP_05366,PLNT_05,27-10-2026,Rail,21.98,376.17
SHP_05367,PLNT_05,26-01-2025,Heavy Truck,17.37,329.61
SHP_05368,PLNT_05,23-09-2025,Heavy Truck,17.11,739.8
SHP_05369,PLNT_05,12-02-2025,Heavy Truck,13.03,763.46
SHP_05370,PLNT_05,20-10-2026,Heavy Truck,23.97,506.66
SHP_05371,PLNT_01,08-12-2024,Heavy Truck,13.65,604.71
SHP_05372,PLNT_02,02-01-2024,Heavy Truck,13.61,524.8
SHP_05373,PLNT_02,15-09-2025,Heavy Truck,9.16,213.67
SHP_05374,PLNT_04,27-02-2024,Heavy Truck,3.55,417.71
SHP_05375,PLNT_02,16-09-2024,Ocean Cargo,12.75,4156.68
SHP_05376,PLNT_01,14-05-2026,Ocean Cargo,24.08,3096.69
SHP_05377,PLNT_05,08-03-2026,Heavy Truck,5.62,81.1
SHP_05378,PLNT_05,11-04-2025,Rail,15.74,387.06
SHP_05379,PLNT_05,24-02-2026,Heavy Truck,21.52,236.16
SHP_05380,PLNT_05,24-10-2025,Heavy Truck,22.39,747.32
SHP_05381,PLNT_01,11-09-2026,Ocean Cargo,23.24,10495.58
SHP_05382,PLNT_05,12-04-2024,Heavy Truck,9.2,533.38
SHP_05383,PLNT_04,02-01-2024,Heavy Truck,10.29,385.55
SHP_05384,PLNT_04,22-12-2025,Ocean Cargo,14.16,10560.66
SHP_05385,PLNT_05,05-12-2024,Ocean Cargo,6.32,2015.03
SHP_05386,PLNT_01,27-06-2024,Rail,8.71,268.34
SHP_05387,PLNT_05,13-02-2026,Heavy Truck,22.04,178.85
SHP_05388,PLNT_04,08-03-2025,Heavy Truck,19.05,312.73
SHP_05389,PLNT_05,22-09-2024,Heavy Truck,22.6,279.15
SHP_05390,PLNT_01,09-08-2025,Ocean Cargo,24.02,6816.4
SHP_05391,PLNT_01,03-04-2024,Heavy Truck,4.69,101.03
SHP_05392,PLNT_05,23-01-2025,Heavy Truck,13.05,183.11
SHP_05393,PLNT_02,14-12-2024,Heavy Truck,2.41,74.07
SHP_05394,PLNT_02,04-04-2026,Air Freight,6.08,3214.74
SHP_05395,PLNT_01,18-07-2025,Heavy Truck,8.67,684.82
SHP_05396,PLNT_05,25-08-2024,Rail,4.75,176.67
SHP_05397,PLNT_02,25-09-2025,Ocean Cargo,20.4,881.39
SHP_05398,PLNT_01,10-10-2026,Ocean Cargo,22.9,1795.71
SHP_05399,PLNT_01,13-07-2026,Rail,11.89,137.19
SHP_05400,PLNT_02,17-02-2025,Heavy Truck,4.98,376.1
SHP_05401,PLNT_02,01-11-2026,Heavy Truck,14.46,58.2
SHP_05402,PLNT_01,05-05-2026,Heavy Truck,23.53,601.94
SHP_05403,PLNT_02,03-03-2024,Heavy Truck,16.45,424.98
SHP_05404,PLNT_05,16-06-2025,Ocean Cargo,13.23,11977.05
SHP_05405,PLNT_02,16-04-2024,Heavy Truck,4.32,394.82
SHP_05406,PLNT_03,12-04-2024,Heavy Truck,17.19,691.04
SHP_05407,PLNT_01,20-05-2025,Heavy Truck,2.24,591.14
SHP_05408,PLNT_03,12-09-2026,Heavy Truck,8.48,581.11
SHP_05409,PLNT_05,07-08-2026,Ocean Cargo,17.92,4832.52
SHP_05410,PLNT_01,12-04-2026,Ocean Cargo,19.34,3037.93
SHP_05411,PLNT_05,03-02-2024,Heavy Truck,7.57,764.78
SHP_05412,PLNT_01,22-03-2026,Heavy Truck,22.03,525.15
SHP_05413,PLNT_04,24-03-2025,Heavy Truck,5.24,509.16
SHP_05414,PLNT_03,11-12-2025,Ocean Cargo,12.92,10836.95
SHP_05415,PLNT_04,16-07-2026,Ocean Cargo,5.5,6729.53
SHP_05416,PLNT_02,13-08-2025,Heavy Truck,9.42,625.72
SHP_05417,PLNT_02,06-11-2024,Ocean Cargo,17.93,9463.02
SHP_05418,PLNT_03,16-04-2026,Ocean Cargo,6.55,2870.11
SHP_05419,PLNT_05,07-12-2024,Heavy Truck,9.06,100.16
SHP_05420,PLNT_02,12-05-2025,Rail,15.39,440.77
SHP_05421,PLNT_03,18-06-2025,Rail,5.17,144.13
SHP_05422,PLNT_01,24-11-2026,Ocean Cargo,13.4,9112.73
SHP_05423,PLNT_02,22-02-2025,Heavy Truck,18.11,57.69
SHP_05424,PLNT_03,11-12-2024,Heavy Truck,18.3,784.39
SHP_05425,PLNT_02,13-06-2024,Heavy Truck,22.18,299.41
SHP_05426,PLNT_02,19-08-2025,Heavy Truck,5.1,607
SHP_05427,PLNT_01,06-11-2026,Heavy Truck,24.29,783.56
SHP_05428,PLNT_03,24-04-2025,Ocean Cargo,4.37,9124.74
SHP_05429,PLNT_05,18-10-2025,Heavy Truck,17.46,692.94
SHP_05430,PLNT_01,03-09-2026,Heavy Truck,1.62,652.15
SHP_05431,PLNT_03,25-02-2026,Heavy Truck,15.4,541.36
SHP_05432,PLNT_03,23-09-2026,Heavy Truck,11.96,318.11
SHP_05433,PLNT_03,07-06-2025,Heavy Truck,20.98,248.02
SHP_05434,PLNT_02,01-07-2026,Heavy Truck,21.44,514.19
SHP_05435,PLNT_03,04-02-2024,Ocean Cargo,1.75,9330.09
SHP_05436,PLNT_02,06-01-2025,Heavy Truck,6.51,446.32
SHP_05437,PLNT_05,14-11-2024,Heavy Truck,21.6,58.07
SHP_05438,PLNT_02,13-08-2025,Heavy Truck,17.77,799.76
SHP_05439,PLNT_05,10-03-2026,Heavy Truck,16.7,270.29
SHP_05440,PLNT_02,13-01-2024,Ocean Cargo,9.62,3332.33
SHP_05441,PLNT_05,25-09-2025,Heavy Truck,7.55,799.62
SHP_05442,PLNT_03,15-01-2026,Ocean Cargo,8.57,8744.81
SHP_05443,PLNT_05,22-10-2024,Ocean Cargo,23.24,8394.68
SHP_05444,PLNT_02,14-05-2025,Heavy Truck,21.83,775.81
SHP_05445,PLNT_02,25-04-2026,Heavy Truck,17.11,327.47
SHP_05446,PLNT_03,24-05-2026,Ocean Cargo,3.84,6894.46
SHP_05447,PLNT_02,26-02-2025,Heavy Truck,5.9,177.38
SHP_05448,PLNT_02,22-07-2026,Heavy Truck,24.67,94.67
SHP_05449,PLNT_03,11-08-2025,Heavy Truck,9.02,602.98
SHP_05450,PLNT_04,01-07-2026,Heavy Truck,15.71,476.35
SHP_05451,PLNT_02,04-11-2024,Heavy Truck,17.63,109.28
SHP_05452,PLNT_05,22-12-2026,Heavy Truck,4.27,650.15
SHP_05453,PLNT_04,11-03-2024,Ocean Cargo,22.44,4581.98
SHP_05454,PLNT_02,20-05-2025,Ocean Cargo,9.13,3030.74
SHP_05455,PLNT_01,17-06-2026,Heavy Truck,2.68,140.64
SHP_05456,PLNT_04,06-02-2025,Heavy Truck,10.8,138.98
SHP_05457,PLNT_05,15-06-2024,Heavy Truck,15.6,253.21
SHP_05458,PLNT_03,27-10-2024,Heavy Truck,22.38,544.13
SHP_05459,PLNT_01,15-10-2026,Heavy Truck,14.07,419.59
SHP_05460,PLNT_04,26-11-2024,Heavy Truck,12.31,457.39
SHP_05461,PLNT_05,17-11-2025,Ocean Cargo,18.87,667.92
SHP_05462,PLNT_02,02-01-2026,Rail,11.62,721.13
SHP_05463,PLNT_05,08-02-2024,Air Freight,14.93,5914.13
SHP_05464,PLNT_05,19-03-2026,Heavy Truck,9.21,291.03
SHP_05465,PLNT_05,09-01-2025,Heavy Truck,11.68,551.46
SHP_05466,PLNT_03,14-05-2024,Ocean Cargo,6.31,9208.74
SHP_05467,PLNT_02,10-11-2024,Heavy Truck,4.3,430.04
SHP_05468,PLNT_03,08-03-2026,Heavy Truck,2.84,307.88
SHP_05469,PLNT_01,26-12-2026,Heavy Truck,2.75,767.33
SHP_05470,PLNT_02,05-08-2026,Ocean Cargo,17.35,11730.76
SHP_05471,PLNT_05,08-08-2025,Ocean Cargo,8.77,9719.09
SHP_05472,PLNT_04,24-12-2024,Ocean Cargo,7.04,9646.56
SHP_05473,PLNT_03,20-01-2025,Ocean Cargo,10.95,11890.08
SHP_05474,PLNT_01,04-01-2025,Ocean Cargo,23.84,10913.53
SHP_05475,PLNT_04,10-05-2024,Rail,3.72,589.92
SHP_05476,PLNT_03,11-07-2025,Heavy Truck,22.8,255.05
SHP_05477,PLNT_02,18-05-2026,Heavy Truck,15.27,609.93
SHP_05478,PLNT_02,16-04-2026,Ocean Cargo,23.3,9624.55
SHP_05479,PLNT_03,19-05-2026,Heavy Truck,22.62,664.8
SHP_05480,PLNT_02,23-07-2026,Air Freight,1.87,5549.51
SHP_05481,PLNT_02,06-07-2024,Heavy Truck,19.1,232.79
SHP_05482,PLNT_01,15-11-2025,Ocean Cargo,12.11,7049.19
SHP_05483,PLNT_03,09-04-2024,Heavy Truck,10.59,741.42
SHP_05484,PLNT_01,20-09-2026,Heavy Truck,5.07,323.38
SHP_05485,PLNT_05,03-10-2026,Ocean Cargo,21.03,11040.51
SHP_05486,PLNT_04,25-05-2026,Heavy Truck,17.43,348.32
SHP_05487,PLNT_05,20-02-2026,Ocean Cargo,2.93,10571.27
SHP_05488,PLNT_04,08-05-2026,Ocean Cargo,11.81,11042.37
SHP_05489,PLNT_04,14-03-2024,Ocean Cargo,8.97,1746.06
SHP_05490,PLNT_03,18-09-2025,Heavy Truck,14.5,365.39
SHP_05491,PLNT_05,16-05-2025,Ocean Cargo,15.61,11011
SHP_05492,PLNT_03,01-10-2026,Ocean Cargo,20.59,2966.09
SHP_05493,PLNT_04,22-03-2026,Ocean Cargo,22.06,9092.56
SHP_05494,PLNT_02,10-09-2024,Ocean Cargo,3.64,996.79
SHP_05495,PLNT_05,03-11-2026,Ocean Cargo,21.79,9824.69
SHP_05496,PLNT_03,24-08-2026,Ocean Cargo,14.43,127.03
SHP_05497,PLNT_01,11-12-2025,Heavy Truck,15.3,484.81
SHP_05498,PLNT_05,22-05-2024,Heavy Truck,22.57,408.17
SHP_05499,PLNT_05,26-03-2025,Ocean Cargo,7.15,11906.99
SHP_05500,PLNT_01,21-11-2024,Ocean Cargo,3.32,3534.7
SHP_05501,PLNT_02,20-12-2026,Ocean Cargo,22.79,7102.36
SHP_05502,PLNT_02,22-09-2026,Ocean Cargo,17.67,10538.68
SHP_05503,PLNT_04,18-03-2026,Ocean Cargo,5.55,2570.69
SHP_05504,PLNT_01,13-02-2024,Ocean Cargo,12.75,6596.38
SHP_05505,PLNT_02,10-07-2024,Heavy Truck,21.07,700.6
SHP_05506,PLNT_05,01-07-2025,Rail,23.13,469.01
SHP_05507,PLNT_04,24-07-2025,Heavy Truck,6.47,211.31
SHP_05508,PLNT_05,24-09-2026,Heavy Truck,23.43,231.87
SHP_05509,PLNT_01,24-01-2026,Heavy Truck,9.46,496.46
SHP_05510,PLNT_04,09-12-2026,Ocean Cargo,11.92,2615.72
SHP_05511,PLNT_01,18-08-2024,Ocean Cargo,9.99,9669.3
SHP_05512,PLNT_02,18-09-2024,Heavy Truck,3.81,752.26
SHP_05513,PLNT_05,08-04-2026,Heavy Truck,3.75,243.47
SHP_05514,PLNT_04,04-03-2025,Ocean Cargo,2.1,5470.87
SHP_05515,PLNT_01,22-03-2026,Ocean Cargo,17.24,11369.03
SHP_05516,PLNT_02,09-06-2025,Ocean Cargo,7.66,9271.01
SHP_05517,PLNT_03,19-11-2025,Rail,12.49,680.34
SHP_05518,PLNT_01,20-04-2026,Heavy Truck,8.18,406.39
SHP_05519,PLNT_05,18-05-2024,Heavy Truck,17.5,610.16
SHP_05520,PLNT_03,12-07-2025,Heavy Truck,1.9,315.53
SHP_05521,PLNT_02,19-06-2026,Rail,22.87,480.28
SHP_05522,PLNT_04,19-08-2024,Ocean Cargo,21.1,1314.16
SHP_05523,PLNT_02,05-06-2026,Ocean Cargo,23.12,4361.93
SHP_05524,PLNT_04,06-09-2024,Heavy Truck,7.9,777.8
SHP_05525,PLNT_02,07-06-2026,Ocean Cargo,6.52,8851.07
SHP_05526,PLNT_05,25-10-2026,Heavy Truck,15.96,482.77
SHP_05527,PLNT_05,26-04-2026,Ocean Cargo,10.92,11653.13
SHP_05528,PLNT_02,01-04-2026,Ocean Cargo,14.94,3157.3
SHP_05529,PLNT_01,27-11-2025,Ocean Cargo,10.74,5269.31
SHP_05530,PLNT_05,26-09-2024,Heavy Truck,12.17,752.56
SHP_05531,PLNT_03,25-08-2025,Ocean Cargo,9.2,2567.52
SHP_05532,PLNT_05,23-12-2025,Ocean Cargo,21.25,7599.8
SHP_05533,PLNT_05,26-03-2025,Rail,7.59,531.92
SHP_05534,PLNT_03,24-04-2024,Heavy Truck,9.99,56.99
SHP_05535,PLNT_02,09-06-2025,Heavy Truck,7,420.22
SHP_05536,PLNT_04,22-06-2025,Heavy Truck,15.65,270
SHP_05537,PLNT_03,08-07-2024,Ocean Cargo,23.18,4079.16
SHP_05538,PLNT_05,09-02-2025,Ocean Cargo,23.63,3933.34
SHP_05539,PLNT_04,14-11-2026,Ocean Cargo,24.13,2157.79
SHP_05540,PLNT_04,13-02-2024,Heavy Truck,10.17,148.58
SHP_05541,PLNT_04,15-10-2024,Rail,2.15,449.71
SHP_05542,PLNT_02,26-11-2024,Ocean Cargo,19.36,7048.4
SHP_05543,PLNT_05,04-09-2024,Ocean Cargo,15.79,11203.28
SHP_05544,PLNT_04,02-02-2024,Ocean Cargo,18.66,8026.32
SHP_05545,PLNT_05,18-02-2026,Ocean Cargo,19.32,9475.79
SHP_05546,PLNT_03,16-07-2025,Ocean Cargo,19.87,11101.74
SHP_05547,PLNT_04,18-08-2025,Air Freight,18.04,11504.19
SHP_05548,PLNT_05,16-05-2024,Ocean Cargo,23.32,8461.14
SHP_05549,PLNT_04,03-02-2024,Heavy Truck,2.3,225.3
SHP_05550,PLNT_02,06-12-2024,Ocean Cargo,7.11,7480.91
SHP_05551,PLNT_01,21-08-2025,Ocean Cargo,4.09,4997.8
SHP_05552,PLNT_01,09-09-2026,Heavy Truck,16.32,457.1
SHP_05553,PLNT_02,27-07-2024,Rail,13.7,57.97
SHP_05554,PLNT_02,19-04-2026,Heavy Truck,22.31,365.64
SHP_05555,PLNT_04,25-10-2025,Rail,9.3,729.8
SHP_05556,PLNT_02,23-11-2026,Heavy Truck,13.68,591.99
SHP_05557,PLNT_02,25-01-2024,Rail,12.54,534.87
SHP_05558,PLNT_02,08-06-2025,Ocean Cargo,18.1,4972.02
SHP_05559,PLNT_04,15-04-2026,Ocean Cargo,16.74,11101.43
SHP_05560,PLNT_01,09-10-2024,Heavy Truck,11.96,110.77
SHP_05561,PLNT_03,04-04-2024,Heavy Truck,19.19,211.1
SHP_05562,PLNT_03,03-04-2026,Ocean Cargo,18.03,8978.7
SHP_05563,PLNT_05,21-05-2025,Air Freight,23.88,11870.3
SHP_05564,PLNT_02,07-06-2026,Ocean Cargo,2.66,4328.76
SHP_05565,PLNT_03,26-11-2026,Ocean Cargo,13.02,5804.16
SHP_05566,PLNT_04,01-12-2026,Rail,16.77,134.67
SHP_05567,PLNT_03,06-02-2026,Ocean Cargo,6.74,7849.31
SHP_05568,PLNT_01,15-12-2026,Heavy Truck,2.89,135.52
SHP_05569,PLNT_01,18-11-2024,Heavy Truck,9.29,96.92
SHP_05570,PLNT_05,19-01-2026,Ocean Cargo,4.31,764.41
SHP_05571,PLNT_05,24-05-2024,Heavy Truck,4.3,365.06
SHP_05572,PLNT_03,11-06-2024,Ocean Cargo,3.38,4381.59
SHP_05573,PLNT_01,20-07-2024,Ocean Cargo,5.71,10146.21
SHP_05574,PLNT_05,12-01-2026,Heavy Truck,12.12,498.31
SHP_05575,PLNT_02,22-10-2026,Heavy Truck,13.36,272.78
SHP_05576,PLNT_02,23-02-2025,Heavy Truck,11.8,197.32
SHP_05577,PLNT_03,16-03-2024,Ocean Cargo,9.61,7003.82
SHP_05578,PLNT_04,21-06-2024,Ocean Cargo,4.79,2086.69
SHP_05579,PLNT_03,11-02-2025,Heavy Truck,19.01,148.54
SHP_05580,PLNT_02,19-02-2024,Ocean Cargo,6.92,11019.75
SHP_05581,PLNT_05,25-09-2026,Ocean Cargo,11.9,8538.22
SHP_05582,PLNT_03,06-05-2025,Heavy Truck,17.83,745.14
SHP_05583,PLNT_01,21-12-2026,Heavy Truck,12.95,129.14
SHP_05584,PLNT_03,11-06-2025,Heavy Truck,19.72,588.06
SHP_05585,PLNT_01,09-12-2026,Heavy Truck,19.72,160.28
SHP_05586,PLNT_05,12-12-2025,Heavy Truck,17.42,209.78
SHP_05587,PLNT_04,03-01-2025,Ocean Cargo,6.76,2775.44
SHP_05588,PLNT_04,17-02-2024,Heavy Truck,4.38,753.31
SHP_05589,PLNT_01,01-09-2026,Heavy Truck,22.75,82.08
SHP_05590,PLNT_03,27-09-2026,Ocean Cargo,8.33,6340.01
SHP_05591,PLNT_05,03-09-2025,Ocean Cargo,11.61,3434.84
SHP_05592,PLNT_01,04-10-2025,Ocean Cargo,19.01,10746.9
SHP_05593,PLNT_05,10-08-2024,Rail,13.38,237.4
SHP_05594,PLNT_02,19-02-2024,Ocean Cargo,13.57,2976.59
SHP_05595,PLNT_01,24-08-2024,Ocean Cargo,5.31,9055.62
SHP_05596,PLNT_04,13-12-2024,Ocean Cargo,3.16,9203.1
SHP_05597,PLNT_03,24-06-2024,Ocean Cargo,8.17,584.25
SHP_05598,PLNT_04,15-02-2026,Heavy Truck,9.58,334.5
SHP_05599,PLNT_01,16-06-2026,Heavy Truck,10.62,760.77
SHP_05600,PLNT_03,21-04-2024,Ocean Cargo,10.34,3122.59
SHP_05601,PLNT_02,23-01-2025,Heavy Truck,18.9,664.09
SHP_05602,PLNT_04,03-10-2025,Ocean Cargo,6.8,1775.09
SHP_05603,PLNT_03,26-02-2026,Ocean Cargo,12.76,3522.77
SHP_05604,PLNT_04,01-01-2024,Ocean Cargo,19.43,579.71
SHP_05605,PLNT_02,27-08-2025,Heavy Truck,22.35,758.89
SHP_05606,PLNT_03,16-04-2024,Ocean Cargo,15.14,1001.88
SHP_05607,PLNT_04,07-11-2026,Heavy Truck,15.88,468.28
SHP_05608,PLNT_05,05-05-2026,Ocean Cargo,14.08,1329.35
SHP_05609,PLNT_02,16-01-2026,Ocean Cargo,18.2,5029.56
SHP_05610,PLNT_05,09-07-2026,Ocean Cargo,4.34,713.92
SHP_05611,PLNT_05,07-10-2025,Heavy Truck,15.95,233.91
SHP_05612,PLNT_02,10-02-2025,Heavy Truck,10.06,371.95
SHP_05613,PLNT_05,16-01-2026,Rail,5.7,283.72
SHP_05614,PLNT_03,25-01-2024,Rail,4.7,783.05
SHP_05615,PLNT_04,20-10-2026,Ocean Cargo,7.21,296.05
SHP_05616,PLNT_03,13-08-2024,Air Freight,6.83,4404.78
SHP_05617,PLNT_01,17-05-2026,Heavy Truck,17.09,616.66
SHP_05618,PLNT_04,22-08-2025,Ocean Cargo,22.27,10374.04
SHP_05619,PLNT_03,10-02-2026,Heavy Truck,16.31,173.68
SHP_05620,PLNT_01,27-06-2024,Heavy Truck,21.8,220
SHP_05621,PLNT_05,27-01-2024,Heavy Truck,24.48,652.3
SHP_05622,PLNT_05,08-12-2025,Heavy Truck,5.88,724.94
SHP_05623,PLNT_02,12-04-2024,Heavy Truck,15.76,783.17
SHP_05624,PLNT_04,18-12-2026,Air Freight,3,9321.9
SHP_05625,PLNT_03,19-02-2026,Ocean Cargo,1.98,1307.71
SHP_05626,PLNT_05,09-12-2025,Heavy Truck,7.59,426.8
SHP_05627,PLNT_03,02-12-2026,Heavy Truck,19.32,690.82
SHP_05628,PLNT_05,19-07-2026,Heavy Truck,20.32,92.43
SHP_05629,PLNT_01,19-02-2026,Rail,17.05,131.74
SHP_05630,PLNT_01,06-08-2026,Heavy Truck,12.38,444.13
SHP_05631,PLNT_05,02-02-2024,Heavy Truck,17.24,293.98
SHP_05632,PLNT_04,26-01-2025,Heavy Truck,16.87,349.22
SHP_05633,PLNT_04,09-08-2025,Rail,14.14,51.17
SHP_05634,PLNT_03,15-04-2025,Heavy Truck,11.2,784.31
SHP_05635,PLNT_02,15-11-2025,Heavy Truck,17.07,420.49
SHP_05636,PLNT_04,25-11-2026,Heavy Truck,3.47,503.37
SHP_05637,PLNT_02,01-12-2025,Ocean Cargo,2.46,4266.36
SHP_05638,PLNT_04,11-03-2024,Air Freight,22.3,1698.5
SHP_05639,PLNT_02,09-11-2024,Heavy Truck,12.92,73.16
SHP_05640,PLNT_04,22-06-2025,Heavy Truck,23.85,366.61
SHP_05641,PLNT_04,26-05-2026,Heavy Truck,15.93,175
SHP_05642,PLNT_01,25-02-2024,Ocean Cargo,7.51,501.35
SHP_05643,PLNT_03,09-05-2025,Heavy Truck,10.33,367.73
SHP_05644,PLNT_03,10-07-2024,Heavy Truck,11.65,241.67
SHP_05645,PLNT_03,04-10-2025,Heavy Truck,15.16,244.02
SHP_05646,PLNT_02,15-09-2025,Heavy Truck,12.8,677
SHP_05647,PLNT_01,27-05-2024,Ocean Cargo,24.17,1891.52
SHP_05648,PLNT_05,18-06-2024,Ocean Cargo,9.67,5603.29
SHP_05649,PLNT_01,02-12-2025,Air Freight,15.75,6883.05
SHP_05650,PLNT_03,09-07-2025,Ocean Cargo,11.08,2639.39
SHP_05651,PLNT_01,25-05-2026,Heavy Truck,10.23,480.26
SHP_05652,PLNT_01,02-08-2024,Heavy Truck,12.33,721.62
SHP_05653,PLNT_05,19-08-2026,Heavy Truck,24.66,580.29
SHP_05654,PLNT_04,22-03-2026,Ocean Cargo,16.96,11021.24
SHP_05655,PLNT_03,23-02-2026,Heavy Truck,13.6,193.98
SHP_05656,PLNT_02,03-11-2026,Heavy Truck,15.12,142.19
SHP_05657,PLNT_02,13-07-2026,Ocean Cargo,8.68,10962.44
SHP_05658,PLNT_03,11-06-2026,Ocean Cargo,22.42,2312.8
SHP_05659,PLNT_04,24-02-2024,Heavy Truck,17.29,763.59
SHP_05660,PLNT_02,06-10-2026,Ocean Cargo,15.5,1458.59
SHP_05661,PLNT_02,25-11-2025,Ocean Cargo,12.18,3178.57
SHP_05662,PLNT_05,07-02-2025,Heavy Truck,5.47,272.88
SHP_05663,PLNT_03,13-12-2024,Ocean Cargo,3.26,7297.57
SHP_05664,PLNT_05,18-04-2024,Heavy Truck,18.59,724.85
SHP_05665,PLNT_05,26-08-2026,Ocean Cargo,23.49,7898.9
SHP_05666,PLNT_01,15-06-2024,Air Freight,10.85,10494.41
SHP_05667,PLNT_03,16-07-2024,Heavy Truck,6.41,573.59
SHP_05668,PLNT_04,02-08-2024,Ocean Cargo,17.07,2284.53
SHP_05669,PLNT_04,23-01-2026,Ocean Cargo,7.73,4978.07
SHP_05670,PLNT_03,05-05-2026,Ocean Cargo,1.87,3840.46
SHP_05671,PLNT_03,13-11-2024,Heavy Truck,6.23,342.46
SHP_05672,PLNT_02,24-12-2024,Heavy Truck,24.7,558.16
SHP_05673,PLNT_01,12-08-2024,Ocean Cargo,20.96,3974.55
SHP_05674,PLNT_04,06-02-2026,Ocean Cargo,11.24,10284.75
SHP_05675,PLNT_04,25-01-2026,Heavy Truck,10.37,54.96
SHP_05676,PLNT_05,25-12-2024,Heavy Truck,10.75,330.69
SHP_05677,PLNT_02,23-12-2024,Rail,23.89,698.97
SHP_05678,PLNT_01,27-03-2024,Heavy Truck,13.71,354.29
SHP_05679,PLNT_02,24-10-2024,Ocean Cargo,3.83,6024.38
SHP_05680,PLNT_04,22-02-2025,Heavy Truck,11.19,677.93
SHP_05681,PLNT_02,13-10-2025,Heavy Truck,23.13,407.76
SHP_05682,PLNT_02,16-04-2024,Rail,7.33,264.43
SHP_05683,PLNT_03,24-11-2024,Heavy Truck,21.47,437.34
SHP_05684,PLNT_03,09-04-2024,Ocean Cargo,5.69,1152.51
SHP_05685,PLNT_05,25-02-2026,Ocean Cargo,12.81,9274.02
SHP_05686,PLNT_05,05-03-2026,Ocean Cargo,12.72,8355.13
SHP_05687,PLNT_05,13-11-2025,Heavy Truck,19.74,450.56
SHP_05688,PLNT_05,20-08-2026,Heavy Truck,8.89,588.19
SHP_05689,PLNT_02,01-10-2026,Ocean Cargo,5.98,678.13
SHP_05690,PLNT_05,12-07-2024,Heavy Truck,5.26,701.22
SHP_05691,PLNT_03,24-08-2024,Heavy Truck,20.19,126.33
SHP_05692,PLNT_05,21-08-2024,Ocean Cargo,13.65,5044.52
SHP_05693,PLNT_02,02-07-2024,Ocean Cargo,24.36,6398.34
SHP_05694,PLNT_05,13-11-2026,Ocean Cargo,14.84,8194.81
SHP_05695,PLNT_05,14-05-2026,Ocean Cargo,24.09,2306.64
SHP_05696,PLNT_04,04-04-2024,Ocean Cargo,12.21,8535.67
SHP_05697,PLNT_02,10-11-2024,Heavy Truck,16.41,522.02
SHP_05698,PLNT_05,01-09-2026,Ocean Cargo,19.7,9812.53
SHP_05699,PLNT_05,14-05-2026,Heavy Truck,17.29,674.78
SHP_05700,PLNT_01,13-07-2025,Rail,14.17,477.87
SHP_05701,PLNT_05,05-11-2024,Heavy Truck,5.61,359.1
SHP_05702,PLNT_02,01-04-2026,Ocean Cargo,5.19,8931.04
SHP_05703,PLNT_04,10-07-2025,Ocean Cargo,10.2,5362.5
SHP_05704,PLNT_05,19-03-2026,Ocean Cargo,2.66,1454.19
SHP_05705,PLNT_03,01-03-2025,Heavy Truck,20.37,630.52
SHP_05706,PLNT_01,01-03-2026,Heavy Truck,9.54,255.32
SHP_05707,PLNT_03,27-12-2024,Heavy Truck,22.13,649.22
SHP_05708,PLNT_04,22-10-2024,Rail,7.57,295.75
SHP_05709,PLNT_02,26-02-2024,Ocean Cargo,3.5,6184.18
SHP_05710,PLNT_03,04-06-2025,Ocean Cargo,21.3,7995.93
SHP_05711,PLNT_05,17-08-2026,Rail,2.53,446.99
SHP_05712,PLNT_02,05-02-2024,Ocean Cargo,2.4,8918
SHP_05713,PLNT_04,03-08-2025,Ocean Cargo,24.06,8186.85
SHP_05714,PLNT_01,01-02-2025,Ocean Cargo,1.58,1451.82
SHP_05715,PLNT_03,06-01-2026,Heavy Truck,13.78,391.07
SHP_05716,PLNT_03,06-10-2025,Heavy Truck,2.09,332.9
SHP_05717,PLNT_05,22-11-2024,Ocean Cargo,9.3,838.47
SHP_05718,PLNT_02,23-01-2026,Ocean Cargo,20.97,8179.07
SHP_05719,PLNT_01,22-01-2025,Heavy Truck,23.39,66.24
SHP_05720,PLNT_05,26-04-2024,Air Freight,15.89,6881.31
SHP_05721,PLNT_01,11-08-2026,Heavy Truck,5.61,650.94
SHP_05722,PLNT_03,14-06-2024,Heavy Truck,8.13,348.51
SHP_05723,PLNT_02,27-03-2024,Heavy Truck,5.04,187.16
SHP_05724,PLNT_04,19-12-2026,Ocean Cargo,12.78,3108.57
SHP_05725,PLNT_02,11-09-2026,Rail,4.77,368.38
SHP_05726,PLNT_03,11-02-2024,Ocean Cargo,10.67,7671.43
SHP_05727,PLNT_02,05-05-2026,Ocean Cargo,8.03,6191.53
SHP_05728,PLNT_03,14-08-2024,Heavy Truck,18.81,272.49
SHP_05729,PLNT_05,25-06-2025,Ocean Cargo,3.94,10060.3
SHP_05730,PLNT_03,01-02-2026,Ocean Cargo,24.22,3718.07
SHP_05731,PLNT_02,18-08-2025,Heavy Truck,8.74,536.47
SHP_05732,PLNT_02,14-06-2024,Ocean Cargo,3.04,6109.83
SHP_05733,PLNT_04,18-03-2025,Heavy Truck,8.25,762.32
SHP_05734,PLNT_04,24-12-2026,Heavy Truck,4.43,689.34
SHP_05735,PLNT_03,03-07-2024,Heavy Truck,19.63,60.53
SHP_05736,PLNT_02,15-06-2025,Heavy Truck,18.1,622.73
SHP_05737,PLNT_02,11-09-2026,Ocean Cargo,22.31,4798.12
SHP_05738,PLNT_04,05-09-2025,Rail,22.81,427.24
SHP_05739,PLNT_03,27-12-2026,Ocean Cargo,1.97,3504.94
SHP_05740,PLNT_02,17-11-2025,Ocean Cargo,15.31,4801.74
SHP_05741,PLNT_03,13-07-2024,Heavy Truck,15.52,359.99
SHP_05742,PLNT_02,25-11-2025,Ocean Cargo,19.34,11536.64
SHP_05743,PLNT_02,10-10-2026,Rail,18.11,559.36
SHP_05744,PLNT_05,03-11-2025,Ocean Cargo,10.35,3621.95
SHP_05745,PLNT_02,24-01-2024,Ocean Cargo,16.58,3047.21
SHP_05746,PLNT_01,11-05-2026,Heavy Truck,8.86,355.43
SHP_05747,PLNT_05,13-05-2025,Ocean Cargo,18.82,1931.24
SHP_05748,PLNT_04,21-10-2026,Heavy Truck,5.87,458.29
SHP_05749,PLNT_02,18-01-2025,Heavy Truck,13.24,60.88
SHP_05750,PLNT_03,25-12-2024,Ocean Cargo,1.99,6233.88
SHP_05751,PLNT_03,13-11-2024,Heavy Truck,18.75,469.71
SHP_05752,PLNT_04,07-03-2025,Ocean Cargo,14.82,615.09
SHP_05753,PLNT_01,07-03-2026,Heavy Truck,15.72,315.83
SHP_05754,PLNT_04,06-02-2025,Ocean Cargo,4.08,9696.33
SHP_05755,PLNT_03,03-12-2024,Heavy Truck,12.98,766.99
SHP_05756,PLNT_05,25-09-2025,Rail,23.2,526.73
SHP_05757,PLNT_04,25-12-2024,Ocean Cargo,24.82,3195.07
SHP_05758,PLNT_04,15-05-2026,Air Freight,23.08,9277.79
SHP_05759,PLNT_05,08-03-2025,Ocean Cargo,15.07,1944.92
SHP_05760,PLNT_04,14-10-2024,Ocean Cargo,9.21,7408.24
SHP_05761,PLNT_05,09-03-2024,Heavy Truck,7.59,71.01
SHP_05762,PLNT_02,15-03-2025,Ocean Cargo,5.26,1111.74
SHP_05763,PLNT_02,01-10-2026,Air Freight,21.34,6836.41
SHP_05764,PLNT_02,06-05-2026,Ocean Cargo,5.32,7522.82
SHP_05765,PLNT_04,03-06-2024,Ocean Cargo,22.89,5235.34
SHP_05766,PLNT_03,23-08-2024,Air Freight,11.49,1957.62
SHP_05767,PLNT_03,05-11-2025,Heavy Truck,22.77,414.28
SHP_05768,PLNT_05,17-12-2026,Heavy Truck,6.62,797.39
SHP_05769,PLNT_04,26-08-2024,Ocean Cargo,13.72,6351.12
SHP_05770,PLNT_03,07-07-2024,Heavy Truck,13.04,256.92
SHP_05771,PLNT_03,23-12-2025,Rail,4.6,682.92
SHP_05772,PLNT_04,11-08-2024,Heavy Truck,11.61,59.15
SHP_05773,PLNT_02,12-08-2025,Heavy Truck,11.89,344.31
SHP_05774,PLNT_05,01-12-2025,Ocean Cargo,23.9,235.44
SHP_05775,PLNT_01,20-10-2025,Heavy Truck,17.15,245.74
SHP_05776,PLNT_04,15-08-2026,Heavy Truck,11.48,141.55
SHP_05777,PLNT_02,12-02-2026,Ocean Cargo,16.75,8293.51
SHP_05778,PLNT_03,13-09-2026,Ocean Cargo,13.4,6290.27
SHP_05779,PLNT_02,11-04-2024,Ocean Cargo,7.95,4254.64
SHP_05780,PLNT_02,22-06-2026,Heavy Truck,11.25,481.18
SHP_05781,PLNT_02,05-05-2024,Ocean Cargo,16.86,1066.63
SHP_05782,PLNT_02,03-09-2025,Ocean Cargo,13.3,1082.54
SHP_05783,PLNT_05,14-08-2026,Heavy Truck,11.09,657.31
SHP_05784,PLNT_01,18-11-2025,Rail,10.96,91.98
SHP_05785,PLNT_02,13-10-2024,Ocean Cargo,20.33,1779.39
SHP_05786,PLNT_03,20-07-2026,Heavy Truck,11.06,260.71
SHP_05787,PLNT_04,27-09-2024,Ocean Cargo,7.71,8083.78
SHP_05788,PLNT_01,24-10-2026,Rail,21.72,228.34
SHP_05789,PLNT_02,24-02-2025,Ocean Cargo,5.46,9894.79
SHP_05790,PLNT_05,03-05-2026,Heavy Truck,6.35,471.29
SHP_05791,PLNT_04,03-05-2024,Ocean Cargo,21.13,3303.86
SHP_05792,PLNT_03,26-05-2025,Ocean Cargo,5.97,8749.71
SHP_05793,PLNT_01,23-02-2026,Heavy Truck,7.63,135.71
SHP_05794,PLNT_02,01-09-2025,Heavy Truck,2.54,425.26
SHP_05795,PLNT_05,05-03-2025,Rail,24.25,379
SHP_05796,PLNT_05,17-10-2024,Heavy Truck,16.98,412.19
SHP_05797,PLNT_04,11-01-2025,Ocean Cargo,10.06,3247.95
SHP_05798,PLNT_05,21-04-2024,Ocean Cargo,20,9020.52
SHP_05799,PLNT_05,23-03-2024,Heavy Truck,17.41,758.64
SHP_05800,PLNT_01,15-04-2025,Ocean Cargo,10.09,5135.13
SHP_05801,PLNT_04,17-10-2024,Ocean Cargo,2.96,9165.39
SHP_05802,PLNT_04,04-06-2025,Ocean Cargo,24,601.47
SHP_05803,PLNT_04,14-11-2026,Ocean Cargo,9.11,7319.13
SHP_05804,PLNT_03,08-10-2024,Ocean Cargo,10.82,6142.59
SHP_05805,PLNT_03,01-07-2026,Heavy Truck,3.55,138
SHP_05806,PLNT_04,27-05-2024,Rail,16.42,389.45
SHP_05807,PLNT_01,08-03-2025,Heavy Truck,21.73,593.96
SHP_05808,PLNT_03,02-12-2024,Heavy Truck,8.55,395.83
SHP_05809,PLNT_04,04-03-2024,Heavy Truck,8.22,105.23
SHP_05810,PLNT_02,26-11-2024,Ocean Cargo,22.63,7863.2
SHP_05811,PLNT_02,09-02-2026,Rail,10.04,178.23
SHP_05812,PLNT_01,05-01-2026,Heavy Truck,6.56,484.53
SHP_05813,PLNT_04,26-09-2024,Heavy Truck,12.11,205.67
SHP_05814,PLNT_01,10-07-2024,Heavy Truck,19.84,526.61
SHP_05815,PLNT_04,18-04-2024,Rail,18.08,595.25
SHP_05816,PLNT_05,17-04-2024,Rail,2.87,725.89
SHP_05817,PLNT_02,04-05-2025,Heavy Truck,13.75,532.86
SHP_05818,PLNT_04,11-01-2025,Ocean Cargo,4.6,3456.35
SHP_05819,PLNT_01,09-11-2024,Heavy Truck,10.87,628.08
SHP_05820,PLNT_05,12-04-2025,Heavy Truck,10.83,637.85
SHP_05821,PLNT_02,24-01-2026,Heavy Truck,13.91,672.59
SHP_05822,PLNT_04,27-10-2026,Heavy Truck,3.1,350.71
SHP_05823,PLNT_02,15-12-2025,Ocean Cargo,24.67,623.22
SHP_05824,PLNT_01,14-04-2026,Ocean Cargo,24.9,7751.85
SHP_05825,PLNT_04,15-12-2026,Rail,5.08,600.3
SHP_05826,PLNT_02,25-10-2025,Heavy Truck,21.57,326.78
SHP_05827,PLNT_02,04-09-2025,Rail,18.67,101.34
SHP_05828,PLNT_02,06-09-2026,Heavy Truck,8.61,74.32
SHP_05829,PLNT_04,23-03-2025,Heavy Truck,14.56,127.5
SHP_05830,PLNT_05,11-07-2026,Ocean Cargo,13.97,1537.71
SHP_05831,PLNT_04,14-01-2025,Ocean Cargo,14.21,4165.45
SHP_05832,PLNT_02,24-10-2024,Heavy Truck,14.84,635.17
SHP_05833,PLNT_02,14-03-2024,Rail,9.6,511.64
SHP_05834,PLNT_04,04-06-2024,Ocean Cargo,16.99,9285.83
SHP_05835,PLNT_05,24-05-2024,Air Freight,24.54,10599.81
SHP_05836,PLNT_02,22-11-2026,Ocean Cargo,11.17,5093.58
SHP_05837,PLNT_02,01-04-2024,Heavy Truck,21,192.33
SHP_05838,PLNT_05,02-12-2026,Ocean Cargo,1.89,6511.37
SHP_05839,PLNT_05,27-04-2025,Heavy Truck,17.06,243.29
SHP_05840,PLNT_04,04-07-2024,Ocean Cargo,11.52,6467.65
SHP_05841,PLNT_05,20-11-2026,Ocean Cargo,7.46,7195.14
SHP_05842,PLNT_05,17-06-2026,Heavy Truck,22.33,719.48
SHP_05843,PLNT_01,04-07-2026,Ocean Cargo,24.92,5306.26
SHP_05844,PLNT_02,14-03-2024,Ocean Cargo,8.04,8538.62
SHP_05845,PLNT_03,15-03-2025,Air Freight,24.13,8289.43
SHP_05846,PLNT_01,02-04-2024,Heavy Truck,20.38,664.74
SHP_05847,PLNT_03,18-12-2024,Heavy Truck,2.95,353.02
SHP_05848,PLNT_01,14-09-2026,Heavy Truck,13.97,776.37
SHP_05849,PLNT_05,10-06-2026,Ocean Cargo,23.21,5631.38
SHP_05850,PLNT_03,15-05-2025,Ocean Cargo,2.26,5010
SHP_05851,PLNT_05,11-02-2024,Heavy Truck,12.35,434.63
SHP_05852,PLNT_03,14-10-2024,Heavy Truck,12.27,793
SHP_05853,PLNT_04,05-12-2024,Heavy Truck,9.25,493.4
SHP_05854,PLNT_04,20-07-2026,Ocean Cargo,24,4212.8
SHP_05855,PLNT_01,25-03-2024,Rail,19.83,237.86
SHP_05856,PLNT_02,15-12-2025,Heavy Truck,12.61,741.91
SHP_05857,PLNT_02,27-06-2024,Ocean Cargo,15.19,4089.64
SHP_05858,PLNT_05,22-02-2025,Ocean Cargo,12.42,2622.75
SHP_05859,PLNT_01,08-08-2024,Ocean Cargo,20.15,4182.34
SHP_05860,PLNT_05,20-01-2024,Ocean Cargo,18.48,9163.85
SHP_05861,PLNT_05,24-04-2025,Heavy Truck,2.39,547.68
SHP_05862,PLNT_01,14-12-2026,Heavy Truck,3.83,211.26
SHP_05863,PLNT_05,04-10-2025,Ocean Cargo,4.32,4195.1
SHP_05864,PLNT_04,11-04-2024,Air Freight,17.35,7647.33
SHP_05865,PLNT_05,08-05-2025,Ocean Cargo,20.56,10461.94
SHP_05866,PLNT_01,03-12-2024,Air Freight,18.54,9605.52
SHP_05867,PLNT_04,02-01-2026,Ocean Cargo,19.7,11740.29
SHP_05868,PLNT_02,11-01-2025,Ocean Cargo,22.55,7186.01
SHP_05869,PLNT_03,13-06-2026,Ocean Cargo,12.52,7520.51
SHP_05870,PLNT_04,06-01-2024,Heavy Truck,23.72,175.17
SHP_05871,PLNT_04,06-01-2025,Heavy Truck,2.17,489.92
SHP_05872,PLNT_03,21-10-2025,Ocean Cargo,1.77,2828.96
SHP_05873,PLNT_02,22-04-2025,Heavy Truck,3.84,264.06
SHP_05874,PLNT_01,17-05-2025,Ocean Cargo,18.39,11657.01
SHP_05875,PLNT_04,22-05-2024,Ocean Cargo,22.01,10237.9
SHP_05876,PLNT_01,06-03-2024,Air Freight,8.44,4285.93
SHP_05877,PLNT_04,13-07-2026,Ocean Cargo,8.61,228.27
SHP_05878,PLNT_04,12-05-2024,Heavy Truck,9.49,371.62
SHP_05879,PLNT_03,19-12-2025,Heavy Truck,3.21,505.94
SHP_05880,PLNT_02,08-11-2024,Rail,21.12,71.9
SHP_05881,PLNT_03,23-01-2026,Air Freight,2.38,11039.76
SHP_05882,PLNT_01,04-06-2026,Ocean Cargo,5.32,7168.75
SHP_05883,PLNT_05,23-06-2026,Rail,24.71,622.09
SHP_05884,PLNT_02,20-10-2024,Ocean Cargo,9.78,7397.11
SHP_05885,PLNT_03,10-02-2026,Ocean Cargo,23.95,3526.58
SHP_05886,PLNT_04,21-06-2026,Ocean Cargo,8.93,931.24
SHP_05887,PLNT_01,25-05-2024,Air Freight,19.02,878.59
SHP_05888,PLNT_03,01-02-2024,Ocean Cargo,24.95,6755.35
SHP_05889,PLNT_05,16-08-2025,Ocean Cargo,20.39,6569.4
SHP_05890,PLNT_03,02-03-2026,Heavy Truck,8.62,55.53
SHP_05891,PLNT_04,07-09-2024,Heavy Truck,18.18,470.82
SHP_05892,PLNT_02,15-05-2024,Ocean Cargo,2.09,11529.41
SHP_05893,PLNT_02,18-09-2024,Ocean Cargo,17.76,9939.32
SHP_05894,PLNT_03,21-07-2025,Heavy Truck,3.17,795.92
SHP_05895,PLNT_03,13-07-2024,Heavy Truck,24.62,59.57
SHP_05896,PLNT_04,24-07-2024,Heavy Truck,23.62,646.41
SHP_05897,PLNT_03,15-01-2024,Heavy Truck,2.96,585.84
SHP_05898,PLNT_05,17-07-2026,Heavy Truck,11.22,645.2
SHP_05899,PLNT_05,14-03-2024,Heavy Truck,14.86,129.03
SHP_05900,PLNT_03,11-11-2026,Ocean Cargo,12.07,8822.09
SHP_05901,PLNT_03,16-03-2025,Heavy Truck,11.7,603.36
SHP_05902,PLNT_02,26-05-2024,Heavy Truck,5.57,472.18
SHP_05903,PLNT_03,24-03-2026,Heavy Truck,5.62,533.37
SHP_05904,PLNT_01,04-11-2026,Ocean Cargo,10.31,4319.67
SHP_05905,PLNT_04,02-11-2024,Ocean Cargo,13.18,4960.81
SHP_05906,PLNT_01,11-11-2026,Ocean Cargo,9.28,10162.95
SHP_05907,PLNT_01,27-06-2026,Ocean Cargo,7.11,4083.6
SHP_05908,PLNT_02,25-11-2025,Ocean Cargo,14.67,2335.78
SHP_05909,PLNT_01,14-05-2024,Ocean Cargo,2.91,5104.02
SHP_05910,PLNT_05,20-06-2024,Ocean Cargo,9.12,3975.77
SHP_05911,PLNT_03,07-06-2026,Heavy Truck,8.28,554.38
SHP_05912,PLNT_05,04-02-2024,Ocean Cargo,16.08,11074.83
SHP_05913,PLNT_02,19-05-2024,Rail,14.65,133.43
SHP_05914,PLNT_03,13-03-2026,Ocean Cargo,1.7,155.43
SHP_05915,PLNT_01,21-12-2025,Heavy Truck,6.07,296.47
SHP_05916,PLNT_01,02-06-2026,Heavy Truck,18.76,293.9
SHP_05917,PLNT_05,22-12-2025,Rail,11.11,774.31
SHP_05918,PLNT_02,17-03-2024,Ocean Cargo,7.93,3013.98
SHP_05919,PLNT_01,23-01-2025,Air Freight,16.55,7592.1
SHP_05920,PLNT_01,20-05-2025,Heavy Truck,2.29,68.35
SHP_05921,PLNT_05,13-02-2025,Ocean Cargo,16.72,875.8
SHP_05922,PLNT_04,06-04-2026,Heavy Truck,14.62,619.26
SHP_05923,PLNT_03,08-12-2026,Heavy Truck,16.48,637.03
SHP_05924,PLNT_04,08-09-2024,Ocean Cargo,2.59,9751.86
SHP_05925,PLNT_01,27-11-2025,Heavy Truck,24.13,508.3
SHP_05926,PLNT_02,26-01-2024,Ocean Cargo,19.17,3016.77
SHP_05927,PLNT_04,12-09-2024,Heavy Truck,12.82,84.11
SHP_05928,PLNT_01,19-01-2026,Heavy Truck,23.57,697.58
SHP_05929,PLNT_02,24-02-2025,Heavy Truck,6.73,523.18
SHP_05930,PLNT_02,09-12-2024,Heavy Truck,8.19,356.49
SHP_05931,PLNT_04,17-08-2026,Heavy Truck,9.69,775.38
SHP_05932,PLNT_02,07-03-2024,Ocean Cargo,23.98,3744.87
SHP_05933,PLNT_03,21-04-2025,Ocean Cargo,18.48,524.05
SHP_05934,PLNT_03,07-09-2025,Ocean Cargo,2.37,3084.88
SHP_05935,PLNT_02,23-01-2024,Rail,3.26,88.66
SHP_05936,PLNT_03,15-10-2026,Ocean Cargo,4.99,1331.38
SHP_05937,PLNT_04,11-03-2025,Heavy Truck,9.84,716.57
SHP_05938,PLNT_03,18-12-2024,Heavy Truck,14.99,672.06
SHP_05939,PLNT_03,09-08-2026,Ocean Cargo,18.27,7263.57
SHP_05940,PLNT_05,20-07-2026,Ocean Cargo,24.71,3896.39
SHP_05941,PLNT_02,14-02-2026,Ocean Cargo,7.62,3294.92
SHP_05942,PLNT_05,01-04-2026,Ocean Cargo,18.19,9913.54
SHP_05943,PLNT_03,10-12-2025,Air Freight,3.79,6879.43
SHP_05944,PLNT_04,09-08-2024,Ocean Cargo,22.08,1847.09
SHP_05945,PLNT_03,26-07-2026,Heavy Truck,21.76,664.46
SHP_05946,PLNT_04,23-03-2025,Air Freight,11.94,5386.43
SHP_05947,PLNT_05,03-06-2026,Heavy Truck,21.69,607.55
SHP_05948,PLNT_02,09-12-2024,Heavy Truck,24.01,464.81
SHP_05949,PLNT_03,24-07-2025,Heavy Truck,10.82,146.24
SHP_05950,PLNT_03,13-06-2026,Rail,20.3,165.82
SHP_05951,PLNT_03,04-07-2026,Heavy Truck,5.29,52.17
SHP_05952,PLNT_02,18-12-2025,Heavy Truck,14.53,433.67
SHP_05953,PLNT_02,09-12-2024,Air Freight,21.07,5707.51
SHP_05954,PLNT_05,15-07-2025,Air Freight,20.13,8606.16
SHP_05955,PLNT_01,11-11-2025,Heavy Truck,10.25,588.99
SHP_05956,PLNT_03,07-12-2025,Heavy Truck,2.44,224.32
SHP_05957,PLNT_03,05-11-2026,Heavy Truck,6.8,524.45
SHP_05958,PLNT_04,18-03-2025,Air Freight,8.45,1356.35
SHP_05959,PLNT_02,03-05-2026,Ocean Cargo,24.33,9276.61
SHP_05960,PLNT_04,03-09-2024,Heavy Truck,13.27,484.68
SHP_05961,PLNT_02,17-05-2026,Ocean Cargo,17.96,9973.84
SHP_05962,PLNT_01,17-03-2026,Rail,9.52,594.51
SHP_05963,PLNT_04,17-01-2024,Ocean Cargo,18.27,5963.41
SHP_05964,PLNT_03,19-05-2024,Ocean Cargo,1.87,5854.8
SHP_05965,PLNT_02,06-08-2024,Rail,21.46,130.9
SHP_05966,PLNT_03,26-07-2026,Ocean Cargo,7.7,4196.6
SHP_05967,PLNT_05,27-08-2025,Ocean Cargo,13.26,548.27
SHP_05968,PLNT_05,24-04-2026,Heavy Truck,5.3,337.24
SHP_05969,PLNT_01,06-06-2025,Heavy Truck,13.85,254.35
SHP_05970,PLNT_01,09-11-2025,Ocean Cargo,9.98,4619.99
SHP_05971,PLNT_01,17-08-2024,Ocean Cargo,22.35,3996.59
SHP_05972,PLNT_02,12-09-2024,Heavy Truck,16.49,657.96
SHP_05973,PLNT_05,25-04-2025,Ocean Cargo,20.79,1893.64
SHP_05974,PLNT_03,19-11-2025,Heavy Truck,3.93,496.96
SHP_05975,PLNT_03,26-06-2025,Ocean Cargo,22.29,8320.43
SHP_05976,PLNT_04,20-01-2026,Ocean Cargo,5.26,6131.32
SHP_05977,PLNT_02,27-11-2026,Heavy Truck,9.11,365.44
SHP_05978,PLNT_05,13-04-2024,Heavy Truck,17.9,769.6
SHP_05979,PLNT_04,03-08-2026,Air Freight,12.11,10691.32
SHP_05980,PLNT_05,20-12-2025,Ocean Cargo,7.07,5986.33
SHP_05981,PLNT_03,10-01-2025,Ocean Cargo,23.93,10043.24
SHP_05982,PLNT_04,03-11-2024,Heavy Truck,9.23,445.43
SHP_05983,PLNT_03,21-08-2026,Heavy Truck,17.84,90.3
SHP_05984,PLNT_02,23-02-2025,Heavy Truck,13.82,174.17
SHP_05985,PLNT_02,23-05-2026,Heavy Truck,15.81,291.54
SHP_05986,PLNT_04,16-04-2024,Ocean Cargo,9.04,5568.67
SHP_05987,PLNT_05,11-09-2025,Ocean Cargo,2.25,6958.57
SHP_05988,PLNT_03,04-09-2024,Heavy Truck,2.01,459.95
SHP_05989,PLNT_03,17-08-2026,Heavy Truck,17.52,235.53
SHP_05990,PLNT_01,25-03-2026,Heavy Truck,8.75,104.5
SHP_05991,PLNT_01,17-02-2025,Heavy Truck,21.9,389.47
SHP_05992,PLNT_05,02-04-2026,Heavy Truck,6.24,192.24
SHP_05993,PLNT_02,01-10-2026,Heavy Truck,5.25,388.31
SHP_05994,PLNT_05,12-01-2024,Ocean Cargo,17.19,9374.29
SHP_05995,PLNT_05,02-01-2025,Heavy Truck,22.25,53.56
SHP_05996,PLNT_03,09-01-2024,Ocean Cargo,24.84,8679.74
SHP_05997,PLNT_02,23-10-2025,Heavy Truck,2.05,550.5
SHP_05998,PLNT_05,11-01-2026,Ocean Cargo,18.33,8786.14
SHP_05999,PLNT_03,04-04-2024,Ocean Cargo,12.5,6560.53
SHP_06000,PLNT_03,20-04-2025,Ocean Cargo,9.89,1835.25
SHP_06001,PLNT_03,05-07-2026,Heavy Truck,15.63,558.96
SHP_06002,PLNT_01,06-02-2026,Heavy Truck,18,793.82
SHP_06003,PLNT_02,10-01-2025,Rail,2.52,569.01
SHP_06004,PLNT_05,05-05-2025,Heavy Truck,14.7,348.86
SHP_06005,PLNT_04,04-02-2025,Heavy Truck,6.79,248.74
SHP_06006,PLNT_05,23-08-2025,Heavy Truck,17.95,372.55
SHP_06007,PLNT_02,06-01-2026,Heavy Truck,18.43,729.82
SHP_06008,PLNT_02,04-11-2024,Rail,2.91,745.44
SHP_06009,PLNT_02,19-01-2025,Rail,1.57,776.6
SHP_06010,PLNT_01,22-08-2025,Ocean Cargo,23.94,1201.87
SHP_06011,PLNT_05,03-10-2024,Heavy Truck,4.93,537.97
SHP_06012,PLNT_04,15-05-2025,Ocean Cargo,4.9,4112.61
SHP_06013,PLNT_01,04-07-2026,Ocean Cargo,10.79,8047.36
SHP_06014,PLNT_03,13-12-2026,Air Freight,4.76,1727.4
SHP_06015,PLNT_05,07-11-2026,Heavy Truck,6.99,64.33
SHP_06016,PLNT_01,03-05-2025,Ocean Cargo,13.2,4403.66
SHP_06017,PLNT_04,22-03-2024,Rail,5.45,145.66
SHP_06018,PLNT_02,10-12-2025,Ocean Cargo,19.06,10891.24
SHP_06019,PLNT_05,13-08-2026,Ocean Cargo,8.79,1081.07
SHP_06020,PLNT_03,21-07-2024,Ocean Cargo,23.24,8189.34
SHP_06021,PLNT_04,06-05-2025,Rail,15.6,274.41
SHP_06022,PLNT_05,18-07-2025,Rail,17.51,541.37
SHP_06023,PLNT_03,09-05-2024,Ocean Cargo,9.51,5450.1
SHP_06024,PLNT_01,22-08-2025,Heavy Truck,3.17,95.97
SHP_06025,PLNT_03,07-02-2025,Ocean Cargo,3.58,6693.97
SHP_06026,PLNT_05,23-10-2025,Ocean Cargo,23.36,1766.79
SHP_06027,PLNT_04,01-03-2024,Heavy Truck,18.11,573.13
SHP_06028,PLNT_02,07-06-2024,Rail,14.25,103.59
SHP_06029,PLNT_02,12-08-2024,Ocean Cargo,16,10988.7
SHP_06030,PLNT_02,10-06-2026,Ocean Cargo,16.03,5147.13
SHP_06031,PLNT_03,20-12-2024,Air Freight,17.89,5347.82
SHP_06032,PLNT_04,11-06-2024,Heavy Truck,22.27,376.17
SHP_06033,PLNT_04,26-09-2024,Ocean Cargo,20.6,6086.19
SHP_06034,PLNT_03,22-01-2025,Heavy Truck,3.05,113.09
SHP_06035,PLNT_03,18-12-2026,Heavy Truck,21.64,580.04
SHP_06036,PLNT_05,22-03-2025,Heavy Truck,10.36,375.41
SHP_06037,PLNT_05,02-05-2024,Ocean Cargo,22.03,4850.76
SHP_06038,PLNT_04,13-08-2024,Rail,11.63,741.47
SHP_06039,PLNT_05,21-08-2026,Ocean Cargo,19.65,3347.07
SHP_06040,PLNT_02,04-05-2024,Ocean Cargo,15.2,8625.95
SHP_06041,PLNT_01,03-06-2024,Ocean Cargo,16.68,5386.38
SHP_06042,PLNT_01,24-07-2025,Ocean Cargo,19.84,10773.43
SHP_06043,PLNT_02,11-09-2026,Heavy Truck,2.91,351.28
SHP_06044,PLNT_01,06-10-2025,Heavy Truck,13.58,567.67
SHP_06045,PLNT_03,19-10-2026,Heavy Truck,12.76,271.13
SHP_06046,PLNT_05,04-04-2026,Heavy Truck,17.27,703.58
SHP_06047,PLNT_02,19-05-2025,Heavy Truck,3.2,171.12
SHP_06048,PLNT_01,11-02-2026,Rail,23.37,706.17
SHP_06049,PLNT_03,18-06-2024,Heavy Truck,17.56,701.7
SHP_06050,PLNT_04,19-06-2024,Heavy Truck,18.24,783.81
SHP_06051,PLNT_01,15-06-2025,Heavy Truck,21.35,536.66
SHP_06052,PLNT_02,05-02-2024,Heavy Truck,13.99,670.71
SHP_06053,PLNT_02,11-12-2025,Rail,11.15,487.09
SHP_06054,PLNT_03,20-03-2024,Ocean Cargo,18.88,8626.37
SHP_06055,PLNT_04,05-11-2026,Heavy Truck,17.21,402.86
SHP_06056,PLNT_02,01-02-2026,Ocean Cargo,22.72,7492.56
SHP_06057,PLNT_04,17-12-2024,Heavy Truck,5.61,208.9
SHP_06058,PLNT_04,02-09-2024,Heavy Truck,3.01,541.54
SHP_06059,PLNT_05,12-06-2025,Heavy Truck,17.97,476.76
SHP_06060,PLNT_04,18-04-2025,Ocean Cargo,8.31,2873.42
SHP_06061,PLNT_01,19-10-2026,Heavy Truck,17.14,207.77
SHP_06062,PLNT_05,23-08-2024,Ocean Cargo,13.52,4660.85
SHP_06063,PLNT_03,03-02-2024,Heavy Truck,12.57,209.03
SHP_06064,PLNT_01,18-01-2025,Heavy Truck,5.59,545.92
SHP_06065,PLNT_04,06-11-2026,Ocean Cargo,3.42,9764.33
SHP_06066,PLNT_01,23-02-2025,Rail,15.69,199.41
SHP_06067,PLNT_04,05-09-2026,Heavy Truck,1.69,436.39
SHP_06068,PLNT_03,20-03-2025,Rail,23.54,416.83
SHP_06069,PLNT_05,23-12-2024,Heavy Truck,20.76,331.18
SHP_06070,PLNT_03,20-03-2024,Heavy Truck,13.22,284.46
SHP_06071,PLNT_05,25-07-2026,Ocean Cargo,4.05,2143.95
SHP_06072,PLNT_04,27-11-2024,Ocean Cargo,21.48,6640.79
SHP_06073,PLNT_04,10-09-2026,Ocean Cargo,20.36,5232.05
SHP_06074,PLNT_01,02-03-2025,Ocean Cargo,22.52,10925.98
SHP_06075,PLNT_01,22-08-2025,Heavy Truck,12.03,621.87
SHP_06076,PLNT_04,20-10-2026,Ocean Cargo,9.44,9307.32
SHP_06077,PLNT_01,27-07-2026,Heavy Truck,21.92,106.88
SHP_06078,PLNT_04,16-04-2024,Ocean Cargo,5.26,7465.25
SHP_06079,PLNT_04,18-12-2026,Heavy Truck,22.54,194.82
SHP_06080,PLNT_05,23-03-2024,Heavy Truck,9.92,537.56
SHP_06081,PLNT_02,11-12-2025,Ocean Cargo,10.91,11559.15
SHP_06082,PLNT_03,27-11-2024,Rail,17.76,389.18
SHP_06083,PLNT_03,09-09-2024,Ocean Cargo,15.9,914.5
SHP_06084,PLNT_04,02-10-2024,Ocean Cargo,14.51,1763.08
SHP_06085,PLNT_03,15-11-2026,Ocean Cargo,10.03,10955.06
SHP_06086,PLNT_04,18-10-2026,Ocean Cargo,11.61,6922.71
SHP_06087,PLNT_02,13-03-2024,Heavy Truck,19.41,240.28
SHP_06088,PLNT_02,05-01-2026,Ocean Cargo,6.92,2209.5
SHP_06089,PLNT_05,11-11-2024,Ocean Cargo,5.22,8541.55
SHP_06090,PLNT_01,10-10-2024,Heavy Truck,1.65,96.58
SHP_06091,PLNT_01,02-04-2026,Heavy Truck,17.36,542.93
SHP_06092,PLNT_02,10-12-2026,Ocean Cargo,19,186.98
SHP_06093,PLNT_03,14-10-2026,Heavy Truck,10.12,714.07
SHP_06094,PLNT_01,10-04-2024,Heavy Truck,22.24,735.2
SHP_06095,PLNT_05,25-12-2025,Ocean Cargo,19.03,2379.53
SHP_06096,PLNT_04,12-05-2025,Heavy Truck,23.32,504.21
SHP_06097,PLNT_02,03-07-2025,Air Freight,17.05,10576.3
SHP_06098,PLNT_01,04-10-2026,Ocean Cargo,22.59,4465.61
SHP_06099,PLNT_05,24-10-2024,Heavy Truck,18.24,485
SHP_06100,PLNT_03,25-11-2024,Heavy Truck,13.23,431.88
SHP_06101,PLNT_05,08-12-2024,Ocean Cargo,22.75,2033.13
SHP_06102,PLNT_02,06-04-2026,Heavy Truck,7.96,272.56
SHP_06103,PLNT_01,19-04-2025,Heavy Truck,4.02,185.59
SHP_06104,PLNT_04,04-10-2024,Heavy Truck,23.13,94.48
SHP_06105,PLNT_03,18-12-2025,Heavy Truck,18.88,208.24
SHP_06106,PLNT_02,17-10-2024,Heavy Truck,2.57,356.77
SHP_06107,PLNT_02,04-08-2024,Ocean Cargo,1.52,5188.1
SHP_06108,PLNT_03,20-02-2026,Heavy Truck,15,222.29
SHP_06109,PLNT_04,07-11-2024,Heavy Truck,7.34,553.31
SHP_06110,PLNT_01,20-11-2026,Air Freight,11.7,737.12
SHP_06111,PLNT_03,03-02-2025,Heavy Truck,19.27,278.47
SHP_06112,PLNT_01,08-08-2025,Rail,11.88,659.27
SHP_06113,PLNT_03,22-06-2026,Heavy Truck,16.36,311.45
SHP_06114,PLNT_03,01-02-2026,Heavy Truck,5.09,64.53
SHP_06115,PLNT_01,01-10-2025,Air Freight,24.1,1329.82
SHP_06116,PLNT_03,04-12-2026,Heavy Truck,19.18,378.57
SHP_06117,PLNT_03,11-05-2025,Ocean Cargo,12.6,2256.67
SHP_06118,PLNT_05,22-05-2024,Heavy Truck,15.67,484.01
SHP_06119,PLNT_02,04-01-2026,Rail,18.26,437.99
SHP_06120,PLNT_04,02-08-2025,Heavy Truck,21.55,151.13
SHP_06121,PLNT_02,12-09-2025,Ocean Cargo,11.33,10174.67
SHP_06122,PLNT_03,22-11-2025,Heavy Truck,12.39,524.76
SHP_06123,PLNT_05,21-05-2024,Heavy Truck,10.08,580.1
SHP_06124,PLNT_02,20-02-2026,Ocean Cargo,21.15,7838.97
SHP_06125,PLNT_04,24-04-2026,Ocean Cargo,8.45,251.8
SHP_06126,PLNT_05,23-12-2026,Heavy Truck,4,370.33
SHP_06127,PLNT_03,06-12-2026,Ocean Cargo,12.88,9928.61
SHP_06128,PLNT_02,16-01-2024,Heavy Truck,9.19,159.35
SHP_06129,PLNT_01,20-08-2026,Ocean Cargo,4.12,4574.48
SHP_06130,PLNT_05,09-10-2026,Rail,9.28,594.66
SHP_06131,PLNT_04,27-05-2025,Ocean Cargo,8.1,8332.33
SHP_06132,PLNT_05,25-10-2025,Heavy Truck,8.61,180.42
SHP_06133,PLNT_04,09-10-2024,Heavy Truck,24.95,630.05
SHP_06134,PLNT_04,04-06-2026,Air Freight,18.35,9626.8
SHP_06135,PLNT_03,01-11-2026,Ocean Cargo,12.83,11733.94
SHP_06136,PLNT_03,06-05-2026,Air Freight,20.52,11618.7
SHP_06137,PLNT_03,26-05-2026,Heavy Truck,15.21,74.13
SHP_06138,PLNT_03,01-12-2025,Ocean Cargo,11.83,9157.42
SHP_06139,PLNT_05,23-08-2026,Ocean Cargo,15.21,9490.51
SHP_06140,PLNT_04,05-04-2026,Ocean Cargo,9.14,4663.1
SHP_06141,PLNT_05,07-08-2025,Heavy Truck,3.27,343.08
SHP_06142,PLNT_01,09-12-2025,Ocean Cargo,13.85,893.86
SHP_06143,PLNT_01,11-01-2024,Heavy Truck,24.07,614
SHP_06144,PLNT_03,21-09-2024,Heavy Truck,4.03,572.93
SHP_06145,PLNT_03,19-11-2024,Heavy Truck,13.88,102.87
SHP_06146,PLNT_03,13-10-2024,Ocean Cargo,20.09,6538.74
SHP_06147,PLNT_05,19-07-2026,Rail,15.29,406.2
SHP_06148,PLNT_03,13-04-2026,Ocean Cargo,24.11,10100.25
SHP_06149,PLNT_01,27-11-2026,Rail,17.54,201.17
SHP_06150,PLNT_03,05-07-2025,Heavy Truck,23.93,322.3
SHP_06151,PLNT_01,06-06-2026,Heavy Truck,3.5,68.31
SHP_06152,PLNT_02,16-08-2026,Ocean Cargo,9.15,7791.84
SHP_06153,PLNT_04,19-05-2026,Air Freight,8.53,9642.86
SHP_06154,PLNT_01,12-04-2025,Heavy Truck,24.34,228.21
SHP_06155,PLNT_03,10-07-2026,Ocean Cargo,17.22,4672.11
SHP_06156,PLNT_01,24-10-2026,Rail,6.28,275.2
SHP_06157,PLNT_01,26-04-2026,Heavy Truck,12.51,155.47
SHP_06158,PLNT_02,20-02-2025,Rail,13.16,390.73
SHP_06159,PLNT_01,22-08-2024,Heavy Truck,11.32,633.12
SHP_06160,PLNT_02,19-09-2024,Heavy Truck,14.48,376.28
SHP_06161,PLNT_05,27-09-2024,Heavy Truck,22.24,323.56
SHP_06162,PLNT_02,12-09-2026,Ocean Cargo,4.27,6469.58
SHP_06163,PLNT_02,20-05-2025,Air Freight,6.17,2711.88
SHP_06164,PLNT_05,08-04-2026,Ocean Cargo,22.18,9047.88
SHP_06165,PLNT_03,11-07-2025,Ocean Cargo,21.44,2653.61
SHP_06166,PLNT_05,12-04-2024,Heavy Truck,20.2,472.79
SHP_06167,PLNT_02,09-04-2026,Rail,19.02,549.66
SHP_06168,PLNT_04,25-10-2026,Ocean Cargo,24.54,7484.9
SHP_06169,PLNT_04,05-07-2024,Rail,15.52,687
SHP_06170,PLNT_01,11-09-2026,Air Freight,12.79,11090.52
SHP_06171,PLNT_04,21-08-2024,Heavy Truck,2.94,698.69
SHP_06172,PLNT_01,18-08-2024,Ocean Cargo,19.79,9495.86
SHP_06173,PLNT_02,10-12-2024,Ocean Cargo,7.17,3225.5
SHP_06174,PLNT_03,15-11-2025,Ocean Cargo,5.48,371.77
SHP_06175,PLNT_04,11-04-2025,Rail,6.88,640.91
SHP_06176,PLNT_04,02-01-2026,Air Freight,3.13,10747.61
SHP_06177,PLNT_02,01-03-2024,Rail,21.35,420.45
SHP_06178,PLNT_03,22-11-2026,Ocean Cargo,11.77,7893.07
SHP_06179,PLNT_02,15-11-2025,Ocean Cargo,15.61,8680.07
SHP_06180,PLNT_03,16-02-2024,Rail,9.49,601.08
SHP_06181,PLNT_02,17-05-2026,Ocean Cargo,9.81,4323.84
SHP_06182,PLNT_01,02-08-2025,Heavy Truck,18.72,565.09
SHP_06183,PLNT_01,25-12-2024,Rail,17.83,259.7
SHP_06184,PLNT_05,13-08-2026,Heavy Truck,13.51,213.59
SHP_06185,PLNT_05,19-12-2025,Rail,10.16,721.11
SHP_06186,PLNT_01,23-05-2025,Heavy Truck,8.83,655.46
SHP_06187,PLNT_03,02-06-2026,Heavy Truck,6.67,769.7
SHP_06188,PLNT_05,14-03-2025,Ocean Cargo,15.54,7287.57
SHP_06189,PLNT_03,24-12-2024,Heavy Truck,11.4,673.14
SHP_06190,PLNT_03,12-01-2025,Ocean Cargo,23.79,6114.59
SHP_06191,PLNT_05,20-10-2024,Ocean Cargo,2.68,8984.41
SHP_06192,PLNT_03,15-06-2024,Heavy Truck,11.84,652.96
SHP_06193,PLNT_02,13-10-2025,Heavy Truck,17.89,364.44
SHP_06194,PLNT_03,12-08-2024,Rail,16.97,183.42
SHP_06195,PLNT_03,05-11-2024,Rail,18.2,467.71
SHP_06196,PLNT_05,20-05-2024,Heavy Truck,15.52,680.82
SHP_06197,PLNT_02,22-10-2025,Heavy Truck,13.24,162.85
SHP_06198,PLNT_03,18-02-2024,Ocean Cargo,8.09,3013.11
SHP_06199,PLNT_02,19-08-2025,Heavy Truck,6.94,442.52
SHP_06200,PLNT_01,16-07-2026,Ocean Cargo,15.37,7235.05
SHP_06201,PLNT_01,10-07-2025,Ocean Cargo,21.02,4092.01
SHP_06202,PLNT_03,23-01-2024,Heavy Truck,20.16,359.57
SHP_06203,PLNT_04,17-03-2025,Ocean Cargo,22.44,6030.71
SHP_06204,PLNT_05,10-06-2026,Air Freight,6.49,9857.93
SHP_06205,PLNT_04,03-03-2024,Heavy Truck,3.4,502.11
SHP_06206,PLNT_04,15-05-2025,Air Freight,16.74,5629.28
SHP_06207,PLNT_05,19-12-2025,Ocean Cargo,22.58,7105.94
SHP_06208,PLNT_04,11-08-2024,Ocean Cargo,6.06,2411.89
SHP_06209,PLNT_01,10-02-2025,Ocean Cargo,19.33,9812.8
SHP_06210,PLNT_03,10-09-2026,Ocean Cargo,9.41,11522.74
SHP_06211,PLNT_05,12-10-2025,Heavy Truck,23.75,673.84
SHP_06212,PLNT_04,14-02-2024,Ocean Cargo,18.4,10452.83
SHP_06213,PLNT_05,10-02-2024,Air Freight,23.11,3887.81
SHP_06214,PLNT_05,26-07-2025,Ocean Cargo,2.6,9505.43
SHP_06215,PLNT_03,20-03-2026,Ocean Cargo,14.37,6125.45
SHP_06216,PLNT_03,25-07-2024,Ocean Cargo,5.54,8607.64
SHP_06217,PLNT_03,10-01-2026,Heavy Truck,20.2,140.08
SHP_06218,PLNT_03,14-06-2026,Heavy Truck,12.19,630.12
SHP_06219,PLNT_03,13-12-2024,Heavy Truck,9.18,343.77
SHP_06220,PLNT_05,12-05-2024,Heavy Truck,9.86,541.07
SHP_06221,PLNT_04,06-02-2026,Heavy Truck,3.67,654.17
SHP_06222,PLNT_01,13-01-2025,Rail,5.3,213.27
SHP_06223,PLNT_04,02-07-2026,Ocean Cargo,5.1,4838.19
SHP_06224,PLNT_02,10-04-2026,Heavy Truck,15.11,527.25
SHP_06225,PLNT_04,02-01-2025,Ocean Cargo,15.55,8384.92
SHP_06226,PLNT_04,17-12-2025,Rail,2.16,709.19
SHP_06227,PLNT_01,04-01-2024,Ocean Cargo,13.46,10194.27
SHP_06228,PLNT_04,19-05-2024,Heavy Truck,7.85,499.68
SHP_06229,PLNT_03,08-07-2026,Heavy Truck,15.04,565.04
SHP_06230,PLNT_05,05-12-2025,Ocean Cargo,7.49,826.74
SHP_06231,PLNT_04,12-03-2026,Air Freight,15.3,7655.7
SHP_06232,PLNT_03,07-05-2026,Ocean Cargo,16.86,5656.39
SHP_06233,PLNT_02,24-11-2024,Heavy Truck,11.07,635.76
SHP_06234,PLNT_02,10-07-2024,Ocean Cargo,19.55,11892.6
SHP_06235,PLNT_04,21-03-2024,Ocean Cargo,4.65,7376.02
SHP_06236,PLNT_01,18-01-2025,Ocean Cargo,14.75,9680.01
SHP_06237,PLNT_03,10-08-2024,Heavy Truck,22.91,350.68
SHP_06238,PLNT_04,15-09-2024,Ocean Cargo,2.78,11987.59
SHP_06239,PLNT_05,14-08-2025,Heavy Truck,10.49,626.71
SHP_06240,PLNT_03,23-11-2025,Heavy Truck,6.75,627.92
SHP_06241,PLNT_03,20-01-2026,Heavy Truck,12.02,424.29
SHP_06242,PLNT_04,13-01-2025,Heavy Truck,15.93,85.18
SHP_06243,PLNT_02,26-08-2024,Heavy Truck,13.32,117.16
SHP_06244,PLNT_05,11-04-2025,Heavy Truck,4,210.88
SHP_06245,PLNT_01,04-04-2024,Ocean Cargo,6.33,2326.73
SHP_06246,PLNT_05,27-03-2025,Heavy Truck,20.54,562.56
SHP_06247,PLNT_02,04-10-2024,Heavy Truck,17.59,370.88
SHP_06248,PLNT_05,01-05-2026,Ocean Cargo,24,990.84
SHP_06249,PLNT_02,18-07-2024,Ocean Cargo,1.87,11597.6
SHP_06250,PLNT_02,15-03-2026,Heavy Truck,14.56,693.24
SHP_06251,PLNT_04,12-05-2024,Heavy Truck,16.75,239.42
SHP_06252,PLNT_03,08-10-2026,Ocean Cargo,4.22,798.89
SHP_06253,PLNT_02,23-05-2024,Ocean Cargo,12.68,6949.76
SHP_06254,PLNT_01,27-07-2026,Heavy Truck,2.58,280.64
SHP_06255,PLNT_02,20-02-2024,Heavy Truck,24.37,758.09
SHP_06256,PLNT_05,08-01-2026,Heavy Truck,22.31,308.1
SHP_06257,PLNT_03,08-12-2024,Heavy Truck,11.43,163.08
SHP_06258,PLNT_02,25-02-2025,Ocean Cargo,14.97,4281.62
SHP_06259,PLNT_02,23-09-2026,Ocean Cargo,12.56,4116.99
SHP_06260,PLNT_01,16-02-2025,Ocean Cargo,6.75,5345.88
SHP_06261,PLNT_04,26-03-2024,Heavy Truck,4.42,457.94
SHP_06262,PLNT_03,08-07-2024,Heavy Truck,9.68,68.75
SHP_06263,PLNT_02,23-01-2024,Air Freight,19.61,4071.29
SHP_06264,PLNT_05,23-07-2025,Heavy Truck,13.14,175.88
SHP_06265,PLNT_04,15-12-2024,Heavy Truck,20.77,194.27
SHP_06266,PLNT_02,19-10-2025,Ocean Cargo,7.64,11440.56
SHP_06267,PLNT_02,19-09-2024,Rail,19.19,192.82
SHP_06268,PLNT_01,08-10-2026,Air Freight,11.78,2670.15
SHP_06269,PLNT_01,01-04-2026,Rail,21.05,367.73
SHP_06270,PLNT_05,01-08-2025,Heavy Truck,14.32,534.17
SHP_06271,PLNT_03,11-04-2026,Air Freight,5.35,6889.2
SHP_06272,PLNT_04,16-05-2025,Heavy Truck,20.28,695.35
SHP_06273,PLNT_02,04-03-2025,Heavy Truck,24.78,572.58
SHP_06274,PLNT_01,08-12-2026,Ocean Cargo,17.78,9959.96
SHP_06275,PLNT_04,06-03-2024,Heavy Truck,23.5,284.36
SHP_06276,PLNT_03,22-10-2024,Rail,19.3,140.2
SHP_06277,PLNT_01,04-07-2025,Ocean Cargo,14.72,1586.79
SHP_06278,PLNT_03,07-07-2025,Heavy Truck,17.45,693
SHP_06279,PLNT_03,27-08-2024,Rail,18.47,636.13
SHP_06280,PLNT_05,24-09-2025,Rail,9.43,608.56
SHP_06281,PLNT_03,03-05-2025,Ocean Cargo,4.09,5861.9
SHP_06282,PLNT_03,23-03-2025,Ocean Cargo,16.28,5998.62
SHP_06283,PLNT_02,01-08-2024,Ocean Cargo,6.8,8538.39
SHP_06284,PLNT_03,21-05-2025,Ocean Cargo,5.29,9027.69
SHP_06285,PLNT_03,23-05-2025,Rail,24.01,389.33
SHP_06286,PLNT_03,23-04-2024,Heavy Truck,16.71,233.9
SHP_06287,PLNT_05,15-03-2024,Heavy Truck,13.6,109.32
SHP_06288,PLNT_05,14-02-2024,Heavy Truck,7.47,153.63
SHP_06289,PLNT_05,11-11-2024,Heavy Truck,20.57,682.75
SHP_06290,PLNT_04,23-06-2026,Ocean Cargo,7.46,5148.61
SHP_06291,PLNT_01,07-09-2024,Ocean Cargo,22.48,6893.62
SHP_06292,PLNT_05,24-03-2024,Ocean Cargo,21.45,5511.91
SHP_06293,PLNT_05,09-05-2026,Heavy Truck,17.71,181.06
SHP_06294,PLNT_05,08-12-2026,Rail,23.03,484.2
SHP_06295,PLNT_03,06-04-2025,Ocean Cargo,9.7,6015.16
SHP_06296,PLNT_01,21-06-2024,Ocean Cargo,16.7,6243.15
SHP_06297,PLNT_01,08-08-2026,Heavy Truck,9.14,340.64
SHP_06298,PLNT_04,10-05-2026,Heavy Truck,18.01,279.75
SHP_06299,PLNT_02,27-06-2025,Ocean Cargo,11.31,9975.76
SHP_06300,PLNT_01,20-02-2026,Ocean Cargo,6.75,10186.36
SHP_06301,PLNT_05,25-04-2025,Heavy Truck,11.33,649.05
SHP_06302,PLNT_05,02-07-2026,Ocean Cargo,4.4,7897.55
SHP_06303,PLNT_01,23-03-2025,Ocean Cargo,21.37,5828.8
SHP_06304,PLNT_04,03-08-2024,Heavy Truck,4.3,178.75
SHP_06305,PLNT_04,13-05-2024,Ocean Cargo,14.64,3858.02
SHP_06306,PLNT_04,01-11-2026,Heavy Truck,14.12,468.19
SHP_06307,PLNT_02,27-06-2026,Rail,15.16,108.16
SHP_06308,PLNT_02,08-06-2026,Rail,22.49,631.17
SHP_06309,PLNT_01,21-07-2024,Rail,2.57,684.27
SHP_06310,PLNT_04,26-02-2025,Ocean Cargo,9.99,4750.77
SHP_06311,PLNT_03,01-04-2025,Heavy Truck,20.63,630.62
SHP_06312,PLNT_04,15-04-2026,Heavy Truck,12.83,778.32
SHP_06313,PLNT_01,06-10-2026,Heavy Truck,3.05,667.4
SHP_06314,PLNT_02,24-05-2024,Ocean Cargo,19.13,9670.04
SHP_06315,PLNT_03,27-12-2026,Rail,17.18,229.17
SHP_06316,PLNT_01,17-02-2024,Heavy Truck,1.73,301.94
SHP_06317,PLNT_04,25-09-2024,Heavy Truck,4.57,724.32
SHP_06318,PLNT_05,16-09-2024,Heavy Truck,8.57,161.63
SHP_06319,PLNT_02,19-04-2025,Rail,20.93,610.74
SHP_06320,PLNT_03,03-03-2025,Ocean Cargo,4.47,3216.84
SHP_06321,PLNT_03,01-10-2025,Ocean Cargo,5.4,6527.92
SHP_06322,PLNT_01,12-04-2024,Rail,18.3,630.93
SHP_06323,PLNT_01,07-11-2025,Ocean Cargo,14.87,6891.33
SHP_06324,PLNT_04,05-11-2024,Ocean Cargo,24.85,939.48
SHP_06325,PLNT_01,27-10-2025,Ocean Cargo,11.12,9916.34
SHP_06326,PLNT_03,06-09-2025,Rail,23.57,112.12
SHP_06327,PLNT_03,21-05-2024,Ocean Cargo,9.7,8678.89
SHP_06328,PLNT_01,26-10-2025,Heavy Truck,13.81,707.96
SHP_06329,PLNT_05,18-10-2025,Heavy Truck,4.59,776.53
SHP_06330,PLNT_04,17-01-2026,Heavy Truck,5.64,244.02
SHP_06331,PLNT_01,19-10-2024,Ocean Cargo,8.22,4201.96
SHP_06332,PLNT_02,25-11-2025,Heavy Truck,8.2,284.44
SHP_06333,PLNT_04,12-09-2026,Heavy Truck,15.15,229.64
SHP_06334,PLNT_05,01-09-2024,Rail,16.59,76.63
SHP_06335,PLNT_01,20-12-2026,Heavy Truck,6.21,101.89
SHP_06336,PLNT_03,05-10-2025,Heavy Truck,9.04,601.87
SHP_06337,PLNT_03,17-06-2026,Ocean Cargo,14.14,2700.34
SHP_06338,PLNT_01,15-10-2024,Ocean Cargo,18.92,5344.34
SHP_06339,PLNT_04,08-09-2026,Heavy Truck,11.31,198.17
SHP_06340,PLNT_01,22-12-2026,Heavy Truck,15.12,738
SHP_06341,PLNT_03,27-02-2025,Rail,12.96,298.27
SHP_06342,PLNT_02,04-09-2026,Ocean Cargo,4.17,6313.22
SHP_06343,PLNT_02,11-03-2025,Heavy Truck,16.89,387.76
SHP_06344,PLNT_01,17-08-2025,Heavy Truck,8.34,655.04
SHP_06345,PLNT_02,25-09-2026,Heavy Truck,22.84,132.07
SHP_06346,PLNT_04,17-04-2025,Heavy Truck,24.55,521.46
SHP_06347,PLNT_04,25-02-2026,Heavy Truck,18.88,710.18
SHP_06348,PLNT_03,25-06-2024,Air Freight,19.45,11072.63
SHP_06349,PLNT_05,26-01-2024,Ocean Cargo,17.48,364.08
SHP_06350,PLNT_01,06-05-2026,Heavy Truck,23.71,548.3
SHP_06351,PLNT_01,15-10-2026,Heavy Truck,9.22,110.63
SHP_06352,PLNT_04,23-12-2024,Heavy Truck,12.35,294.53
SHP_06353,PLNT_04,26-11-2024,Rail,7.02,632.6
SHP_06354,PLNT_02,19-01-2024,Heavy Truck,6.35,292.45
SHP_06355,PLNT_05,15-06-2026,Heavy Truck,17.18,238.94
SHP_06356,PLNT_04,11-12-2025,Ocean Cargo,15.56,2388.87
SHP_06357,PLNT_05,26-06-2026,Heavy Truck,6.83,635.68
SHP_06358,PLNT_03,12-12-2024,Heavy Truck,20.88,382.07
SHP_06359,PLNT_04,25-07-2024,Heavy Truck,19.44,160.27
SHP_06360,PLNT_05,25-07-2026,Heavy Truck,2.99,148.54
SHP_06361,PLNT_01,01-07-2024,Heavy Truck,3.21,623.19
SHP_06362,PLNT_02,18-03-2025,Ocean Cargo,3.84,10093.13
SHP_06363,PLNT_02,15-08-2025,Heavy Truck,23.84,373.94
SHP_06364,PLNT_03,02-04-2026,Ocean Cargo,22.43,5515.17
SHP_06365,PLNT_01,01-04-2025,Air Freight,22.76,1573.52
SHP_06366,PLNT_02,06-03-2025,Heavy Truck,8.88,472.8
SHP_06367,PLNT_05,17-08-2026,Heavy Truck,21.58,355.33
SHP_06368,PLNT_03,25-06-2026,Heavy Truck,11.7,491.96
SHP_06369,PLNT_04,25-03-2026,Ocean Cargo,3.5,453.97
SHP_06370,PLNT_04,19-12-2025,Ocean Cargo,10.08,11930.19
SHP_06371,PLNT_05,16-05-2024,Ocean Cargo,3.24,4776.66
SHP_06372,PLNT_03,13-12-2026,Ocean Cargo,24.18,7042.89
SHP_06373,PLNT_04,19-05-2025,Ocean Cargo,5.24,10484.72
SHP_06374,PLNT_05,22-01-2024,Heavy Truck,3.2,626
SHP_06375,PLNT_02,02-04-2024,Air Freight,21.44,205.23
SHP_06376,PLNT_05,20-05-2025,Heavy Truck,14.03,468.46
SHP_06377,PLNT_04,16-08-2026,Ocean Cargo,19.62,4252.61
SHP_06378,PLNT_04,10-02-2025,Heavy Truck,12.27,705.43
SHP_06379,PLNT_05,18-12-2024,Heavy Truck,4.03,627.73
SHP_06380,PLNT_05,19-08-2025,Heavy Truck,17.41,481.2
SHP_06381,PLNT_02,25-02-2024,Heavy Truck,17.67,774.11
SHP_06382,PLNT_03,10-05-2026,Ocean Cargo,9.71,5369.45
SHP_06383,PLNT_04,21-10-2024,Heavy Truck,19.45,513.25
SHP_06384,PLNT_05,05-03-2025,Rail,10.74,439.72
SHP_06385,PLNT_01,26-10-2026,Heavy Truck,2.2,175.55
SHP_06386,PLNT_03,09-09-2026,Heavy Truck,23.63,459.39
SHP_06387,PLNT_02,20-09-2026,Heavy Truck,23.5,495.85
SHP_06388,PLNT_03,22-02-2026,Heavy Truck,2.71,78.1
SHP_06389,PLNT_03,25-09-2026,Heavy Truck,6.19,157.78
SHP_06390,PLNT_01,24-09-2026,Heavy Truck,6.63,389.85
SHP_06391,PLNT_05,16-08-2024,Heavy Truck,24.18,120.03
SHP_06392,PLNT_04,18-09-2026,Ocean Cargo,23.88,10709.81
SHP_06393,PLNT_03,05-03-2024,Ocean Cargo,20.46,534.77
SHP_06394,PLNT_02,13-01-2025,Rail,10.04,420.99
SHP_06395,PLNT_02,04-08-2026,Rail,19.3,196.21
SHP_06396,PLNT_05,03-06-2024,Ocean Cargo,4.04,6626.83
SHP_06397,PLNT_03,05-09-2025,Heavy Truck,14.53,63.06
SHP_06398,PLNT_02,15-02-2025,Heavy Truck,11.17,142.59
SHP_06399,PLNT_02,10-03-2026,Air Freight,9.65,1434.46
SHP_06400,PLNT_04,11-07-2025,Heavy Truck,14.63,95.83
SHP_06401,PLNT_03,09-08-2026,Ocean Cargo,3.47,5108.01
SHP_06402,PLNT_05,07-10-2024,Heavy Truck,18.86,503.71
SHP_06403,PLNT_04,24-07-2026,Ocean Cargo,20.28,7332.18
SHP_06404,PLNT_01,15-03-2024,Air Freight,24.58,7974.02
SHP_06405,PLNT_02,10-02-2025,Heavy Truck,7.84,255.32
SHP_06406,PLNT_02,14-09-2026,Heavy Truck,11.85,616.38
SHP_06407,PLNT_05,21-02-2026,Ocean Cargo,23.57,7631.81
SHP_06408,PLNT_01,06-11-2026,Heavy Truck,6.6,663.12
SHP_06409,PLNT_04,15-06-2026,Ocean Cargo,6.14,10280.02
SHP_06410,PLNT_04,11-02-2026,Heavy Truck,15.17,265.15
SHP_06411,PLNT_05,09-01-2026,Ocean Cargo,11.18,10139.51
SHP_06412,PLNT_05,20-11-2026,Ocean Cargo,9.53,118.58
SHP_06413,PLNT_04,02-10-2024,Ocean Cargo,5.58,1425.02
SHP_06414,PLNT_05,05-05-2024,Ocean Cargo,12.64,5966.31
SHP_06415,PLNT_01,02-04-2025,Heavy Truck,12.57,721.48
SHP_06416,PLNT_01,15-11-2025,Ocean Cargo,4.87,2678.5
SHP_06417,PLNT_05,21-11-2025,Rail,2.24,446.76
SHP_06418,PLNT_03,19-01-2025,Heavy Truck,2.32,417.33
SHP_06419,PLNT_03,16-08-2025,Rail,16.12,317.25
SHP_06420,PLNT_01,15-09-2024,Heavy Truck,9.5,562.9
SHP_06421,PLNT_04,27-07-2026,Heavy Truck,16.41,238.02
SHP_06422,PLNT_05,04-02-2024,Rail,23.33,530.21
SHP_06423,PLNT_05,02-02-2024,Heavy Truck,15.54,712.99
SHP_06424,PLNT_02,23-05-2026,Heavy Truck,6.67,52.48
SHP_06425,PLNT_05,27-08-2025,Ocean Cargo,18.26,11814.05
SHP_06426,PLNT_04,23-10-2024,Ocean Cargo,3.1,10077.5
SHP_06427,PLNT_02,08-08-2025,Heavy Truck,6.03,295.46
SHP_06428,PLNT_03,14-03-2026,Ocean Cargo,18.6,1320.64
SHP_06429,PLNT_01,23-11-2026,Heavy Truck,20.73,491.77
SHP_06430,PLNT_03,12-06-2024,Ocean Cargo,8.62,11912.87
SHP_06431,PLNT_05,21-07-2024,Ocean Cargo,2.97,1642.76
SHP_06432,PLNT_02,24-08-2025,Heavy Truck,14.42,226.53
SHP_06433,PLNT_05,15-09-2025,Ocean Cargo,24.06,1194.45
SHP_06434,PLNT_01,04-02-2025,Heavy Truck,3.4,152.02
SHP_06435,PLNT_02,26-11-2026,Heavy Truck,22.52,76
SHP_06436,PLNT_03,26-09-2026,Rail,7.39,112.71
SHP_06437,PLNT_02,21-04-2025,Heavy Truck,10.01,104.41
SHP_06438,PLNT_01,21-04-2024,Ocean Cargo,13.41,9743.96
SHP_06439,PLNT_02,08-04-2026,Ocean Cargo,21.02,11545
SHP_06440,PLNT_03,18-03-2025,Ocean Cargo,12.91,5307.08
SHP_06441,PLNT_02,06-01-2026,Heavy Truck,9.67,363.14
SHP_06442,PLNT_04,02-03-2025,Heavy Truck,9.03,54.94
SHP_06443,PLNT_05,04-11-2025,Air Freight,8.98,8539.08
SHP_06444,PLNT_05,26-10-2025,Ocean Cargo,16.73,5508.49
SHP_06445,PLNT_01,12-09-2024,Ocean Cargo,8.95,2460.49
SHP_06446,PLNT_03,13-11-2024,Heavy Truck,9.97,207.59
SHP_06447,PLNT_05,15-12-2026,Heavy Truck,11.7,132.28
SHP_06448,PLNT_01,05-02-2024,Heavy Truck,9.71,779.02
SHP_06449,PLNT_05,09-03-2025,Heavy Truck,18.64,92.08
SHP_06450,PLNT_03,11-02-2025,Ocean Cargo,23.31,8958.28
SHP_06451,PLNT_02,04-04-2025,Rail,9.1,751.78
SHP_06452,PLNT_05,20-11-2026,Ocean Cargo,6.16,7713.04
SHP_06453,PLNT_04,17-05-2025,Ocean Cargo,11.69,8650.6
SHP_06454,PLNT_05,16-11-2026,Heavy Truck,11.59,673.27
SHP_06455,PLNT_05,05-08-2024,Heavy Truck,18.72,117.85
SHP_06456,PLNT_01,25-05-2024,Heavy Truck,3.03,84.69
SHP_06457,PLNT_04,04-07-2024,Ocean Cargo,17.21,7197.14
SHP_06458,PLNT_04,21-06-2025,Heavy Truck,2.62,267.21
SHP_06459,PLNT_01,24-07-2025,Ocean Cargo,6.67,3255.11
SHP_06460,PLNT_04,25-12-2025,Heavy Truck,8.71,429.12
SHP_06461,PLNT_04,20-06-2024,Air Freight,11.64,6780.15
SHP_06462,PLNT_01,03-03-2024,Ocean Cargo,20.04,10729.03
SHP_06463,PLNT_01,21-03-2026,Ocean Cargo,21.12,9241.91
SHP_06464,PLNT_04,14-01-2025,Heavy Truck,22.81,676.07
SHP_06465,PLNT_01,24-05-2025,Rail,12.27,624.03
SHP_06466,PLNT_02,04-05-2026,Heavy Truck,19.53,151.7
SHP_06467,PLNT_03,14-05-2026,Ocean Cargo,15.92,862.08
SHP_06468,PLNT_02,16-10-2024,Ocean Cargo,2.36,9828.29
SHP_06469,PLNT_03,18-03-2024,Air Freight,24.3,9212.56
SHP_06470,PLNT_03,22-03-2024,Ocean Cargo,16.65,6343.53
SHP_06471,PLNT_05,06-07-2026,Ocean Cargo,6.32,4891.09
SHP_06472,PLNT_04,08-01-2026,Heavy Truck,6.24,236.74
SHP_06473,PLNT_04,11-09-2025,Heavy Truck,11.41,576.85
SHP_06474,PLNT_05,24-03-2025,Rail,17.11,662.86
SHP_06475,PLNT_02,20-09-2026,Ocean Cargo,12.33,673.35
SHP_06476,PLNT_05,27-03-2026,Rail,18.29,466.27
SHP_06477,PLNT_01,25-04-2025,Rail,20.02,340.34
SHP_06478,PLNT_04,03-11-2026,Heavy Truck,20.77,392.58
SHP_06479,PLNT_04,22-05-2026,Ocean Cargo,8.13,6267.88
SHP_06480,PLNT_03,21-08-2025,Ocean Cargo,22.59,7656.97
SHP_06481,PLNT_02,24-06-2026,Heavy Truck,7.43,265.11
SHP_06482,PLNT_02,26-10-2025,Air Freight,14.67,4958.58
SHP_06483,PLNT_03,21-03-2026,Ocean Cargo,2.12,6604.11
SHP_06484,PLNT_03,19-05-2025,Ocean Cargo,2.16,7751.99
SHP_06485,PLNT_02,02-10-2024,Air Freight,23.73,10696.92
SHP_06486,PLNT_05,09-07-2024,Ocean Cargo,2.58,8672.04
SHP_06487,PLNT_01,11-06-2025,Ocean Cargo,10.03,4014.19
SHP_06488,PLNT_04,25-05-2026,Ocean Cargo,18.06,4424.76
SHP_06489,PLNT_04,12-02-2026,Air Freight,13.17,5306.11
SHP_06490,PLNT_05,23-10-2025,Ocean Cargo,14.58,2981.17
SHP_06491,PLNT_02,03-02-2025,Air Freight,5.8,2875.17
SHP_06492,PLNT_01,07-02-2025,Heavy Truck,13.23,738.57
SHP_06493,PLNT_05,06-03-2024,Rail,16.9,73.39
SHP_06494,PLNT_02,23-04-2024,Ocean Cargo,13.15,6429.81
SHP_06495,PLNT_03,08-06-2024,Ocean Cargo,20.47,4410.5
SHP_06496,PLNT_04,24-11-2024,Air Freight,12.66,4817.14
SHP_06497,PLNT_05,10-01-2026,Rail,15.07,344.13
SHP_06498,PLNT_01,25-10-2024,Ocean Cargo,11.8,857.87
SHP_06499,PLNT_04,12-11-2025,Ocean Cargo,18.45,11957.91
SHP_06500,PLNT_04,23-10-2024,Ocean Cargo,13.51,2544.09
SHP_06501,PLNT_01,27-11-2026,Heavy Truck,22.8,794.56
SHP_06502,PLNT_02,24-06-2024,Ocean Cargo,18.52,8762.59
SHP_06503,PLNT_03,22-08-2025,Ocean Cargo,5.63,7802.92
SHP_06504,PLNT_03,05-08-2024,Heavy Truck,14.69,701.39
SHP_06505,PLNT_04,06-11-2024,Heavy Truck,24.73,709
SHP_06506,PLNT_05,17-04-2026,Ocean Cargo,21.49,3211.53
SHP_06507,PLNT_02,10-03-2024,Ocean Cargo,11.82,11956.9
SHP_06508,PLNT_01,19-06-2026,Ocean Cargo,15.88,2915.81
SHP_06509,PLNT_05,20-03-2024,Heavy Truck,12.18,749.13
SHP_06510,PLNT_02,17-04-2025,Heavy Truck,18.4,737.13
SHP_06511,PLNT_01,09-01-2024,Ocean Cargo,3.2,5818.66
SHP_06512,PLNT_01,14-11-2026,Heavy Truck,11.3,334.67
SHP_06513,PLNT_02,10-08-2026,Heavy Truck,20.46,72.13
SHP_06514,PLNT_04,08-04-2024,Ocean Cargo,8.02,11708.03
SHP_06515,PLNT_01,02-12-2025,Heavy Truck,18.09,672.72
SHP_06516,PLNT_04,09-08-2025,Heavy Truck,21.69,380.57
SHP_06517,PLNT_01,09-10-2024,Heavy Truck,11.53,213.88
SHP_06518,PLNT_04,08-12-2024,Heavy Truck,16.26,555.63
SHP_06519,PLNT_05,22-04-2025,Heavy Truck,22.27,287.45
SHP_06520,PLNT_01,20-12-2025,Ocean Cargo,16.05,2053.27
SHP_06521,PLNT_02,22-01-2026,Heavy Truck,3.99,143.37
SHP_06522,PLNT_02,21-12-2024,Ocean Cargo,7.11,1711.21
SHP_06523,PLNT_02,10-08-2025,Ocean Cargo,22.22,11252.47
SHP_06524,PLNT_05,07-10-2026,Ocean Cargo,16.4,6424.08
SHP_06525,PLNT_03,07-09-2026,Heavy Truck,3.27,641.59
SHP_06526,PLNT_04,05-04-2024,Ocean Cargo,23.84,5408.52
SHP_06527,PLNT_02,08-04-2025,Heavy Truck,4.12,509.48
SHP_06528,PLNT_04,23-01-2024,Ocean Cargo,8.91,9638.74
SHP_06529,PLNT_02,27-09-2025,Rail,20.86,294.65
SHP_06530,PLNT_04,08-02-2024,Ocean Cargo,8.97,8255.67
SHP_06531,PLNT_01,18-03-2025,Heavy Truck,15.72,542.43
SHP_06532,PLNT_02,10-08-2025,Heavy Truck,20.2,94.82
SHP_06533,PLNT_04,08-01-2025,Air Freight,16.23,8532.04
SHP_06534,PLNT_05,06-01-2026,Ocean Cargo,14.67,1267.35
SHP_06535,PLNT_03,05-02-2024,Heavy Truck,7.79,594.15
SHP_06536,PLNT_04,26-08-2024,Ocean Cargo,13.2,1413.29
SHP_06537,PLNT_02,13-10-2026,Ocean Cargo,11.24,8715
SHP_06538,PLNT_05,11-08-2024,Heavy Truck,6.22,303.95
SHP_06539,PLNT_01,11-09-2024,Ocean Cargo,22.79,8983.4
SHP_06540,PLNT_05,10-03-2024,Ocean Cargo,14.37,2862.54
SHP_06541,PLNT_02,03-09-2025,Heavy Truck,22.66,155.64
SHP_06542,PLNT_01,20-04-2025,Heavy Truck,3.15,165.69
SHP_06543,PLNT_02,18-04-2024,Heavy Truck,8.45,158.23
SHP_06544,PLNT_01,19-10-2026,Heavy Truck,9.52,741.84
SHP_06545,PLNT_02,14-02-2024,Heavy Truck,13.78,340.72
SHP_06546,PLNT_02,12-08-2026,Ocean Cargo,8.76,3739.17
SHP_06547,PLNT_01,26-12-2026,Heavy Truck,12.03,130.25
SHP_06548,PLNT_02,06-04-2024,Heavy Truck,24.35,121.5
SHP_06549,PLNT_03,02-10-2024,Rail,21.18,306.27
SHP_06550,PLNT_05,24-05-2024,Heavy Truck,12.29,683.22
SHP_06551,PLNT_05,19-03-2024,Rail,12.15,236.16
SHP_06552,PLNT_01,23-05-2026,Ocean Cargo,21,5638.05
SHP_06553,PLNT_04,05-01-2026,Heavy Truck,17.28,235.45
SHP_06554,PLNT_01,14-03-2024,Heavy Truck,3.75,434.28
SHP_06555,PLNT_02,19-05-2025,Ocean Cargo,8.75,2005.8
SHP_06556,PLNT_03,20-09-2024,Ocean Cargo,6.93,592.46
SHP_06557,PLNT_03,14-02-2026,Heavy Truck,14.7,311.45
SHP_06558,PLNT_03,08-10-2024,Heavy Truck,3.41,54.82
SHP_06559,PLNT_05,27-08-2026,Heavy Truck,6.47,266.89
SHP_06560,PLNT_04,07-07-2024,Heavy Truck,6.4,727.67
SHP_06561,PLNT_01,13-06-2024,Heavy Truck,8.12,757.1
SHP_06562,PLNT_03,16-01-2026,Ocean Cargo,14.67,10376.16
SHP_06563,PLNT_03,03-02-2026,Ocean Cargo,9.73,11826.07
SHP_06564,PLNT_02,12-04-2024,Ocean Cargo,12.4,3058.23
SHP_06565,PLNT_02,13-08-2025,Rail,6.01,228.42
SHP_06566,PLNT_01,24-12-2025,Heavy Truck,8.39,397.31
SHP_06567,PLNT_02,25-12-2026,Heavy Truck,2.78,183.42
SHP_06568,PLNT_02,05-03-2026,Heavy Truck,13.63,452.54
SHP_06569,PLNT_01,06-12-2025,Heavy Truck,6.06,237.07
SHP_06570,PLNT_02,19-11-2026,Ocean Cargo,21.07,6980.72
SHP_06571,PLNT_02,18-03-2024,Heavy Truck,14.25,580.85
SHP_06572,PLNT_05,21-04-2026,Heavy Truck,22.13,695.56
SHP_06573,PLNT_04,07-02-2025,Ocean Cargo,17.27,737.62
SHP_06574,PLNT_05,16-11-2026,Ocean Cargo,6.16,9533.03
SHP_06575,PLNT_01,26-02-2026,Heavy Truck,19.99,461.92
SHP_06576,PLNT_02,17-10-2025,Ocean Cargo,23.48,3458.5
SHP_06577,PLNT_03,11-09-2026,Ocean Cargo,17.43,4700.07
SHP_06578,PLNT_03,24-12-2026,Ocean Cargo,23.53,470.81
SHP_06579,PLNT_02,01-01-2026,Ocean Cargo,6.46,623.05
SHP_06580,PLNT_03,21-12-2024,Heavy Truck,10.57,362.23
SHP_06581,PLNT_04,07-09-2024,Ocean Cargo,9.8,7394.32
SHP_06582,PLNT_03,04-06-2025,Heavy Truck,9.18,261.34
SHP_06583,PLNT_02,04-11-2025,Heavy Truck,8.28,260.59
SHP_06584,PLNT_01,19-11-2025,Ocean Cargo,4.78,5560.64
SHP_06585,PLNT_05,08-02-2026,Heavy Truck,9.24,555.16
SHP_06586,PLNT_02,21-12-2026,Heavy Truck,24,518.34
SHP_06587,PLNT_03,24-08-2025,Ocean Cargo,17.58,3334.08
SHP_06588,PLNT_05,23-06-2024,Heavy Truck,21.66,776.21
SHP_06589,PLNT_02,03-11-2026,Heavy Truck,24.58,162.03
SHP_06590,PLNT_01,04-05-2026,Ocean Cargo,16.15,5301.9
SHP_06591,PLNT_01,14-02-2026,Rail,12.78,52.98
SHP_06592,PLNT_02,13-09-2024,Heavy Truck,7.15,724.76
SHP_06593,PLNT_05,21-01-2024,Heavy Truck,20.38,136.22
SHP_06594,PLNT_01,16-07-2025,Heavy Truck,23.3,472.05
SHP_06595,PLNT_03,19-12-2026,Heavy Truck,19.59,332.23
SHP_06596,PLNT_02,17-09-2026,Rail,8.7,440.91
SHP_06597,PLNT_04,10-02-2025,Heavy Truck,5.6,319.63
SHP_06598,PLNT_05,09-11-2024,Heavy Truck,9.89,281.91
SHP_06599,PLNT_03,17-12-2025,Heavy Truck,19.8,756.78
SHP_06600,PLNT_02,09-08-2026,Rail,2.04,543.93
SHP_06601,PLNT_03,23-03-2025,Heavy Truck,20.26,686.17
SHP_06602,PLNT_02,11-09-2025,Heavy Truck,17.29,545.05
SHP_06603,PLNT_03,01-11-2025,Heavy Truck,19.15,224.45
SHP_06604,PLNT_05,03-04-2026,Heavy Truck,8.79,72.14
SHP_06605,PLNT_04,21-06-2024,Heavy Truck,21.59,374.74
SHP_06606,PLNT_03,26-10-2026,Air Freight,15.64,2711.67
SHP_06607,PLNT_02,11-09-2024,Heavy Truck,23.35,280.15
SHP_06608,PLNT_02,22-02-2025,Heavy Truck,20.23,88.93
SHP_06609,PLNT_01,11-10-2026,Ocean Cargo,10.56,2994.98
SHP_06610,PLNT_01,17-11-2026,Heavy Truck,6.96,466.12
SHP_06611,PLNT_01,25-01-2026,Heavy Truck,9.97,466.64
SHP_06612,PLNT_02,22-08-2026,Ocean Cargo,9.87,10233
SHP_06613,PLNT_01,18-06-2026,Ocean Cargo,19.28,8218.42
SHP_06614,PLNT_04,06-12-2024,Ocean Cargo,9.5,5002.24
SHP_06615,PLNT_05,24-08-2025,Heavy Truck,23.59,567.16
SHP_06616,PLNT_04,11-02-2025,Ocean Cargo,17.73,5463.36
SHP_06617,PLNT_05,22-05-2025,Rail,20.34,469.19
SHP_06618,PLNT_05,11-07-2026,Heavy Truck,7.98,213.36
SHP_06619,PLNT_02,23-04-2025,Heavy Truck,4.46,651.55
SHP_06620,PLNT_02,05-10-2025,Ocean Cargo,8.87,1280.99
SHP_06621,PLNT_01,19-06-2026,Ocean Cargo,13.61,8055.54
SHP_06622,PLNT_04,01-01-2026,Air Freight,1.86,6736.51
SHP_06623,PLNT_02,08-08-2025,Heavy Truck,7.51,710.56
SHP_06624,PLNT_01,01-07-2024,Heavy Truck,15.63,683.8
SHP_06625,PLNT_02,23-10-2024,Ocean Cargo,17.47,10242.03
SHP_06626,PLNT_03,25-10-2025,Ocean Cargo,17.88,10082.14
SHP_06627,PLNT_03,20-05-2024,Rail,2.35,530.91
SHP_06628,PLNT_02,11-09-2026,Heavy Truck,24.62,617.58
SHP_06629,PLNT_05,07-03-2025,Heavy Truck,20.9,65.72
SHP_06630,PLNT_03,08-10-2024,Rail,19.07,568.61
SHP_06631,PLNT_02,01-04-2025,Ocean Cargo,21.08,1033.69
SHP_06632,PLNT_04,06-05-2024,Ocean Cargo,3.2,7507.93
SHP_06633,PLNT_03,05-04-2024,Ocean Cargo,8.93,11297.98
SHP_06634,PLNT_03,10-12-2026,Rail,23.6,484.61
SHP_06635,PLNT_02,23-11-2025,Heavy Truck,18.59,549.3
SHP_06636,PLNT_02,13-06-2026,Heavy Truck,9.07,240.63
SHP_06637,PLNT_04,04-10-2024,Heavy Truck,5.02,343.29
SHP_06638,PLNT_03,18-10-2025,Ocean Cargo,5.29,7689.79
SHP_06639,PLNT_03,23-09-2026,Heavy Truck,19.04,678.15
SHP_06640,PLNT_04,10-02-2025,Rail,15.12,613.54
SHP_06641,PLNT_05,05-11-2024,Heavy Truck,12.91,156.08
SHP_06642,PLNT_02,23-02-2024,Ocean Cargo,24.74,11007.66
SHP_06643,PLNT_04,13-04-2026,Heavy Truck,20.07,709.14
SHP_06644,PLNT_05,10-02-2026,Heavy Truck,3.06,708.54
SHP_06645,PLNT_02,09-02-2026,Rail,2.69,78.55
SHP_06646,PLNT_02,23-04-2024,Ocean Cargo,21.57,1062.63
SHP_06647,PLNT_04,27-02-2025,Ocean Cargo,4.85,9833.64
SHP_06648,PLNT_03,21-01-2024,Ocean Cargo,16.76,3278.47
SHP_06649,PLNT_05,17-01-2026,Ocean Cargo,10.23,10283.02
SHP_06650,PLNT_01,27-01-2026,Heavy Truck,23.81,365.71
SHP_06651,PLNT_01,11-10-2024,Ocean Cargo,24.04,8031
SHP_06652,PLNT_03,12-10-2026,Rail,2.52,421.73
SHP_06653,PLNT_03,23-05-2025,Ocean Cargo,23.45,10640.58
SHP_06654,PLNT_02,08-12-2024,Heavy Truck,5.64,261.38
SHP_06655,PLNT_03,17-11-2024,Heavy Truck,23.34,472.62
SHP_06656,PLNT_02,06-07-2025,Ocean Cargo,13.22,2126.4
SHP_06657,PLNT_01,19-11-2026,Ocean Cargo,6.83,10676.06
SHP_06658,PLNT_02,07-06-2025,Air Freight,17.59,10464.79
SHP_06659,PLNT_03,19-11-2026,Heavy Truck,10.84,495.77
SHP_06660,PLNT_05,24-06-2026,Ocean Cargo,11.98,2655.67
SHP_06661,PLNT_04,05-04-2026,Heavy Truck,5.18,385.76
SHP_06662,PLNT_04,25-02-2025,Rail,4.1,488.86
SHP_06663,PLNT_01,21-10-2025,Ocean Cargo,23.16,4723.62
SHP_06664,PLNT_05,18-06-2026,Heavy Truck,14,693.57
SHP_06665,PLNT_03,24-12-2026,Ocean Cargo,4.55,7203.98
SHP_06666,PLNT_05,25-01-2026,Ocean Cargo,11.15,10305.67
SHP_06667,PLNT_04,07-01-2025,Rail,11.41,497.01
SHP_06668,PLNT_03,25-05-2024,Ocean Cargo,13.72,4675.36
SHP_06669,PLNT_05,12-11-2025,Air Freight,15.73,3895.63
SHP_06670,PLNT_04,02-01-2026,Heavy Truck,18.56,369.32
SHP_06671,PLNT_03,13-05-2026,Heavy Truck,20.45,385.81
SHP_06672,PLNT_02,01-04-2025,Heavy Truck,11.1,738.23
SHP_06673,PLNT_01,15-03-2025,Heavy Truck,8.14,237.93
SHP_06674,PLNT_03,07-03-2026,Ocean Cargo,21.5,1508.35
SHP_06675,PLNT_03,01-11-2026,Ocean Cargo,16.28,6255.62
SHP_06676,PLNT_02,22-07-2024,Ocean Cargo,15.03,8407.42
SHP_06677,PLNT_04,26-01-2026,Heavy Truck,7.93,670.51
SHP_06678,PLNT_02,25-05-2025,Ocean Cargo,16.13,3001.65
SHP_06679,PLNT_03,23-10-2025,Ocean Cargo,19.77,11999.14
SHP_06680,PLNT_04,14-07-2024,Ocean Cargo,17.61,11267.2
SHP_06681,PLNT_02,09-09-2026,Ocean Cargo,23.03,1326.72
SHP_06682,PLNT_02,06-08-2025,Heavy Truck,20.49,397.44
SHP_06683,PLNT_02,05-05-2024,Ocean Cargo,23.95,905.87
SHP_06684,PLNT_05,21-09-2025,Heavy Truck,21.81,797.19
SHP_06685,PLNT_04,04-01-2024,Ocean Cargo,17.7,7787.88
SHP_06686,PLNT_02,11-05-2025,Heavy Truck,2.08,179.76
SHP_06687,PLNT_04,09-11-2024,Ocean Cargo,6.81,7007.23
SHP_06688,PLNT_02,23-10-2026,Heavy Truck,10.89,297.59
SHP_06689,PLNT_04,23-10-2025,Ocean Cargo,5.07,10613.39
SHP_06690,PLNT_02,04-10-2026,Rail,3.82,384.5
SHP_06691,PLNT_03,11-11-2024,Ocean Cargo,4.99,934.44
SHP_06692,PLNT_02,21-08-2025,Ocean Cargo,14.41,10254.88
SHP_06693,PLNT_03,06-07-2024,Ocean Cargo,8.48,5453.01
SHP_06694,PLNT_01,06-08-2024,Heavy Truck,21.37,282.38
SHP_06695,PLNT_04,19-03-2025,Air Freight,22.1,11788.39
SHP_06696,PLNT_01,09-07-2024,Heavy Truck,14.9,541.45
SHP_06697,PLNT_01,08-02-2024,Ocean Cargo,20.64,11704.02
SHP_06698,PLNT_03,17-01-2025,Heavy Truck,9.89,84.71
SHP_06699,PLNT_01,04-10-2024,Ocean Cargo,16.02,3269.7
SHP_06700,PLNT_01,22-07-2025,Heavy Truck,23.44,135.23
SHP_06701,PLNT_02,10-05-2025,Ocean Cargo,12.36,947.66
SHP_06702,PLNT_04,15-10-2024,Heavy Truck,6.77,441.07
SHP_06703,PLNT_04,16-06-2025,Ocean Cargo,24.69,940.61
SHP_06704,PLNT_03,04-06-2024,Heavy Truck,7.77,708.76
SHP_06705,PLNT_02,26-04-2026,Rail,7.61,651.19
SHP_06706,PLNT_04,09-05-2025,Ocean Cargo,17.47,11810.44
SHP_06707,PLNT_05,27-11-2025,Heavy Truck,13.94,108.37
SHP_06708,PLNT_05,07-01-2025,Ocean Cargo,19.37,10609.73
SHP_06709,PLNT_02,09-11-2024,Ocean Cargo,23.77,2163.76
SHP_06710,PLNT_05,08-09-2024,Ocean Cargo,15.34,10097.23
SHP_06711,PLNT_03,06-07-2025,Ocean Cargo,1.62,5127.73
SHP_06712,PLNT_01,09-07-2026,Air Freight,2.63,6578.88
SHP_06713,PLNT_03,25-03-2026,Heavy Truck,8.45,293.95
SHP_06714,PLNT_04,01-09-2026,Ocean Cargo,9.52,523.08
SHP_06715,PLNT_04,17-09-2025,Ocean Cargo,21.23,5555.02
SHP_06716,PLNT_03,12-06-2026,Ocean Cargo,7.69,4009.19
SHP_06717,PLNT_03,12-12-2024,Ocean Cargo,21.66,7973.87
SHP_06718,PLNT_02,20-01-2025,Rail,18.36,461.9
SHP_06719,PLNT_04,06-03-2024,Ocean Cargo,6.36,3378.16
SHP_06720,PLNT_01,22-01-2025,Ocean Cargo,6.1,3083.17
SHP_06721,PLNT_05,12-05-2026,Rail,13.1,620.06
SHP_06722,PLNT_02,23-01-2025,Rail,17.74,330.75
SHP_06723,PLNT_02,05-12-2024,Ocean Cargo,5.15,7662.56
SHP_06724,PLNT_01,27-07-2026,Air Freight,7.08,7508.54
SHP_06725,PLNT_05,04-10-2026,Heavy Truck,3.65,369.83
SHP_06726,PLNT_05,09-05-2025,Air Freight,22.3,11928.03
SHP_06727,PLNT_05,20-09-2026,Air Freight,11.76,2187.82
SHP_06728,PLNT_02,25-12-2025,Heavy Truck,8.84,643.67
SHP_06729,PLNT_02,07-07-2026,Ocean Cargo,11.68,4604.18
SHP_06730,PLNT_01,05-12-2025,Rail,6.26,553.28
SHP_06731,PLNT_04,04-07-2026,Air Freight,3.87,10547.87
SHP_06732,PLNT_05,21-10-2026,Heavy Truck,12.53,731
SHP_06733,PLNT_01,20-05-2026,Ocean Cargo,24.84,6137.02
SHP_06734,PLNT_01,06-10-2024,Ocean Cargo,5.69,4460.13
SHP_06735,PLNT_01,25-01-2025,Heavy Truck,17.36,265.76
SHP_06736,PLNT_05,08-04-2026,Rail,9.14,50.67
SHP_06737,PLNT_04,26-10-2025,Ocean Cargo,23.19,8366.25
SHP_06738,PLNT_01,18-01-2025,Heavy Truck,15.13,751.95
SHP_06739,PLNT_01,02-12-2024,Ocean Cargo,15.96,9802.08
SHP_06740,PLNT_05,06-11-2025,Heavy Truck,15.09,160.84
SHP_06741,PLNT_05,20-03-2024,Ocean Cargo,24.67,9057.03
SHP_06742,PLNT_04,20-03-2025,Heavy Truck,15.27,529.29
SHP_06743,PLNT_01,19-09-2025,Rail,12.41,409.35
SHP_06744,PLNT_01,11-09-2026,Air Freight,20.28,10868.64
SHP_06745,PLNT_01,05-10-2024,Ocean Cargo,18.66,4187.7
SHP_06746,PLNT_05,12-05-2025,Ocean Cargo,5.06,715.42
SHP_06747,PLNT_05,02-06-2025,Ocean Cargo,9.54,9685.42
SHP_06748,PLNT_02,07-06-2024,Heavy Truck,5.66,145.42
SHP_06749,PLNT_01,04-10-2025,Heavy Truck,4.68,722.13
SHP_06750,PLNT_03,13-01-2026,Heavy Truck,24.76,266.06
SHP_06751,PLNT_02,06-06-2024,Ocean Cargo,8.07,10838.37
SHP_06752,PLNT_04,15-07-2025,Heavy Truck,3.31,157.96
SHP_06753,PLNT_01,16-12-2024,Heavy Truck,3.02,620.35
SHP_06754,PLNT_03,18-04-2026,Ocean Cargo,4.5,10242.47
SHP_06755,PLNT_01,08-02-2024,Ocean Cargo,10.07,746.94
SHP_06756,PLNT_05,01-01-2025,Ocean Cargo,13.34,7446.92
SHP_06757,PLNT_05,27-01-2024,Heavy Truck,23.22,91.64
SHP_06758,PLNT_03,04-05-2026,Heavy Truck,6.03,439.22
SHP_06759,PLNT_02,13-12-2026,Ocean Cargo,24.24,11102.54
SHP_06760,PLNT_04,12-05-2026,Ocean Cargo,16.27,4749.47
SHP_06761,PLNT_03,23-11-2025,Rail,20.64,583.63
SHP_06762,PLNT_01,21-04-2026,Ocean Cargo,3.9,7314.31
SHP_06763,PLNT_03,02-06-2026,Heavy Truck,12.72,591.91
SHP_06764,PLNT_05,13-01-2026,Heavy Truck,7,209.08
SHP_06765,PLNT_01,12-05-2024,Heavy Truck,2.91,271.96
SHP_06766,PLNT_02,26-03-2025,Air Freight,22.69,1938.07
SHP_06767,PLNT_05,11-07-2024,Heavy Truck,12.67,691.73
SHP_06768,PLNT_02,12-08-2025,Heavy Truck,15.71,331.7
SHP_06769,PLNT_02,17-02-2024,Rail,5.15,778.76
SHP_06770,PLNT_05,18-11-2024,Heavy Truck,6.31,475.43
SHP_06771,PLNT_05,27-11-2024,Rail,6.42,600.49
SHP_06772,PLNT_03,04-04-2026,Heavy Truck,19.35,137.02
SHP_06773,PLNT_02,13-03-2024,Rail,11.24,219.4
SHP_06774,PLNT_02,07-05-2024,Heavy Truck,20.41,561.52
SHP_06775,PLNT_04,09-01-2024,Heavy Truck,6.08,177.46
SHP_06776,PLNT_01,22-10-2025,Ocean Cargo,24.06,4847.54
SHP_06777,PLNT_01,22-05-2026,Heavy Truck,12.51,130.54
SHP_06778,PLNT_02,17-07-2026,Ocean Cargo,13.6,10501.85
SHP_06779,PLNT_04,25-01-2024,Ocean Cargo,2.74,6537.4
SHP_06780,PLNT_05,04-05-2024,Heavy Truck,3.38,509.03
SHP_06781,PLNT_05,09-01-2026,Rail,5.45,706.63
SHP_06782,PLNT_01,07-12-2026,Heavy Truck,6.46,120.37
SHP_06783,PLNT_01,06-12-2025,Rail,4.81,650.34
SHP_06784,PLNT_01,04-10-2025,Ocean Cargo,12.1,2858.45
SHP_06785,PLNT_03,02-01-2024,Rail,20.6,779.21
SHP_06786,PLNT_04,23-08-2025,Ocean Cargo,18,11762.79
SHP_06787,PLNT_01,03-10-2026,Rail,16.52,428.93
SHP_06788,PLNT_03,22-11-2026,Ocean Cargo,10.95,1706.35
SHP_06789,PLNT_01,15-10-2024,Rail,11.47,213.19
SHP_06790,PLNT_03,05-09-2025,Heavy Truck,12.11,712.31
SHP_06791,PLNT_03,17-12-2025,Rail,24.71,293.18
SHP_06792,PLNT_05,21-03-2025,Ocean Cargo,21.69,8564.47
SHP_06793,PLNT_04,24-04-2024,Air Freight,12.81,11841.17
SHP_06794,PLNT_05,03-02-2025,Ocean Cargo,17.32,5114.22
SHP_06795,PLNT_04,26-07-2025,Ocean Cargo,18.43,9729.85
SHP_06796,PLNT_02,02-04-2025,Ocean Cargo,8.09,5969.49
SHP_06797,PLNT_03,24-07-2024,Ocean Cargo,4.2,1096.07
SHP_06798,PLNT_05,09-06-2026,Heavy Truck,5.08,606.07
SHP_06799,PLNT_01,15-07-2024,Rail,18.13,511.44
SHP_06800,PLNT_01,21-04-2026,Heavy Truck,22.01,562.84
SHP_06801,PLNT_01,02-09-2026,Ocean Cargo,4.05,4060.52
SHP_06802,PLNT_05,10-03-2024,Heavy Truck,6.8,552.27
SHP_06803,PLNT_01,19-05-2026,Heavy Truck,22.12,792.4
SHP_06804,PLNT_03,14-03-2024,Heavy Truck,23.74,309.29
SHP_06805,PLNT_03,14-10-2024,Ocean Cargo,20.49,2418.04
SHP_06806,PLNT_04,07-06-2025,Heavy Truck,18.51,90.5
SHP_06807,PLNT_01,19-06-2026,Ocean Cargo,1.89,7617.4
SHP_06808,PLNT_02,01-04-2025,Ocean Cargo,9.66,2524.23
SHP_06809,PLNT_01,22-11-2025,Ocean Cargo,9.06,4763.69
SHP_06810,PLNT_02,21-02-2026,Ocean Cargo,13.12,3973.63
SHP_06811,PLNT_04,07-10-2025,Ocean Cargo,3.4,4568.33
SHP_06812,PLNT_05,22-10-2025,Air Freight,18.49,9442.24
SHP_06813,PLNT_04,11-04-2026,Ocean Cargo,21.34,10462.91
SHP_06814,PLNT_03,27-08-2024,Ocean Cargo,16.69,9565.31
SHP_06815,PLNT_05,24-11-2024,Heavy Truck,5.92,330.14
SHP_06816,PLNT_04,09-08-2024,Heavy Truck,4.79,672.74
SHP_06817,PLNT_03,15-08-2025,Ocean Cargo,24.34,2940.77
SHP_06818,PLNT_05,20-06-2026,Rail,6.74,614.06
SHP_06819,PLNT_03,12-08-2025,Heavy Truck,5.9,428.16
SHP_06820,PLNT_03,07-12-2026,Heavy Truck,17.58,270.09
SHP_06821,PLNT_04,06-11-2024,Ocean Cargo,8.13,10823.91
SHP_06822,PLNT_05,10-12-2026,Heavy Truck,12.48,192.74
SHP_06823,PLNT_03,18-01-2026,Rail,18.49,117.27
SHP_06824,PLNT_03,23-03-2026,Rail,19.31,567.3
SHP_06825,PLNT_02,19-06-2026,Ocean Cargo,9.43,11655.83
SHP_06826,PLNT_05,16-10-2025,Rail,21.04,626.63
SHP_06827,PLNT_04,07-07-2026,Heavy Truck,13.9,511.6
SHP_06828,PLNT_01,18-03-2024,Heavy Truck,10.59,567.55
SHP_06829,PLNT_04,07-12-2024,Heavy Truck,24.61,418.23
SHP_06830,PLNT_05,14-12-2026,Heavy Truck,23.35,539.05
SHP_06831,PLNT_03,22-04-2026,Ocean Cargo,5.23,9779.37
SHP_06832,PLNT_03,22-04-2026,Heavy Truck,21.04,417.19
SHP_06833,PLNT_03,17-12-2024,Ocean Cargo,15.6,4696.08
SHP_06834,PLNT_03,17-08-2025,Ocean Cargo,18.49,3706.19
SHP_06835,PLNT_05,27-03-2026,Rail,5.94,734.05
SHP_06836,PLNT_03,16-04-2024,Ocean Cargo,10.06,2223.62
SHP_06837,PLNT_04,05-07-2024,Heavy Truck,8.1,228.41
SHP_06838,PLNT_02,20-10-2024,Ocean Cargo,6.39,346.31
SHP_06839,PLNT_04,03-01-2026,Ocean Cargo,20.47,6647.81
SHP_06840,PLNT_04,21-02-2026,Ocean Cargo,8.5,5444.64
SHP_06841,PLNT_03,09-10-2025,Ocean Cargo,2.68,3682.76
SHP_06842,PLNT_04,06-02-2024,Ocean Cargo,23.18,2182.07
SHP_06843,PLNT_02,25-03-2026,Heavy Truck,2.48,757.95
SHP_06844,PLNT_01,14-06-2026,Ocean Cargo,15.86,124.16
SHP_06845,PLNT_05,18-02-2026,Ocean Cargo,4.19,4880.97
SHP_06846,PLNT_02,24-07-2026,Ocean Cargo,8.75,7673.21
SHP_06847,PLNT_03,01-04-2024,Heavy Truck,14.28,645.6
SHP_06848,PLNT_02,23-04-2024,Heavy Truck,2.07,766.05
SHP_06849,PLNT_04,21-03-2024,Ocean Cargo,13.56,10142.2
SHP_06850,PLNT_04,14-01-2024,Ocean Cargo,7.12,5106.33
SHP_06851,PLNT_01,17-06-2026,Ocean Cargo,19.99,7098.14
SHP_06852,PLNT_05,25-07-2026,Heavy Truck,14.53,762.87
SHP_06853,PLNT_01,14-05-2025,Heavy Truck,17.46,730.83
SHP_06854,PLNT_04,06-05-2024,Rail,11.84,539.3
SHP_06855,PLNT_03,15-09-2024,Heavy Truck,1.98,404.76
SHP_06856,PLNT_02,02-10-2026,Air Freight,13.48,10948.16
SHP_06857,PLNT_03,12-08-2024,Heavy Truck,21.53,264.06
SHP_06858,PLNT_04,19-11-2025,Ocean Cargo,19.62,5806.36
SHP_06859,PLNT_05,21-02-2026,Rail,9.23,581.05
SHP_06860,PLNT_03,06-05-2024,Heavy Truck,20.05,155.93
SHP_06861,PLNT_02,20-05-2025,Heavy Truck,6.93,147.54
SHP_06862,PLNT_04,21-06-2024,Ocean Cargo,14.77,7673.05
SHP_06863,PLNT_03,14-12-2024,Ocean Cargo,7.89,6232.25
SHP_06864,PLNT_05,16-11-2025,Ocean Cargo,23.87,3945.67
SHP_06865,PLNT_04,08-09-2024,Heavy Truck,19.17,150.87
SHP_06866,PLNT_05,26-05-2024,Rail,20.03,538.04
SHP_06867,PLNT_03,03-05-2025,Heavy Truck,15.09,393.47
SHP_06868,PLNT_04,07-05-2026,Heavy Truck,18.02,706.75
SHP_06869,PLNT_01,08-09-2024,Heavy Truck,23.57,575.29
SHP_06870,PLNT_03,19-07-2025,Rail,8.78,307.79
SHP_06871,PLNT_01,26-03-2024,Heavy Truck,11.69,408.63
SHP_06872,PLNT_03,02-06-2024,Rail,18.97,178.02
SHP_06873,PLNT_05,21-03-2024,Heavy Truck,11.73,220.86
SHP_06874,PLNT_05,18-05-2025,Heavy Truck,15.2,708.86
SHP_06875,PLNT_04,08-07-2026,Ocean Cargo,17.88,8662.23
SHP_06876,PLNT_05,16-05-2024,Ocean Cargo,5.83,9973.45
SHP_06877,PLNT_05,06-07-2026,Heavy Truck,13.91,553.04
SHP_06878,PLNT_04,19-07-2024,Ocean Cargo,20.86,1299.53
SHP_06879,PLNT_05,05-03-2024,Ocean Cargo,4.07,4532.57
SHP_06880,PLNT_04,19-01-2025,Rail,7.12,782.65
SHP_06881,PLNT_05,20-05-2024,Ocean Cargo,4.48,7267.75
SHP_06882,PLNT_03,14-02-2026,Ocean Cargo,10.98,1161.41
SHP_06883,PLNT_05,20-10-2026,Heavy Truck,19.42,509.84
SHP_06884,PLNT_03,10-11-2024,Heavy Truck,19.68,473.54
SHP_06885,PLNT_02,09-05-2024,Ocean Cargo,15.93,1761.2
SHP_06886,PLNT_02,01-10-2026,Ocean Cargo,19.61,9008.59
SHP_06887,PLNT_03,25-01-2026,Rail,24.86,267.58
SHP_06888,PLNT_02,03-02-2024,Air Freight,13.27,8470.64
SHP_06889,PLNT_01,07-04-2026,Rail,10.21,61.14
SHP_06890,PLNT_01,05-09-2025,Ocean Cargo,23.17,6949.05
SHP_06891,PLNT_04,22-12-2026,Heavy Truck,3.73,400.96
SHP_06892,PLNT_02,24-11-2025,Heavy Truck,1.61,272.8
SHP_06893,PLNT_05,22-09-2025,Rail,15.39,639.77
SHP_06894,PLNT_03,04-12-2026,Ocean Cargo,2.42,10209.49
SHP_06895,PLNT_01,01-09-2026,Ocean Cargo,12.95,7526.62
SHP_06896,PLNT_01,24-07-2024,Ocean Cargo,12.78,11951.73
SHP_06897,PLNT_01,27-12-2025,Rail,23.33,796.32
SHP_06898,PLNT_01,18-12-2024,Rail,19.15,202.63
SHP_06899,PLNT_02,13-05-2026,Ocean Cargo,6.56,11614.19
SHP_06900,PLNT_01,02-12-2024,Heavy Truck,6.59,329.78
SHP_06901,PLNT_02,09-07-2026,Rail,16.35,241.58
SHP_06902,PLNT_01,17-02-2025,Ocean Cargo,11.71,445.54
SHP_06903,PLNT_04,06-04-2026,Heavy Truck,11.9,732.57
SHP_06904,PLNT_01,12-07-2026,Heavy Truck,2.66,545.04
SHP_06905,PLNT_02,20-04-2026,Heavy Truck,24.47,792.81
SHP_06906,PLNT_03,21-09-2024,Heavy Truck,10.33,749.31
SHP_06907,PLNT_05,27-11-2026,Heavy Truck,17.22,66.97
SHP_06908,PLNT_02,12-02-2024,Ocean Cargo,21.59,8343.03
SHP_06909,PLNT_02,24-08-2025,Air Freight,5.14,7194.51
SHP_06910,PLNT_01,27-05-2025,Ocean Cargo,22.8,8585.47
SHP_06911,PLNT_03,16-07-2024,Rail,16.34,515.73
SHP_06912,PLNT_03,05-07-2026,Ocean Cargo,15.76,6952.79
SHP_06913,PLNT_05,06-11-2024,Heavy Truck,1.88,183.37
SHP_06914,PLNT_02,19-08-2026,Heavy Truck,13.06,426.79
SHP_06915,PLNT_02,04-08-2025,Rail,15.98,58.33
SHP_06916,PLNT_04,26-05-2024,Ocean Cargo,19.26,5105.09
SHP_06917,PLNT_05,22-01-2025,Heavy Truck,10.75,240.9
SHP_06918,PLNT_04,19-05-2026,Heavy Truck,4.81,243.54
SHP_06919,PLNT_04,16-04-2026,Heavy Truck,22.43,588.12
SHP_06920,PLNT_02,10-10-2024,Heavy Truck,24.76,501.16
SHP_06921,PLNT_02,26-01-2026,Ocean Cargo,22.67,1273.54
SHP_06922,PLNT_02,24-12-2026,Ocean Cargo,17.03,7249.13
SHP_06923,PLNT_01,02-03-2026,Heavy Truck,6.67,234.58
SHP_06924,PLNT_04,08-03-2024,Ocean Cargo,11.08,7020.6
SHP_06925,PLNT_01,03-06-2025,Rail,8.52,170.63
SHP_06926,PLNT_02,09-04-2026,Heavy Truck,12.74,481.94
SHP_06927,PLNT_03,16-03-2026,Ocean Cargo,10.32,3774.91
SHP_06928,PLNT_03,12-02-2024,Heavy Truck,1.88,304.87
SHP_06929,PLNT_01,21-12-2024,Ocean Cargo,16.2,1747.35
SHP_06930,PLNT_02,09-05-2025,Heavy Truck,8.8,664.44
SHP_06931,PLNT_03,18-08-2026,Ocean Cargo,14.32,7833.02
SHP_06932,PLNT_02,27-07-2024,Heavy Truck,16.24,389.01
SHP_06933,PLNT_03,08-10-2025,Heavy Truck,7.49,212.91
SHP_06934,PLNT_05,09-02-2025,Heavy Truck,13.86,221.76
SHP_06935,PLNT_04,22-04-2024,Air Freight,4.62,11461.25
SHP_06936,PLNT_02,09-05-2026,Ocean Cargo,10.43,3580.8
SHP_06937,PLNT_04,22-07-2024,Rail,8.05,544.24
SHP_06938,PLNT_02,10-10-2024,Ocean Cargo,9.22,5965.94
SHP_06939,PLNT_03,23-03-2025,Ocean Cargo,2.22,2470.06
SHP_06940,PLNT_04,02-08-2026,Ocean Cargo,7.39,3364.02
SHP_06941,PLNT_05,17-07-2024,Ocean Cargo,7.3,5429.2
SHP_06942,PLNT_03,06-11-2024,Ocean Cargo,22.97,8781.05
SHP_06943,PLNT_02,05-10-2025,Air Freight,23.43,9190.85
SHP_06944,PLNT_03,13-12-2026,Air Freight,5.47,11352.67
SHP_06945,PLNT_01,01-09-2025,Ocean Cargo,6.37,11703.83
SHP_06946,PLNT_05,14-04-2025,Rail,23.33,479.71
SHP_06947,PLNT_04,16-06-2024,Heavy Truck,18.86,448.68
SHP_06948,PLNT_04,09-12-2025,Air Freight,21.71,262.45
SHP_06949,PLNT_02,15-03-2026,Heavy Truck,2.63,377.7
SHP_06950,PLNT_03,15-01-2025,Heavy Truck,13.99,582.79
SHP_06951,PLNT_03,18-02-2025,Heavy Truck,5.16,142.08
SHP_06952,PLNT_04,08-07-2025,Rail,21.16,172.13
SHP_06953,PLNT_04,02-11-2024,Heavy Truck,3.54,50.59
SHP_06954,PLNT_02,06-12-2024,Ocean Cargo,4.13,1164.87
SHP_06955,PLNT_05,09-10-2025,Heavy Truck,20.22,333.29
SHP_06956,PLNT_01,23-01-2026,Ocean Cargo,6.05,8384.9
SHP_06957,PLNT_03,25-09-2024,Heavy Truck,10.33,323.01
SHP_06958,PLNT_02,25-10-2026,Rail,18.6,319.92
SHP_06959,PLNT_04,22-09-2025,Heavy Truck,2.17,732.91
SHP_06960,PLNT_02,22-09-2026,Rail,20.33,774.38
SHP_06961,PLNT_02,19-07-2025,Ocean Cargo,18.57,11807.67
SHP_06962,PLNT_03,24-06-2025,Ocean Cargo,2.97,4778.95
SHP_06963,PLNT_02,14-01-2025,Ocean Cargo,24.42,8791.22
SHP_06964,PLNT_02,05-10-2024,Ocean Cargo,16.25,3935.77
SHP_06965,PLNT_05,10-07-2024,Ocean Cargo,5.19,4358.77
SHP_06966,PLNT_01,18-02-2025,Ocean Cargo,14.18,8149.98
SHP_06967,PLNT_03,12-04-2024,Heavy Truck,16.46,123.45
SHP_06968,PLNT_05,14-02-2026,Heavy Truck,9.5,305.11
SHP_06969,PLNT_02,21-07-2024,Heavy Truck,12.93,501.72
SHP_06970,PLNT_04,09-11-2026,Ocean Cargo,6.75,8893.8
SHP_06971,PLNT_05,07-02-2025,Heavy Truck,14.48,598.13
SHP_06972,PLNT_03,24-07-2026,Ocean Cargo,24.39,7807.9
SHP_06973,PLNT_02,13-08-2024,Heavy Truck,15.93,743.44
SHP_06974,PLNT_05,19-01-2025,Heavy Truck,21.67,711.95
SHP_06975,PLNT_03,06-10-2026,Ocean Cargo,4.74,2517.3
SHP_06976,PLNT_05,04-12-2024,Ocean Cargo,7.41,8260.08
SHP_06977,PLNT_04,10-05-2024,Heavy Truck,20.97,61.39
SHP_06978,PLNT_01,02-10-2025,Ocean Cargo,14.68,7836.06
SHP_06979,PLNT_01,10-09-2024,Heavy Truck,12,365.07
SHP_06980,PLNT_01,27-04-2026,Ocean Cargo,19.31,8354.21
SHP_06981,PLNT_01,26-12-2025,Rail,20.17,745.5
SHP_06982,PLNT_05,22-03-2025,Ocean Cargo,18.59,10283.55
SHP_06983,PLNT_01,14-11-2024,Ocean Cargo,17.63,7942.36
SHP_06984,PLNT_01,24-08-2024,Ocean Cargo,4.1,8289.45
SHP_06985,PLNT_05,11-11-2025,Ocean Cargo,12.42,1594.34
SHP_06986,PLNT_01,25-10-2025,Heavy Truck,8.51,339.07
SHP_06987,PLNT_03,22-02-2025,Heavy Truck,8.78,743.44
SHP_06988,PLNT_05,15-10-2025,Ocean Cargo,19.36,3911.29
SHP_06989,PLNT_03,21-09-2025,Ocean Cargo,3.72,5255.44
SHP_06990,PLNT_04,13-10-2026,Rail,3.05,145.78
SHP_06991,PLNT_04,23-01-2024,Rail,19.44,207.15
SHP_06992,PLNT_02,10-10-2026,Ocean Cargo,9.13,6865.39
SHP_06993,PLNT_01,07-12-2026,Ocean Cargo,22.86,4580.76
SHP_06994,PLNT_03,02-10-2026,Ocean Cargo,7.69,7681.23
SHP_06995,PLNT_01,03-03-2025,Heavy Truck,16.85,146.1
SHP_06996,PLNT_04,24-02-2026,Ocean Cargo,2.29,3361.61
SHP_06997,PLNT_03,26-09-2025,Ocean Cargo,17.39,11781.96
SHP_06998,PLNT_02,24-10-2024,Heavy Truck,9.51,558.61
SHP_06999,PLNT_01,06-06-2026,Ocean Cargo,8.11,10675.17
SHP_07000,PLNT_01,13-01-2026,Air Freight,23.71,3686.06
SHP_07001,PLNT_01,02-08-2026,Ocean Cargo,4.98,7100
SHP_07002,PLNT_03,02-10-2025,Ocean Cargo,2.27,9431.98
SHP_07003,PLNT_01,02-11-2025,Heavy Truck,4.48,676.59
SHP_07004,PLNT_04,15-03-2024,Ocean Cargo,9.7,3107.36
SHP_07005,PLNT_01,14-05-2024,Heavy Truck,19.23,334.16
SHP_07006,PLNT_03,01-04-2025,Rail,15.01,53.92
SHP_07007,PLNT_02,04-12-2025,Heavy Truck,17.49,503.61
SHP_07008,PLNT_04,15-04-2025,Heavy Truck,13.77,438.91
SHP_07009,PLNT_05,18-10-2025,Rail,17.69,747.65
SHP_07010,PLNT_02,21-06-2025,Heavy Truck,19.17,404.44
SHP_07011,PLNT_02,23-10-2026,Heavy Truck,17.62,517.33
SHP_07012,PLNT_01,12-05-2026,Heavy Truck,1.68,723.03
SHP_07013,PLNT_01,04-01-2026,Ocean Cargo,20.13,8854.89
SHP_07014,PLNT_03,15-09-2026,Heavy Truck,5.48,365.96
SHP_07015,PLNT_04,16-04-2026,Ocean Cargo,11.97,2035.06
SHP_07016,PLNT_02,17-05-2024,Ocean Cargo,7.12,6134.83
SHP_07017,PLNT_05,19-03-2025,Heavy Truck,7.89,96.06
SHP_07018,PLNT_04,26-03-2025,Ocean Cargo,19.07,7570.47
SHP_07019,PLNT_04,11-08-2025,Air Freight,11.35,4643.04
SHP_07020,PLNT_04,24-04-2024,Ocean Cargo,16.47,7597.97
SHP_07021,PLNT_01,25-11-2024,Heavy Truck,12.74,227.9
SHP_07022,PLNT_04,07-09-2024,Ocean Cargo,15.04,2626.2
SHP_07023,PLNT_01,16-03-2024,Ocean Cargo,15.75,4847.89
SHP_07024,PLNT_05,20-09-2024,Ocean Cargo,3.14,3370.5
SHP_07025,PLNT_03,11-11-2026,Rail,6.53,789.9
SHP_07026,PLNT_02,09-06-2025,Ocean Cargo,3.24,7273.76
SHP_07027,PLNT_03,14-02-2026,Rail,4.59,597.01
SHP_07028,PLNT_05,18-03-2025,Heavy Truck,12.69,137.67
SHP_07029,PLNT_03,14-01-2024,Heavy Truck,3.81,448.9
SHP_07030,PLNT_04,23-03-2024,Ocean Cargo,15.11,5745.3
SHP_07031,PLNT_05,02-10-2026,Heavy Truck,7.04,373.29
SHP_07032,PLNT_02,27-01-2025,Heavy Truck,20.33,224.95
SHP_07033,PLNT_05,08-01-2026,Heavy Truck,15.44,582.02
SHP_07034,PLNT_04,24-07-2025,Heavy Truck,10.13,149.11
SHP_07035,PLNT_04,22-08-2025,Air Freight,7.08,2195.14
SHP_07036,PLNT_05,23-10-2025,Ocean Cargo,13.37,10244.86
SHP_07037,PLNT_05,07-02-2025,Heavy Truck,5.46,470.2
SHP_07038,PLNT_03,13-11-2025,Rail,6.37,333.77
SHP_07039,PLNT_01,02-02-2026,Ocean Cargo,8.25,180.18
SHP_07040,PLNT_05,17-12-2026,Ocean Cargo,17.86,7871.94
SHP_07041,PLNT_01,13-10-2024,Air Freight,7.95,3988.83
SHP_07042,PLNT_03,09-01-2025,Ocean Cargo,3.14,155.76
SHP_07043,PLNT_01,27-11-2026,Ocean Cargo,2.56,3781.15
SHP_07044,PLNT_03,15-05-2026,Ocean Cargo,2.72,1127.17
SHP_07045,PLNT_01,24-01-2024,Ocean Cargo,2.24,8449
SHP_07046,PLNT_01,19-03-2025,Heavy Truck,21.92,741.49
SHP_07047,PLNT_04,06-06-2024,Ocean Cargo,24.46,5037.66
SHP_07048,PLNT_04,11-11-2025,Air Freight,22.36,9729.04
SHP_07049,PLNT_01,12-10-2026,Ocean Cargo,7.52,1716.97
SHP_07050,PLNT_02,17-07-2026,Heavy Truck,17.63,466.91
SHP_07051,PLNT_04,25-11-2025,Ocean Cargo,6.34,984.51
SHP_07052,PLNT_03,21-07-2025,Air Freight,15.2,5969.19
SHP_07053,PLNT_05,06-09-2024,Heavy Truck,15.9,265.76
SHP_07054,PLNT_03,19-01-2025,Ocean Cargo,8.82,9587.82
SHP_07055,PLNT_01,12-04-2025,Heavy Truck,19.48,156.89
SHP_07056,PLNT_03,05-01-2024,Heavy Truck,21.46,379.33
SHP_07057,PLNT_05,06-09-2025,Heavy Truck,10.99,580.76
SHP_07058,PLNT_01,18-08-2025,Heavy Truck,23.99,206.08
SHP_07059,PLNT_04,06-09-2025,Rail,9.71,799.1
SHP_07060,PLNT_02,19-10-2024,Heavy Truck,23.15,218.47
SHP_07061,PLNT_04,23-06-2025,Air Freight,12.08,2158.74
SHP_07062,PLNT_04,08-02-2025,Heavy Truck,3.91,736.34
SHP_07063,PLNT_03,14-03-2024,Ocean Cargo,21.13,444.68
SHP_07064,PLNT_04,18-11-2026,Ocean Cargo,2.25,611.99
SHP_07065,PLNT_04,26-08-2024,Heavy Truck,8.4,215.91
SHP_07066,PLNT_02,10-04-2026,Heavy Truck,21.02,368.06
SHP_07067,PLNT_02,08-06-2025,Heavy Truck,9.73,317.69
SHP_07068,PLNT_05,20-11-2026,Heavy Truck,1.69,475.92
SHP_07069,PLNT_05,09-01-2024,Rail,21.05,145.33
SHP_07070,PLNT_02,14-10-2025,Ocean Cargo,22.71,6981.91
SHP_07071,PLNT_04,12-01-2025,Rail,17.85,745.64
SHP_07072,PLNT_03,08-02-2024,Heavy Truck,6.24,695.62
SHP_07073,PLNT_01,23-06-2026,Heavy Truck,4.98,358.85
SHP_07074,PLNT_02,10-11-2026,Rail,19.25,199.46
SHP_07075,PLNT_01,04-11-2025,Ocean Cargo,18.94,390.65
SHP_07076,PLNT_01,16-11-2025,Rail,12.88,172.47
SHP_07077,PLNT_04,23-12-2024,Rail,12.41,771.87
SHP_07078,PLNT_01,23-09-2026,Air Freight,15.62,5420.13
SHP_07079,PLNT_02,25-07-2024,Ocean Cargo,11.91,548.3
SHP_07080,PLNT_03,17-05-2026,Heavy Truck,17.77,770.4
SHP_07081,PLNT_03,24-11-2024,Heavy Truck,3.34,430.97
SHP_07082,PLNT_02,06-02-2025,Heavy Truck,3.31,437.34
SHP_07083,PLNT_01,14-07-2024,Ocean Cargo,16.2,10517.31
SHP_07084,PLNT_03,05-11-2026,Ocean Cargo,11.55,1114.49
SHP_07085,PLNT_04,14-06-2025,Heavy Truck,23.89,599.23
SHP_07086,PLNT_01,19-04-2025,Ocean Cargo,6.57,1423.67
SHP_07087,PLNT_01,10-06-2026,Heavy Truck,5.01,502.51
SHP_07088,PLNT_02,01-01-2026,Air Freight,17.79,3634.4
SHP_07089,PLNT_02,08-03-2024,Ocean Cargo,12.98,4273.56
SHP_07090,PLNT_04,25-06-2026,Heavy Truck,23.59,518.3
SHP_07091,PLNT_02,15-08-2025,Heavy Truck,22.45,483.9
SHP_07092,PLNT_04,04-02-2025,Heavy Truck,20.85,508.81
SHP_07093,PLNT_01,20-08-2026,Ocean Cargo,8.36,6419.99
SHP_07094,PLNT_04,17-03-2024,Heavy Truck,4.84,116.52
SHP_07095,PLNT_02,16-03-2025,Heavy Truck,7.42,496.91
SHP_07096,PLNT_04,25-02-2024,Heavy Truck,20.63,555.54
SHP_07097,PLNT_04,11-05-2026,Heavy Truck,6.11,762.96
SHP_07098,PLNT_01,07-01-2026,Ocean Cargo,2.56,10523.48
SHP_07099,PLNT_04,03-03-2025,Heavy Truck,9.47,626.73
SHP_07100,PLNT_04,08-05-2026,Heavy Truck,1.76,610.7
SHP_07101,PLNT_05,01-07-2024,Heavy Truck,20.09,707.85
SHP_07102,PLNT_04,11-05-2026,Heavy Truck,8.84,75.09
SHP_07103,PLNT_04,06-11-2024,Rail,23.15,53.99
SHP_07104,PLNT_02,11-12-2025,Heavy Truck,10.09,113.86
SHP_07105,PLNT_03,04-02-2025,Heavy Truck,2.93,792.55
SHP_07106,PLNT_03,01-12-2026,Air Freight,14.18,10671.85
SHP_07107,PLNT_05,16-03-2024,Heavy Truck,17.75,435.17
SHP_07108,PLNT_04,22-07-2026,Heavy Truck,24.43,266.17
SHP_07109,PLNT_04,03-12-2026,Rail,18.05,127.73
SHP_07110,PLNT_02,18-04-2024,Rail,12,561.96
SHP_07111,PLNT_02,11-04-2024,Ocean Cargo,8.16,9790.49
SHP_07112,PLNT_03,05-05-2024,Heavy Truck,20.33,699.92
SHP_07113,PLNT_04,21-06-2025,Rail,24.03,757.29
SHP_07114,PLNT_02,25-10-2025,Heavy Truck,20.1,354.33
SHP_07115,PLNT_02,03-10-2024,Ocean Cargo,3.27,4672.67
SHP_07116,PLNT_02,26-10-2025,Heavy Truck,20.9,259.37
SHP_07117,PLNT_01,10-05-2026,Heavy Truck,22.54,302.88
SHP_07118,PLNT_03,17-08-2024,Ocean Cargo,15.64,6689.82
SHP_07119,PLNT_02,21-01-2026,Heavy Truck,15.59,576.3
SHP_07120,PLNT_01,16-10-2026,Ocean Cargo,16.99,11658.76
SHP_07121,PLNT_04,21-08-2026,Heavy Truck,6.35,383.87
SHP_07122,PLNT_05,08-12-2025,Ocean Cargo,22.83,4455.56
SHP_07123,PLNT_02,18-04-2025,Air Freight,18.57,6638.83
SHP_07124,PLNT_03,15-09-2026,Ocean Cargo,21.79,6088.43
SHP_07125,PLNT_04,25-06-2024,Ocean Cargo,23.94,8577.53
SHP_07126,PLNT_04,04-01-2024,Ocean Cargo,16.92,170.86
SHP_07127,PLNT_05,02-12-2026,Ocean Cargo,3,7678.95
SHP_07128,PLNT_01,21-02-2025,Heavy Truck,10.43,590.03
SHP_07129,PLNT_03,12-11-2024,Heavy Truck,1.97,653.98
SHP_07130,PLNT_03,05-12-2025,Ocean Cargo,10.7,11274.72
SHP_07131,PLNT_05,10-12-2025,Heavy Truck,3.14,184.47
SHP_07132,PLNT_04,01-06-2025,Ocean Cargo,9.2,11116.42
SHP_07133,PLNT_05,19-03-2025,Heavy Truck,4.86,137.75
SHP_07134,PLNT_01,26-08-2025,Heavy Truck,3.83,79.64
SHP_07135,PLNT_03,03-01-2025,Ocean Cargo,6.24,811.96
SHP_07136,PLNT_05,14-09-2024,Heavy Truck,13.35,115.32
SHP_07137,PLNT_02,21-07-2024,Heavy Truck,11.71,270.38
SHP_07138,PLNT_04,26-08-2025,Heavy Truck,22.43,339.72
SHP_07139,PLNT_05,26-12-2024,Ocean Cargo,18.79,8309.16
SHP_07140,PLNT_01,19-11-2025,Heavy Truck,14.03,501.62
SHP_07141,PLNT_05,06-01-2024,Ocean Cargo,19.48,4581.26
SHP_07142,PLNT_01,16-04-2025,Ocean Cargo,11.39,3396.38
SHP_07143,PLNT_01,03-11-2024,Rail,14.54,180.37
SHP_07144,PLNT_04,18-01-2026,Ocean Cargo,3.2,4121.8
SHP_07145,PLNT_03,13-04-2024,Heavy Truck,12.5,512.14
SHP_07146,PLNT_05,23-03-2024,Ocean Cargo,11.3,10791.31
SHP_07147,PLNT_05,24-11-2024,Heavy Truck,15.37,746.87
SHP_07148,PLNT_04,07-05-2024,Ocean Cargo,20.05,11145.4
SHP_07149,PLNT_02,23-04-2024,Ocean Cargo,9.38,8939.22
SHP_07150,PLNT_02,13-04-2024,Rail,16.91,675.89
SHP_07151,PLNT_04,24-06-2025,Rail,9.36,424.03
SHP_07152,PLNT_02,17-11-2026,Heavy Truck,3.13,663.19
SHP_07153,PLNT_05,14-05-2025,Ocean Cargo,19.51,5749.61
SHP_07154,PLNT_01,12-06-2024,Heavy Truck,17.19,352.53
SHP_07155,PLNT_03,19-02-2025,Heavy Truck,4.86,163.12
SHP_07156,PLNT_03,14-02-2024,Air Freight,21.98,2928.45
SHP_07157,PLNT_05,04-06-2025,Rail,17.55,61
SHP_07158,PLNT_03,25-08-2025,Heavy Truck,7.18,99.86
SHP_07159,PLNT_01,22-12-2025,Rail,8.53,508.74
SHP_07160,PLNT_01,24-12-2025,Ocean Cargo,3.06,10837.78
SHP_07161,PLNT_04,17-06-2025,Heavy Truck,24.43,477.32
SHP_07162,PLNT_05,22-07-2024,Ocean Cargo,16.72,5337.13
SHP_07163,PLNT_05,04-08-2025,Heavy Truck,18.22,677.98
SHP_07164,PLNT_03,08-02-2025,Heavy Truck,16.83,201.22
SHP_07165,PLNT_02,13-01-2026,Ocean Cargo,8.33,10240.47
SHP_07166,PLNT_02,16-07-2024,Heavy Truck,22.46,413.76
SHP_07167,PLNT_01,20-05-2026,Ocean Cargo,21.74,931.48
SHP_07168,PLNT_01,05-10-2025,Heavy Truck,6.08,56.85
SHP_07169,PLNT_01,19-12-2024,Ocean Cargo,13.83,6763.27
SHP_07170,PLNT_01,24-08-2024,Heavy Truck,20.37,195.09
SHP_07171,PLNT_05,19-03-2025,Heavy Truck,24.27,713.07
SHP_07172,PLNT_02,20-06-2024,Ocean Cargo,23.64,2737.12
SHP_07173,PLNT_01,22-12-2024,Air Freight,20.86,10371.69
SHP_07174,PLNT_05,13-04-2025,Heavy Truck,5.63,710.55
SHP_07175,PLNT_05,23-09-2026,Ocean Cargo,24.35,821.71
SHP_07176,PLNT_05,06-03-2024,Ocean Cargo,13.32,9284.77
SHP_07177,PLNT_01,12-05-2025,Ocean Cargo,13.33,4546.71
SHP_07178,PLNT_03,20-10-2025,Heavy Truck,10.46,435.47
SHP_07179,PLNT_03,11-09-2024,Heavy Truck,19.21,633.44
SHP_07180,PLNT_05,14-12-2024,Heavy Truck,17.59,168.56
SHP_07181,PLNT_05,24-10-2024,Ocean Cargo,3.8,403.9
SHP_07182,PLNT_03,01-05-2024,Rail,8.39,697.64
SHP_07183,PLNT_01,03-07-2024,Heavy Truck,23.25,622.95
SHP_07184,PLNT_01,20-07-2024,Heavy Truck,20.04,606
SHP_07185,PLNT_01,20-07-2026,Heavy Truck,4.58,149.5
SHP_07186,PLNT_03,24-07-2024,Rail,21.34,489.48
SHP_07187,PLNT_03,13-08-2025,Ocean Cargo,3.49,6653.18
SHP_07188,PLNT_01,07-07-2025,Ocean Cargo,16.96,2338.28
SHP_07189,PLNT_05,14-09-2026,Rail,8.22,547.22
SHP_07190,PLNT_04,17-12-2025,Heavy Truck,15.07,312.54
SHP_07191,PLNT_02,17-02-2026,Heavy Truck,5.88,323.94
SHP_07192,PLNT_04,05-12-2024,Heavy Truck,11.67,143.26
SHP_07193,PLNT_05,16-07-2025,Ocean Cargo,18.78,4148.75
SHP_07194,PLNT_02,20-05-2026,Ocean Cargo,10.43,6975.11
SHP_07195,PLNT_03,14-09-2026,Ocean Cargo,8.86,10910.71
SHP_07196,PLNT_02,24-11-2024,Air Freight,13.58,6423.78
SHP_07197,PLNT_02,19-02-2025,Ocean Cargo,8.28,4852.99
SHP_07198,PLNT_02,24-11-2025,Heavy Truck,5.8,289.33
SHP_07199,PLNT_04,02-06-2025,Heavy Truck,16.3,174.63
SHP_07200,PLNT_01,19-11-2025,Ocean Cargo,15.31,3312.84
SHP_07201,PLNT_04,19-05-2026,Ocean Cargo,8.53,8698.13
SHP_07202,PLNT_05,09-04-2026,Heavy Truck,18.4,163.19
SHP_07203,PLNT_01,24-08-2024,Heavy Truck,21.97,656.78
SHP_07204,PLNT_05,16-08-2025,Rail,22.98,594.68
SHP_07205,PLNT_01,14-09-2025,Heavy Truck,5.13,520.55
SHP_07206,PLNT_01,24-11-2025,Heavy Truck,8.89,243.83
SHP_07207,PLNT_02,10-02-2024,Heavy Truck,24.73,400.09
SHP_07208,PLNT_01,12-04-2024,Rail,24.76,60.12
SHP_07209,PLNT_02,13-04-2024,Ocean Cargo,21.16,9671.58
SHP_07210,PLNT_01,21-06-2026,Heavy Truck,12.96,530.57
SHP_07211,PLNT_01,13-09-2026,Ocean Cargo,14.73,11541.07
SHP_07212,PLNT_02,13-08-2024,Ocean Cargo,9.53,9318.78
SHP_07213,PLNT_05,10-06-2026,Heavy Truck,6.55,597.13
SHP_07214,PLNT_03,27-10-2025,Heavy Truck,1.69,620.03
SHP_07215,PLNT_03,10-02-2024,Heavy Truck,22.25,121.69
SHP_07216,PLNT_05,06-08-2026,Ocean Cargo,8.31,3459.81
SHP_07217,PLNT_01,25-04-2024,Rail,17.64,571.9
SHP_07218,PLNT_01,02-08-2025,Ocean Cargo,20.85,492.32
SHP_07219,PLNT_04,08-09-2024,Heavy Truck,10.85,799.37
SHP_07220,PLNT_04,16-09-2024,Heavy Truck,12.68,204.04
SHP_07221,PLNT_02,11-10-2025,Air Freight,10.68,7619.53
SHP_07222,PLNT_04,12-12-2026,Rail,6.68,244.16
SHP_07223,PLNT_02,03-01-2026,Rail,11.71,681.32
SHP_07224,PLNT_01,09-05-2025,Ocean Cargo,5.28,5917.45
SHP_07225,PLNT_03,13-10-2025,Air Freight,9.45,7610.77
SHP_07226,PLNT_01,27-05-2024,Rail,11.72,417.1
SHP_07227,PLNT_02,23-01-2024,Heavy Truck,5.53,572.45
SHP_07228,PLNT_03,01-07-2026,Ocean Cargo,2.11,2724.95
SHP_07229,PLNT_02,10-07-2025,Ocean Cargo,9.64,8684.61
SHP_07230,PLNT_04,10-07-2025,Ocean Cargo,3.75,11342.55
SHP_07231,PLNT_01,08-02-2025,Ocean Cargo,6.01,1826.91
SHP_07232,PLNT_03,14-11-2025,Ocean Cargo,23.32,1664.68
SHP_07233,PLNT_04,15-04-2024,Air Freight,24.04,5854.99
SHP_07234,PLNT_02,15-03-2025,Heavy Truck,24.74,558.86
SHP_07235,PLNT_02,05-03-2024,Ocean Cargo,1.96,7538.81
SHP_07236,PLNT_03,03-02-2024,Heavy Truck,11.56,298.63
SHP_07237,PLNT_03,09-01-2026,Heavy Truck,18.24,359.57
SHP_07238,PLNT_04,03-02-2025,Air Freight,8.81,1818.7
SHP_07239,PLNT_03,01-11-2025,Rail,24.04,64.11
SHP_07240,PLNT_05,06-07-2026,Rail,21.69,523.83
SHP_07241,PLNT_05,25-11-2026,Heavy Truck,15.95,250.9
SHP_07242,PLNT_02,16-12-2026,Heavy Truck,2.62,696.49
SHP_07243,PLNT_05,01-08-2024,Heavy Truck,7.06,393.3
SHP_07244,PLNT_05,08-07-2025,Ocean Cargo,3.87,11118.64
SHP_07245,PLNT_02,07-07-2024,Ocean Cargo,16.64,11366.59
SHP_07246,PLNT_03,12-06-2025,Air Freight,5.6,744.76
SHP_07247,PLNT_01,27-10-2024,Heavy Truck,13.42,483.05
SHP_07248,PLNT_03,21-04-2024,Rail,11.84,766.32
SHP_07249,PLNT_05,08-01-2025,Heavy Truck,3.03,641.45
SHP_07250,PLNT_01,06-02-2024,Ocean Cargo,24.94,9061.69
SHP_07251,PLNT_03,23-03-2026,Heavy Truck,17.82,493.28
SHP_07252,PLNT_03,13-03-2025,Ocean Cargo,20.47,7024.24
SHP_07253,PLNT_03,08-07-2024,Rail,21.22,626.62
SHP_07254,PLNT_03,23-11-2024,Ocean Cargo,10.57,1333.6
SHP_07255,PLNT_04,04-03-2025,Heavy Truck,2.23,683.82
SHP_07256,PLNT_04,04-12-2026,Ocean Cargo,20.2,2589.21
SHP_07257,PLNT_04,17-05-2025,Rail,18.39,283.36
SHP_07258,PLNT_05,11-02-2025,Ocean Cargo,6.51,3081.5
SHP_07259,PLNT_01,26-08-2025,Ocean Cargo,15.15,4699.01
SHP_07260,PLNT_03,18-03-2025,Heavy Truck,2.88,384.37
SHP_07261,PLNT_02,09-12-2024,Air Freight,24.71,7033.39
SHP_07262,PLNT_01,27-03-2026,Ocean Cargo,5.88,6201.85
SHP_07263,PLNT_03,21-07-2025,Ocean Cargo,12.14,8430.55
SHP_07264,PLNT_03,12-04-2026,Heavy Truck,20.11,752.35
SHP_07265,PLNT_05,25-06-2026,Heavy Truck,3.17,306.48
SHP_07266,PLNT_03,13-06-2024,Ocean Cargo,22.12,151.65
SHP_07267,PLNT_03,17-01-2024,Ocean Cargo,12.44,11227.35
SHP_07268,PLNT_05,20-01-2026,Ocean Cargo,10.88,8876.23
SHP_07269,PLNT_05,23-04-2026,Air Freight,18.07,1888.75
SHP_07270,PLNT_04,24-09-2025,Ocean Cargo,24.47,7514.63
SHP_07271,PLNT_01,06-03-2026,Heavy Truck,9.86,443.49
SHP_07272,PLNT_02,27-05-2025,Heavy Truck,3.97,166.93
SHP_07273,PLNT_05,19-03-2025,Rail,24.81,549.41
SHP_07274,PLNT_02,18-04-2024,Heavy Truck,16.29,444.97
SHP_07275,PLNT_04,15-05-2025,Heavy Truck,24.52,724.52
SHP_07276,PLNT_03,09-04-2026,Rail,21.19,241.5
SHP_07277,PLNT_05,01-07-2024,Heavy Truck,23.27,434.29
SHP_07278,PLNT_03,15-12-2026,Ocean Cargo,14.45,3296.68
SHP_07279,PLNT_03,01-09-2025,Heavy Truck,16.4,336.42
SHP_07280,PLNT_03,20-08-2025,Heavy Truck,1.52,223.17
SHP_07281,PLNT_03,12-02-2024,Heavy Truck,10.94,254.4
SHP_07282,PLNT_01,24-08-2024,Rail,10.17,148.89
SHP_07283,PLNT_04,11-12-2025,Ocean Cargo,5.98,1420.5
SHP_07284,PLNT_04,15-02-2026,Heavy Truck,17.51,477.21
SHP_07285,PLNT_01,15-04-2024,Heavy Truck,24.37,471.97
SHP_07286,PLNT_05,24-04-2024,Heavy Truck,2.2,403.86
SHP_07287,PLNT_04,04-08-2024,Ocean Cargo,21.75,4703.79
SHP_07288,PLNT_04,24-12-2024,Rail,24.03,318.48
SHP_07289,PLNT_01,17-12-2025,Heavy Truck,16.86,322.43
SHP_07290,PLNT_01,20-05-2026,Heavy Truck,16.55,608.69
SHP_07291,PLNT_04,21-02-2024,Ocean Cargo,12.38,4444.45
SHP_07292,PLNT_02,22-09-2025,Rail,14.25,303.81
SHP_07293,PLNT_03,02-01-2025,Heavy Truck,4.56,696.89
SHP_07294,PLNT_02,08-11-2024,Ocean Cargo,6.11,4569.74
SHP_07295,PLNT_05,08-08-2026,Heavy Truck,8.51,194.78
SHP_07296,PLNT_02,26-03-2024,Heavy Truck,11.08,769.76
SHP_07297,PLNT_02,15-06-2026,Heavy Truck,9.39,372.22
SHP_07298,PLNT_04,23-01-2024,Ocean Cargo,11.37,10535.34
SHP_07299,PLNT_01,11-11-2025,Ocean Cargo,16.41,980.5
SHP_07300,PLNT_02,18-09-2026,Air Freight,16.24,11560.39
SHP_07301,PLNT_01,19-12-2024,Ocean Cargo,12.42,452.74
SHP_07302,PLNT_04,05-03-2025,Ocean Cargo,2.55,4590.94
SHP_07303,PLNT_01,18-09-2024,Heavy Truck,16.94,476.71
SHP_07304,PLNT_02,14-07-2024,Heavy Truck,5.61,730.79
SHP_07305,PLNT_04,23-07-2026,Ocean Cargo,15.42,7653.55
SHP_07306,PLNT_01,11-11-2026,Heavy Truck,10.02,784.32
SHP_07307,PLNT_04,01-12-2024,Ocean Cargo,18.23,7349.56
SHP_07308,PLNT_01,10-03-2024,Ocean Cargo,21.81,9513.22
SHP_07309,PLNT_01,05-11-2026,Ocean Cargo,23.66,7917.67
SHP_07310,PLNT_04,25-12-2026,Heavy Truck,23.39,732.86
SHP_07311,PLNT_05,26-06-2026,Heavy Truck,23.44,68.17
SHP_07312,PLNT_02,15-12-2024,Heavy Truck,8.93,324.42
SHP_07313,PLNT_03,25-01-2025,Heavy Truck,17.24,122.9
SHP_07314,PLNT_04,03-12-2026,Rail,2.36,482.46
SHP_07315,PLNT_03,09-03-2025,Rail,21.3,183.49
SHP_07316,PLNT_01,13-10-2024,Rail,22.94,760.99
SHP_07317,PLNT_04,08-06-2026,Ocean Cargo,24.87,11250.78
SHP_07318,PLNT_02,21-06-2025,Heavy Truck,5.07,256.09
SHP_07319,PLNT_03,18-09-2024,Ocean Cargo,23.01,8958.18
SHP_07320,PLNT_04,17-11-2024,Ocean Cargo,20.71,2517.32
SHP_07321,PLNT_03,27-11-2024,Heavy Truck,14.88,133.2
SHP_07322,PLNT_05,11-02-2026,Air Freight,21.27,2721.58
SHP_07323,PLNT_02,15-11-2026,Heavy Truck,16.63,763.62
SHP_07324,PLNT_04,17-07-2026,Rail,14.5,779.03
SHP_07325,PLNT_02,19-11-2026,Ocean Cargo,22.1,5695.16
SHP_07326,PLNT_05,16-03-2025,Heavy Truck,12.97,538.01
SHP_07327,PLNT_04,22-01-2026,Ocean Cargo,23.29,7710.4
SHP_07328,PLNT_03,25-05-2025,Ocean Cargo,20.92,4265.9
SHP_07329,PLNT_04,12-10-2025,Heavy Truck,12.45,77.82
SHP_07330,PLNT_05,18-05-2026,Ocean Cargo,20.44,6179.5
SHP_07331,PLNT_05,24-11-2025,Rail,13.27,187.76
SHP_07332,PLNT_03,04-09-2025,Heavy Truck,21.55,763.79
SHP_07333,PLNT_01,10-03-2026,Heavy Truck,9.96,101.28
SHP_07334,PLNT_02,02-10-2024,Heavy Truck,24.25,61.53
SHP_07335,PLNT_01,01-12-2025,Ocean Cargo,9.5,1829.53
SHP_07336,PLNT_01,13-12-2024,Rail,14.66,573.37
SHP_07337,PLNT_01,20-04-2024,Ocean Cargo,19.97,7320.29
SHP_07338,PLNT_01,13-08-2026,Heavy Truck,17.62,366.63
SHP_07339,PLNT_01,02-02-2025,Heavy Truck,13.71,749.83
SHP_07340,PLNT_04,22-04-2024,Air Freight,5.84,11331.18
SHP_07341,PLNT_03,01-12-2025,Ocean Cargo,23.84,1724.39
SHP_07342,PLNT_05,25-04-2025,Heavy Truck,17.77,485.74
SHP_07343,PLNT_02,05-02-2025,Ocean Cargo,8.28,9589.52
SHP_07344,PLNT_01,18-07-2025,Ocean Cargo,18.47,1214.39
SHP_07345,PLNT_05,05-01-2025,Rail,9.91,497.13
SHP_07346,PLNT_05,27-09-2025,Ocean Cargo,6.35,8657.9
SHP_07347,PLNT_03,03-07-2025,Rail,8.51,73.02
SHP_07348,PLNT_03,03-07-2025,Ocean Cargo,11.17,1971.64
SHP_07349,PLNT_02,06-03-2024,Heavy Truck,19.54,506.99
SHP_07350,PLNT_02,07-02-2025,Heavy Truck,12.15,570.4
SHP_07351,PLNT_03,07-07-2024,Ocean Cargo,22.87,3141.86
SHP_07352,PLNT_04,04-01-2024,Air Freight,12.18,10882.03
SHP_07353,PLNT_05,10-06-2026,Ocean Cargo,11.85,4800.07
SHP_07354,PLNT_03,05-04-2024,Ocean Cargo,12.05,1471.26
SHP_07355,PLNT_02,15-10-2024,Ocean Cargo,23.59,965.64
SHP_07356,PLNT_03,27-08-2025,Heavy Truck,3.76,404.56
SHP_07357,PLNT_04,01-12-2024,Rail,21.35,163.76
SHP_07358,PLNT_03,17-07-2024,Heavy Truck,22.68,542.67
SHP_07359,PLNT_01,07-07-2026,Ocean Cargo,14.42,11969.02
SHP_07360,PLNT_05,23-07-2026,Rail,20.52,676.88
SHP_07361,PLNT_03,13-04-2025,Ocean Cargo,9.63,8433.18
SHP_07362,PLNT_02,11-03-2026,Heavy Truck,13.3,673.45
SHP_07363,PLNT_03,04-01-2025,Heavy Truck,21.29,770.78
SHP_07364,PLNT_03,11-01-2026,Heavy Truck,19.26,119.85
SHP_07365,PLNT_01,16-11-2025,Heavy Truck,22.73,86.56
SHP_07366,PLNT_05,10-11-2024,Rail,24.4,93.13
SHP_07367,PLNT_04,19-10-2025,Heavy Truck,1.94,215.65
SHP_07368,PLNT_03,04-06-2025,Ocean Cargo,5.92,9192.77
SHP_07369,PLNT_03,21-07-2026,Heavy Truck,10.08,290.2
SHP_07370,PLNT_01,13-08-2025,Heavy Truck,11.28,768.97
SHP_07371,PLNT_03,02-11-2024,Heavy Truck,14.57,451.39
SHP_07372,PLNT_01,04-02-2024,Heavy Truck,13.86,642.36
SHP_07373,PLNT_04,17-07-2025,Ocean Cargo,5.29,8575.57
SHP_07374,PLNT_03,13-04-2024,Heavy Truck,20.58,741.11
SHP_07375,PLNT_02,06-08-2024,Rail,6.6,781.4
SHP_07376,PLNT_03,13-07-2025,Ocean Cargo,7.7,4343.67
SHP_07377,PLNT_02,05-10-2024,Ocean Cargo,21.94,382.41
SHP_07378,PLNT_04,16-05-2026,Ocean Cargo,20.32,2899.63
SHP_07379,PLNT_04,20-08-2024,Ocean Cargo,12.31,11403.67
SHP_07380,PLNT_02,06-01-2024,Ocean Cargo,14.36,8246.77
SHP_07381,PLNT_01,13-03-2026,Rail,24.18,686.02
SHP_07382,PLNT_01,06-01-2024,Ocean Cargo,4.57,8332.62
SHP_07383,PLNT_04,22-11-2024,Heavy Truck,14.91,107.63
SHP_07384,PLNT_05,02-01-2024,Heavy Truck,13.66,492.52
SHP_07385,PLNT_04,23-05-2025,Heavy Truck,14.08,368.8
SHP_07386,PLNT_05,08-02-2025,Heavy Truck,16.87,605.46
SHP_07387,PLNT_02,26-03-2026,Heavy Truck,2.12,627.46
SHP_07388,PLNT_03,06-07-2025,Heavy Truck,9.85,363.85
SHP_07389,PLNT_04,08-09-2025,Heavy Truck,14.73,329.42
SHP_07390,PLNT_03,01-11-2026,Heavy Truck,9.82,250.48
SHP_07391,PLNT_04,18-07-2026,Heavy Truck,2.06,276.55
SHP_07392,PLNT_02,13-06-2025,Ocean Cargo,2.1,6084.87
SHP_07393,PLNT_02,02-09-2025,Air Freight,11.5,6850.57
SHP_07394,PLNT_04,14-03-2026,Ocean Cargo,16.48,1899.26
SHP_07395,PLNT_01,21-09-2025,Heavy Truck,21.97,734.39
SHP_07396,PLNT_05,25-03-2026,Ocean Cargo,6.92,4951.06
SHP_07397,PLNT_01,14-03-2024,Ocean Cargo,20.44,7557.52
SHP_07398,PLNT_03,02-06-2026,Air Freight,20.61,4306.18
SHP_07399,PLNT_05,24-09-2024,Heavy Truck,3.14,405.29
SHP_07400,PLNT_02,06-01-2025,Ocean Cargo,12,881.42
SHP_07401,PLNT_01,22-12-2025,Heavy Truck,17.6,401.4
SHP_07402,PLNT_01,20-09-2025,Heavy Truck,17.68,719.21
SHP_07403,PLNT_03,12-08-2026,Heavy Truck,2.72,113.65
SHP_07404,PLNT_03,04-07-2026,Heavy Truck,9.75,245.14
SHP_07405,PLNT_02,15-11-2024,Ocean Cargo,3.71,5541.32
SHP_07406,PLNT_03,02-09-2024,Ocean Cargo,16.25,3457.91
SHP_07407,PLNT_02,17-10-2024,Heavy Truck,1.56,385.76
SHP_07408,PLNT_01,24-04-2025,Heavy Truck,4.19,558.03
SHP_07409,PLNT_03,14-09-2024,Air Freight,2.15,6971.53
SHP_07410,PLNT_05,14-01-2026,Heavy Truck,2.73,73.4
SHP_07411,PLNT_01,24-10-2025,Heavy Truck,8.28,507.77
SHP_07412,PLNT_05,21-03-2024,Heavy Truck,6.27,240.84
SHP_07413,PLNT_04,24-08-2026,Heavy Truck,10,731.41
SHP_07414,PLNT_04,21-04-2024,Ocean Cargo,11.23,6795.55
SHP_07415,PLNT_01,09-07-2024,Rail,24.96,333.4
SHP_07416,PLNT_03,20-11-2025,Heavy Truck,12.27,389.41
SHP_07417,PLNT_03,26-10-2024,Rail,18.88,592.37
SHP_07418,PLNT_01,07-09-2026,Heavy Truck,4.1,485.22
SHP_07419,PLNT_03,01-05-2025,Heavy Truck,11.03,255.92
SHP_07420,PLNT_05,09-01-2024,Heavy Truck,16.63,316.52
SHP_07421,PLNT_04,12-08-2026,Ocean Cargo,20.35,1405.89
SHP_07422,PLNT_03,26-08-2025,Rail,17.86,398.01
SHP_07423,PLNT_02,13-10-2024,Heavy Truck,22.61,552.52
SHP_07424,PLNT_05,12-02-2024,Ocean Cargo,16.22,10660.09
SHP_07425,PLNT_05,27-10-2026,Ocean Cargo,13.84,9460.41
SHP_07426,PLNT_03,14-11-2026,Ocean Cargo,5.47,5708.17
SHP_07427,PLNT_03,02-07-2026,Heavy Truck,24.41,430.01
SHP_07428,PLNT_04,09-02-2024,Ocean Cargo,10.52,8879.9
SHP_07429,PLNT_05,04-11-2025,Heavy Truck,20.65,659.86
SHP_07430,PLNT_05,02-05-2026,Heavy Truck,2.37,336.66
SHP_07431,PLNT_02,15-06-2025,Ocean Cargo,8.5,10846.31
SHP_07432,PLNT_02,03-08-2024,Heavy Truck,16.48,55.49
SHP_07433,PLNT_03,05-04-2024,Ocean Cargo,8.06,2971.61
SHP_07434,PLNT_04,11-08-2024,Heavy Truck,12.85,359.84
SHP_07435,PLNT_02,05-06-2025,Rail,13.08,604.95
SHP_07436,PLNT_04,10-07-2026,Ocean Cargo,11.36,5705.31
SHP_07437,PLNT_01,07-06-2026,Ocean Cargo,17.35,8375.19
SHP_07438,PLNT_01,16-08-2024,Heavy Truck,10.76,584.54
SHP_07439,PLNT_01,26-06-2025,Ocean Cargo,6.87,2197.93
SHP_07440,PLNT_01,24-12-2024,Heavy Truck,12.34,703.48
SHP_07441,PLNT_01,08-05-2025,Ocean Cargo,10.09,1471.03
SHP_07442,PLNT_01,03-08-2025,Ocean Cargo,14.75,3371.92
SHP_07443,PLNT_04,03-10-2026,Heavy Truck,5.03,780.8
SHP_07444,PLNT_02,15-02-2025,Heavy Truck,11.12,146.43
SHP_07445,PLNT_01,01-01-2025,Heavy Truck,24.17,312.9
SHP_07446,PLNT_04,08-07-2024,Heavy Truck,24.66,235.27
SHP_07447,PLNT_04,17-07-2024,Heavy Truck,12.31,177.08
SHP_07448,PLNT_05,25-02-2024,Heavy Truck,4.67,363.07
SHP_07449,PLNT_02,15-06-2025,Rail,21.31,674.94
SHP_07450,PLNT_02,22-06-2024,Ocean Cargo,20.02,4158.4
SHP_07451,PLNT_03,27-12-2024,Ocean Cargo,8.63,7349.98
SHP_07452,PLNT_02,15-02-2026,Heavy Truck,20.75,258.64
SHP_07453,PLNT_03,27-10-2025,Ocean Cargo,8.95,8141.78
SHP_07454,PLNT_02,19-12-2024,Heavy Truck,6.1,675.2
SHP_07455,PLNT_04,02-01-2026,Heavy Truck,3.47,638.35
SHP_07456,PLNT_02,14-09-2025,Heavy Truck,11.55,200.1
SHP_07457,PLNT_05,03-03-2024,Ocean Cargo,17.9,2046.61
SHP_07458,PLNT_01,01-04-2025,Air Freight,22.56,3651.45
SHP_07459,PLNT_05,21-02-2024,Ocean Cargo,6.67,10008.31
SHP_07460,PLNT_05,14-09-2026,Ocean Cargo,22.34,703.56
SHP_07461,PLNT_03,18-06-2025,Rail,12.28,104.32
SHP_07462,PLNT_04,24-04-2024,Rail,5.61,714.76
SHP_07463,PLNT_02,10-07-2025,Ocean Cargo,23.69,274.46
SHP_07464,PLNT_01,21-04-2024,Heavy Truck,21.62,496.56
SHP_07465,PLNT_04,02-02-2026,Rail,4.5,632.44
SHP_07466,PLNT_01,23-06-2024,Heavy Truck,13.15,457.12
SHP_07467,PLNT_01,13-04-2026,Heavy Truck,12.07,91.59
SHP_07468,PLNT_04,09-03-2025,Heavy Truck,19.48,650.27
SHP_07469,PLNT_05,20-07-2025,Heavy Truck,14.19,676.13
SHP_07470,PLNT_04,22-07-2024,Ocean Cargo,24.62,8610.67
SHP_07471,PLNT_04,12-09-2026,Ocean Cargo,8.02,9523.29
SHP_07472,PLNT_05,24-03-2025,Rail,12.06,590.49
SHP_07473,PLNT_04,12-05-2025,Heavy Truck,23.31,240.88
SHP_07474,PLNT_03,08-02-2026,Ocean Cargo,15.24,4794.38
SHP_07475,PLNT_05,03-01-2025,Ocean Cargo,16.72,10269.75
SHP_07476,PLNT_02,15-01-2024,Heavy Truck,10.72,298.98
SHP_07477,PLNT_01,02-06-2025,Rail,4.88,283.24
SHP_07478,PLNT_01,24-11-2026,Rail,2.95,798.54
SHP_07479,PLNT_05,09-12-2026,Heavy Truck,11.96,279.35
SHP_07480,PLNT_03,05-10-2024,Ocean Cargo,22.08,7490.56
SHP_07481,PLNT_02,01-06-2024,Ocean Cargo,22.57,5086.59
SHP_07482,PLNT_04,08-10-2024,Ocean Cargo,6.71,6855.99
SHP_07483,PLNT_02,24-10-2026,Ocean Cargo,16.73,2424.89
SHP_07484,PLNT_03,06-12-2026,Heavy Truck,16.01,86.27
SHP_07485,PLNT_04,08-09-2026,Heavy Truck,12.75,428.2
SHP_07486,PLNT_03,20-08-2025,Ocean Cargo,14.06,8560.23
SHP_07487,PLNT_03,26-07-2025,Heavy Truck,9.64,429.94
SHP_07488,PLNT_04,10-09-2024,Rail,3.83,364.4
SHP_07489,PLNT_05,02-04-2026,Ocean Cargo,6.81,2439.75
SHP_07490,PLNT_05,16-01-2024,Heavy Truck,6.64,381.6
SHP_07491,PLNT_04,16-11-2026,Heavy Truck,19.06,138.72
SHP_07492,PLNT_02,07-05-2025,Heavy Truck,16.26,246.83
SHP_07493,PLNT_05,04-09-2026,Ocean Cargo,20.46,3036.83
SHP_07494,PLNT_01,05-07-2024,Heavy Truck,18.47,90.21
SHP_07495,PLNT_01,12-01-2026,Ocean Cargo,3.34,11983.25
SHP_07496,PLNT_01,16-07-2026,Rail,13,125.48
SHP_07497,PLNT_04,17-10-2026,Rail,5.68,755.94
SHP_07498,PLNT_05,06-07-2025,Ocean Cargo,4.43,6459.63
SHP_07499,PLNT_01,11-09-2024,Ocean Cargo,19.52,10867.11
SHP_07500,PLNT_04,18-11-2024,Heavy Truck,6.36,211.26
SHP_07501,PLNT_05,17-05-2026,Rail,4.71,445.1
SHP_07502,PLNT_04,19-02-2025,Ocean Cargo,3.77,5584.95
SHP_07503,PLNT_01,18-05-2025,Ocean Cargo,9.17,8146.15
SHP_07504,PLNT_01,21-03-2024,Ocean Cargo,14.56,9141.95
SHP_07505,PLNT_01,10-11-2025,Heavy Truck,20.31,171.28
SHP_07506,PLNT_05,18-05-2024,Rail,24.39,164.53
SHP_07507,PLNT_04,26-05-2026,Heavy Truck,3.06,385.96
SHP_07508,PLNT_01,27-09-2024,Ocean Cargo,12.29,6348.59
SHP_07509,PLNT_04,01-01-2026,Ocean Cargo,17.92,5778.86
SHP_07510,PLNT_02,18-09-2025,Heavy Truck,21.31,304.37
SHP_07511,PLNT_05,13-09-2024,Ocean Cargo,21.73,8676.99
SHP_07512,PLNT_05,14-03-2025,Ocean Cargo,2.36,5122.68
SHP_07513,PLNT_02,05-03-2025,Ocean Cargo,18.08,11187.75
SHP_07514,PLNT_05,13-12-2024,Ocean Cargo,23.54,10500.59
SHP_07515,PLNT_03,17-09-2025,Heavy Truck,9.85,598.56
SHP_07516,PLNT_05,19-05-2025,Heavy Truck,6.85,133.73
SHP_07517,PLNT_05,11-07-2025,Ocean Cargo,22.39,7765.99
SHP_07518,PLNT_01,25-05-2024,Rail,17.56,598.3
SHP_07519,PLNT_03,03-07-2026,Heavy Truck,16.98,62.92
SHP_07520,PLNT_05,03-08-2024,Heavy Truck,18.27,314.7
SHP_07521,PLNT_04,04-01-2026,Heavy Truck,5.25,573.53
SHP_07522,PLNT_02,08-01-2024,Heavy Truck,20.89,639.66
SHP_07523,PLNT_04,20-01-2025,Ocean Cargo,12.08,9053.03
SHP_07524,PLNT_01,07-10-2025,Heavy Truck,19.63,732.88
SHP_07525,PLNT_01,10-01-2025,Ocean Cargo,21.32,8391.71
SHP_07526,PLNT_01,13-04-2025,Heavy Truck,12.4,71.52
SHP_07527,PLNT_05,05-04-2024,Rail,20.54,323.86
SHP_07528,PLNT_02,03-06-2025,Heavy Truck,3.45,690.32
SHP_07529,PLNT_04,05-02-2025,Ocean Cargo,8.88,10792.13
SHP_07530,PLNT_01,18-11-2026,Ocean Cargo,8.93,4186.04
SHP_07531,PLNT_04,09-04-2026,Rail,1.92,552.97
SHP_07532,PLNT_03,13-02-2025,Ocean Cargo,6.49,6407.36
SHP_07533,PLNT_04,21-07-2025,Heavy Truck,13.99,564.71
SHP_07534,PLNT_01,27-11-2026,Heavy Truck,5.43,302.29
SHP_07535,PLNT_01,27-02-2026,Heavy Truck,18.94,694.18
SHP_07536,PLNT_04,22-06-2025,Ocean Cargo,5.8,7953.11
SHP_07537,PLNT_05,11-07-2025,Ocean Cargo,19.61,11850.42
SHP_07538,PLNT_03,20-05-2025,Ocean Cargo,12.94,3695.1
SHP_07539,PLNT_02,08-01-2025,Ocean Cargo,10.24,2558.99
SHP_07540,PLNT_01,12-06-2026,Ocean Cargo,23.39,141.12
SHP_07541,PLNT_03,03-07-2024,Heavy Truck,15.99,581.68
SHP_07542,PLNT_02,26-07-2024,Ocean Cargo,7.63,3339.91
SHP_07543,PLNT_01,03-04-2024,Heavy Truck,16.15,612.71
SHP_07544,PLNT_01,24-05-2025,Ocean Cargo,19.44,7667.41
SHP_07545,PLNT_04,12-12-2024,Ocean Cargo,4.16,767.81
SHP_07546,PLNT_05,07-09-2026,Heavy Truck,18.79,597.17
SHP_07547,PLNT_01,03-10-2025,Heavy Truck,8.42,184.01
SHP_07548,PLNT_04,20-12-2024,Ocean Cargo,3.5,11109.65
SHP_07549,PLNT_02,18-07-2024,Ocean Cargo,15.58,640.5
SHP_07550,PLNT_01,23-07-2026,Ocean Cargo,21.37,6482.64
SHP_07551,PLNT_05,03-02-2024,Rail,23.48,258.75
SHP_07552,PLNT_03,07-06-2024,Ocean Cargo,17.71,3600.64
SHP_07553,PLNT_01,11-03-2024,Ocean Cargo,2.51,474.44
SHP_07554,PLNT_03,22-10-2024,Heavy Truck,19.97,55.78
SHP_07555,PLNT_05,27-05-2026,Heavy Truck,18.04,268.64
SHP_07556,PLNT_04,21-03-2026,Air Freight,11.56,4360.35
SHP_07557,PLNT_02,14-06-2024,Ocean Cargo,14.02,10185.46
SHP_07558,PLNT_01,14-11-2025,Ocean Cargo,15.08,7587.65
SHP_07559,PLNT_05,24-03-2024,Ocean Cargo,16.19,3970.55
SHP_07560,PLNT_03,27-07-2026,Heavy Truck,24.87,429.06
SHP_07561,PLNT_05,07-05-2026,Heavy Truck,7.23,459.56
SHP_07562,PLNT_02,11-02-2024,Ocean Cargo,12.87,3254.97
SHP_07563,PLNT_04,20-06-2025,Heavy Truck,11.63,456.91
SHP_07564,PLNT_04,23-08-2024,Heavy Truck,24.53,696.1
SHP_07565,PLNT_05,09-07-2024,Heavy Truck,21.58,779.27
SHP_07566,PLNT_05,18-04-2026,Ocean Cargo,6.84,135.47
SHP_07567,PLNT_04,06-12-2026,Heavy Truck,7.05,229.84
SHP_07568,PLNT_04,09-11-2024,Heavy Truck,13.54,392.82
SHP_07569,PLNT_05,20-02-2026,Ocean Cargo,2,11862.39
SHP_07570,PLNT_04,15-03-2026,Ocean Cargo,5.66,8650.14
SHP_07571,PLNT_03,01-03-2025,Heavy Truck,19.97,520.57
SHP_07572,PLNT_05,18-11-2025,Ocean Cargo,20.17,4186.88
SHP_07573,PLNT_05,27-04-2026,Air Freight,12.12,11306.63
SHP_07574,PLNT_01,02-07-2025,Heavy Truck,15.55,378.87
SHP_07575,PLNT_01,14-03-2025,Heavy Truck,11.38,708.7
SHP_07576,PLNT_01,27-11-2025,Heavy Truck,3.53,303.72
SHP_07577,PLNT_01,21-09-2025,Heavy Truck,9.95,528.19
SHP_07578,PLNT_02,14-09-2025,Ocean Cargo,23.33,10965.67
SHP_07579,PLNT_01,02-08-2026,Heavy Truck,2.18,398.41
SHP_07580,PLNT_04,13-04-2025,Heavy Truck,19.64,575.7
SHP_07581,PLNT_04,12-12-2026,Heavy Truck,17.46,355.97
SHP_07582,PLNT_04,11-03-2024,Rail,3.51,263.83
SHP_07583,PLNT_03,16-04-2025,Ocean Cargo,13.92,1916.58
SHP_07584,PLNT_02,25-07-2025,Ocean Cargo,3.46,2911.77
SHP_07585,PLNT_03,10-02-2025,Ocean Cargo,14.9,8739.34
SHP_07586,PLNT_04,24-02-2024,Ocean Cargo,9.45,1493.54
SHP_07587,PLNT_03,13-08-2024,Heavy Truck,16.36,93.81
SHP_07588,PLNT_02,20-10-2026,Ocean Cargo,8.03,10546.13
SHP_07589,PLNT_01,04-11-2024,Heavy Truck,1.53,418.98
SHP_07590,PLNT_03,03-01-2024,Heavy Truck,10.27,607.06
SHP_07591,PLNT_01,08-07-2025,Heavy Truck,24.56,751.89
SHP_07592,PLNT_03,16-03-2026,Ocean Cargo,9.22,165.88
SHP_07593,PLNT_02,14-01-2026,Rail,4.77,321.92
SHP_07594,PLNT_04,26-09-2024,Ocean Cargo,24.25,11968.26
SHP_07595,PLNT_04,19-11-2025,Ocean Cargo,2.59,11224.98
SHP_07596,PLNT_04,04-06-2024,Ocean Cargo,7.43,8776.87
SHP_07597,PLNT_03,09-06-2026,Heavy Truck,15.15,694.64
SHP_07598,PLNT_05,20-06-2024,Ocean Cargo,10.5,3084.16
SHP_07599,PLNT_03,01-01-2026,Ocean Cargo,8.79,8525.07
SHP_07600,PLNT_04,12-05-2026,Heavy Truck,12.88,383.02
SHP_07601,PLNT_04,03-11-2025,Ocean Cargo,14.31,11654.29
SHP_07602,PLNT_04,24-10-2024,Heavy Truck,9.74,738.4
SHP_07603,PLNT_05,15-05-2026,Heavy Truck,5.74,788.1
SHP_07604,PLNT_03,23-04-2025,Ocean Cargo,19.42,9117.75
SHP_07605,PLNT_01,05-05-2025,Ocean Cargo,12.66,2500.25
SHP_07606,PLNT_05,16-11-2026,Rail,10.37,533.18
SHP_07607,PLNT_03,23-12-2024,Ocean Cargo,9.29,6240.16
SHP_07608,PLNT_03,23-02-2024,Heavy Truck,16.61,112.28
SHP_07609,PLNT_03,07-05-2025,Heavy Truck,4.48,701.36
SHP_07610,PLNT_03,02-01-2025,Ocean Cargo,15,10723.16
SHP_07611,PLNT_01,08-10-2026,Ocean Cargo,20.41,5877.92
SHP_07612,PLNT_05,12-12-2025,Heavy Truck,16.43,623.83
SHP_07613,PLNT_04,26-05-2024,Heavy Truck,18.67,406.68
SHP_07614,PLNT_01,18-10-2025,Ocean Cargo,15.28,4310.02
SHP_07615,PLNT_01,11-01-2024,Ocean Cargo,2.41,673.97
SHP_07616,PLNT_01,10-08-2024,Heavy Truck,8.89,120.31
SHP_07617,PLNT_01,14-06-2025,Ocean Cargo,11.17,2804.1
SHP_07618,PLNT_02,22-12-2025,Ocean Cargo,3.37,4101.27
SHP_07619,PLNT_03,22-02-2024,Heavy Truck,10.82,280.57
SHP_07620,PLNT_05,19-01-2024,Rail,6.12,655.52
SHP_07621,PLNT_05,04-03-2024,Heavy Truck,2.22,771.68
SHP_07622,PLNT_01,15-08-2024,Ocean Cargo,22.18,6521.08
SHP_07623,PLNT_02,03-11-2024,Ocean Cargo,4,1860.21
SHP_07624,PLNT_02,01-10-2025,Heavy Truck,21.15,328.43
SHP_07625,PLNT_01,16-07-2025,Heavy Truck,18.37,722.95
SHP_07626,PLNT_03,27-11-2024,Heavy Truck,17.8,255.37
SHP_07627,PLNT_01,06-09-2025,Heavy Truck,12.73,456.06
SHP_07628,PLNT_05,21-08-2025,Heavy Truck,23.18,711.87
SHP_07629,PLNT_01,11-01-2025,Air Freight,9.74,4975.07
SHP_07630,PLNT_04,03-02-2026,Heavy Truck,2.34,570.39
SHP_07631,PLNT_03,06-12-2025,Ocean Cargo,15.43,11432.79
SHP_07632,PLNT_04,20-01-2025,Ocean Cargo,6.3,6690.95
SHP_07633,PLNT_04,07-01-2025,Ocean Cargo,8.31,9533.45
SHP_07634,PLNT_02,16-11-2025,Ocean Cargo,24.51,1837.54
SHP_07635,PLNT_04,20-12-2024,Ocean Cargo,15.25,4960.8
SHP_07636,PLNT_02,16-06-2026,Heavy Truck,19.61,415.58
SHP_07637,PLNT_02,24-07-2025,Heavy Truck,21.08,510.68
SHP_07638,PLNT_01,10-08-2026,Heavy Truck,14.79,719.21
SHP_07639,PLNT_03,08-08-2024,Ocean Cargo,3.2,102.28
SHP_07640,PLNT_04,02-06-2026,Ocean Cargo,19.67,2535.81
SHP_07641,PLNT_02,13-11-2025,Heavy Truck,24.25,209.58
SHP_07642,PLNT_04,13-02-2026,Ocean Cargo,1.54,4785.09
SHP_07643,PLNT_02,25-02-2025,Heavy Truck,10.87,727.51
SHP_07644,PLNT_03,25-05-2026,Ocean Cargo,16.22,2158.37
SHP_07645,PLNT_04,05-08-2024,Ocean Cargo,22.43,6911.84
SHP_07646,PLNT_01,04-07-2026,Ocean Cargo,2.18,471.04
SHP_07647,PLNT_04,19-04-2024,Heavy Truck,18.75,648.88
SHP_07648,PLNT_04,13-01-2026,Ocean Cargo,19.37,5912.76
SHP_07649,PLNT_03,03-03-2024,Ocean Cargo,10.38,10725.95
SHP_07650,PLNT_02,17-07-2024,Ocean Cargo,19.09,11937.11
SHP_07651,PLNT_04,01-07-2026,Heavy Truck,8.45,536.8
SHP_07652,PLNT_01,26-10-2024,Ocean Cargo,17.08,1014.05
SHP_07653,PLNT_05,05-04-2025,Heavy Truck,10.88,736.09
SHP_07654,PLNT_02,19-05-2025,Heavy Truck,21.58,447.32
SHP_07655,PLNT_02,11-12-2024,Heavy Truck,18.86,727.21
SHP_07656,PLNT_04,22-11-2025,Ocean Cargo,7.94,2171.31
SHP_07657,PLNT_01,07-02-2026,Ocean Cargo,22.21,5801.31
SHP_07658,PLNT_01,18-05-2024,Ocean Cargo,15.18,881.07
SHP_07659,PLNT_04,16-10-2025,Ocean Cargo,7.3,10097.54
SHP_07660,PLNT_05,04-02-2025,Ocean Cargo,18.72,9304.07
SHP_07661,PLNT_03,10-02-2026,Ocean Cargo,7.88,6439.86
SHP_07662,PLNT_01,10-09-2024,Ocean Cargo,7.01,235.27
SHP_07663,PLNT_02,17-11-2024,Heavy Truck,15.06,473.7
SHP_07664,PLNT_03,10-11-2025,Heavy Truck,14.23,396.03
SHP_07665,PLNT_01,13-08-2024,Ocean Cargo,4.45,4853.12
SHP_07666,PLNT_05,08-11-2025,Rail,11.34,147.77
SHP_07667,PLNT_02,27-06-2026,Heavy Truck,15.92,232.06
SHP_07668,PLNT_05,06-02-2025,Rail,17.71,475.36
SHP_07669,PLNT_02,27-01-2026,Ocean Cargo,17.56,6078.13
SHP_07670,PLNT_05,27-04-2026,Air Freight,17.28,5716.41
SHP_07671,PLNT_01,24-04-2024,Rail,18.46,336.32
SHP_07672,PLNT_02,05-11-2026,Ocean Cargo,22.47,1107
SHP_07673,PLNT_04,14-10-2026,Heavy Truck,24.23,85.26
SHP_07674,PLNT_01,18-09-2024,Ocean Cargo,20.62,6778.15
SHP_07675,PLNT_03,13-03-2026,Heavy Truck,3.59,70.18
SHP_07676,PLNT_01,06-09-2024,Rail,12.78,705.73
SHP_07677,PLNT_01,02-09-2025,Heavy Truck,7.42,611.61
SHP_07678,PLNT_03,08-10-2026,Ocean Cargo,14.77,6535.95
SHP_07679,PLNT_01,17-08-2025,Ocean Cargo,16.52,788.78
SHP_07680,PLNT_03,17-06-2025,Heavy Truck,24.68,749.69
SHP_07681,PLNT_02,03-07-2025,Heavy Truck,10.81,463.78
SHP_07682,PLNT_01,13-10-2024,Heavy Truck,22.5,116.99
SHP_07683,PLNT_02,23-08-2024,Heavy Truck,1.96,315.93
SHP_07684,PLNT_01,10-03-2026,Heavy Truck,13.67,522.39
SHP_07685,PLNT_05,03-09-2024,Heavy Truck,10.72,70.71
SHP_07686,PLNT_04,11-07-2024,Heavy Truck,23.58,146.97
SHP_07687,PLNT_03,11-02-2026,Ocean Cargo,17.84,7479.24
SHP_07688,PLNT_03,20-07-2026,Ocean Cargo,6.15,7879.88
SHP_07689,PLNT_01,06-06-2024,Heavy Truck,17.05,742.36
SHP_07690,PLNT_03,04-06-2026,Ocean Cargo,19.85,9624.87
SHP_07691,PLNT_01,08-07-2025,Heavy Truck,23.64,529.7
SHP_07692,PLNT_02,25-10-2026,Heavy Truck,21.88,466.77
SHP_07693,PLNT_04,22-01-2024,Rail,6.4,319.27
SHP_07694,PLNT_02,02-07-2025,Ocean Cargo,6.06,8547.85
SHP_07695,PLNT_04,16-08-2026,Heavy Truck,20.43,542.09
SHP_07696,PLNT_02,18-01-2026,Heavy Truck,16.31,462.07
SHP_07697,PLNT_03,22-04-2024,Rail,12.9,59.65
SHP_07698,PLNT_04,05-08-2025,Rail,18.68,148.02
SHP_07699,PLNT_03,22-07-2026,Heavy Truck,10.85,295.68
SHP_07700,PLNT_05,18-06-2024,Heavy Truck,23.94,67.38
SHP_07701,PLNT_05,27-02-2026,Heavy Truck,17.18,200.77
SHP_07702,PLNT_01,07-06-2024,Heavy Truck,9.84,306.83
SHP_07703,PLNT_04,10-09-2024,Ocean Cargo,12.85,9698.95
SHP_07704,PLNT_04,04-09-2025,Ocean Cargo,9.65,11456.91
SHP_07705,PLNT_05,06-10-2024,Ocean Cargo,17.55,8240.81
SHP_07706,PLNT_01,20-04-2026,Ocean Cargo,7.31,1144.58
SHP_07707,PLNT_02,17-05-2026,Ocean Cargo,4.67,4195.02
SHP_07708,PLNT_02,03-01-2026,Rail,10.09,285.52
SHP_07709,PLNT_01,16-01-2024,Heavy Truck,4.75,656.25
SHP_07710,PLNT_04,04-06-2026,Heavy Truck,3.35,272.55
SHP_07711,PLNT_05,14-06-2025,Ocean Cargo,19.24,10793.91
SHP_07712,PLNT_05,06-11-2025,Ocean Cargo,16.76,2008.78
SHP_07713,PLNT_03,07-07-2026,Heavy Truck,22.74,439.34
SHP_07714,PLNT_02,18-07-2025,Ocean Cargo,21.76,4359.11
SHP_07715,PLNT_04,21-02-2026,Ocean Cargo,14.61,5528.18
SHP_07716,PLNT_01,11-07-2025,Rail,7.91,167.83
SHP_07717,PLNT_04,10-04-2025,Heavy Truck,17.74,195.94
SHP_07718,PLNT_03,24-01-2026,Ocean Cargo,1.92,4955.45
SHP_07719,PLNT_04,21-06-2026,Heavy Truck,13.52,294.07
SHP_07720,PLNT_01,17-07-2026,Heavy Truck,2.97,481.48
SHP_07721,PLNT_05,27-06-2024,Heavy Truck,9.57,105.03
SHP_07722,PLNT_04,17-11-2026,Heavy Truck,18.26,607.25
SHP_07723,PLNT_05,07-09-2025,Heavy Truck,12.61,174.67
SHP_07724,PLNT_03,13-08-2026,Heavy Truck,2.65,68.84
SHP_07725,PLNT_05,03-12-2024,Heavy Truck,17.55,781.75
SHP_07726,PLNT_01,27-10-2026,Heavy Truck,22.58,650.12
SHP_07727,PLNT_03,24-11-2026,Heavy Truck,11.46,434.55
SHP_07728,PLNT_03,23-05-2026,Heavy Truck,2.55,765.44
SHP_07729,PLNT_01,25-04-2025,Ocean Cargo,9.52,7411.78
SHP_07730,PLNT_02,20-06-2026,Heavy Truck,9.98,506.81
SHP_07731,PLNT_02,11-03-2025,Heavy Truck,6.45,774.48
SHP_07732,PLNT_05,05-07-2025,Rail,24.06,656.53
SHP_07733,PLNT_02,22-05-2024,Rail,14.63,216.27
SHP_07734,PLNT_01,04-05-2026,Rail,4.74,479.99
SHP_07735,PLNT_01,07-02-2024,Ocean Cargo,1.53,9954.22
SHP_07736,PLNT_05,12-11-2026,Ocean Cargo,6.04,1915.52
SHP_07737,PLNT_05,19-11-2026,Ocean Cargo,18.69,531.04
SHP_07738,PLNT_02,26-01-2025,Heavy Truck,15.17,630.99
SHP_07739,PLNT_02,07-02-2024,Ocean Cargo,18.9,3827.76
SHP_07740,PLNT_03,24-06-2025,Air Freight,5.45,2973.63
SHP_07741,PLNT_01,16-02-2025,Rail,16.96,436.61
SHP_07742,PLNT_01,18-11-2026,Ocean Cargo,4.02,9603.91
SHP_07743,PLNT_02,11-10-2026,Rail,15.03,339.74
SHP_07744,PLNT_05,16-10-2025,Heavy Truck,17.97,332.7
SHP_07745,PLNT_01,18-07-2025,Ocean Cargo,1.81,10559.88
SHP_07746,PLNT_04,12-12-2024,Heavy Truck,12.9,781.16
SHP_07747,PLNT_02,03-03-2024,Ocean Cargo,7.22,11459.17
SHP_07748,PLNT_04,04-07-2026,Rail,2.91,506.26
SHP_07749,PLNT_01,22-11-2026,Heavy Truck,17.15,627.62
SHP_07750,PLNT_03,07-10-2026,Heavy Truck,18.7,631.77
SHP_07751,PLNT_02,25-04-2024,Ocean Cargo,7.48,7089.45
SHP_07752,PLNT_02,26-09-2025,Ocean Cargo,6.78,7466.85
SHP_07753,PLNT_05,19-06-2026,Heavy Truck,16.93,425.04
SHP_07754,PLNT_03,06-04-2024,Heavy Truck,16.48,580.9
SHP_07755,PLNT_01,06-06-2024,Ocean Cargo,10.19,1943.64
SHP_07756,PLNT_04,13-12-2026,Ocean Cargo,24.4,10733.16
SHP_07757,PLNT_03,24-10-2026,Heavy Truck,19.36,232.7
SHP_07758,PLNT_05,27-01-2024,Ocean Cargo,21.88,1376.98
SHP_07759,PLNT_05,23-01-2025,Heavy Truck,11.02,119.68
SHP_07760,PLNT_03,08-05-2026,Heavy Truck,18.64,637.61
SHP_07761,PLNT_05,16-06-2026,Rail,14.59,390.17
SHP_07762,PLNT_03,12-09-2026,Heavy Truck,23.55,510.46
SHP_07763,PLNT_05,06-10-2026,Heavy Truck,9.38,233.72
SHP_07764,PLNT_05,07-01-2025,Heavy Truck,9.34,536.91
SHP_07765,PLNT_01,25-05-2025,Heavy Truck,7.82,759.04
SHP_07766,PLNT_04,24-01-2025,Heavy Truck,2.14,569.45
SHP_07767,PLNT_04,15-08-2026,Ocean Cargo,14.68,8710.37
SHP_07768,PLNT_02,11-09-2025,Heavy Truck,23.37,82.64
SHP_07769,PLNT_02,23-06-2026,Rail,5.71,284.28
SHP_07770,PLNT_05,26-11-2025,Heavy Truck,3.02,278.12
SHP_07771,PLNT_04,25-02-2026,Heavy Truck,18.47,102.81
SHP_07772,PLNT_04,17-07-2026,Heavy Truck,12.03,789.69
SHP_07773,PLNT_04,09-03-2025,Heavy Truck,14.35,734.66
SHP_07774,PLNT_01,08-02-2024,Heavy Truck,10.41,568.07
SHP_07775,PLNT_02,14-06-2024,Heavy Truck,3.32,536.33
SHP_07776,PLNT_04,20-04-2024,Ocean Cargo,20.39,11177.19
SHP_07777,PLNT_05,15-05-2026,Heavy Truck,23.84,640.44
SHP_07778,PLNT_05,25-06-2026,Ocean Cargo,21.92,1934.29
SHP_07779,PLNT_03,18-11-2026,Ocean Cargo,22.16,6893.08
SHP_07780,PLNT_05,15-03-2026,Heavy Truck,11.07,219.26
SHP_07781,PLNT_03,27-04-2026,Ocean Cargo,20.4,4659.93
SHP_07782,PLNT_04,11-09-2026,Ocean Cargo,24.44,7704.33
SHP_07783,PLNT_05,14-03-2026,Ocean Cargo,23.19,7821.2
SHP_07784,PLNT_05,15-10-2026,Ocean Cargo,15.54,1974.07
SHP_07785,PLNT_02,18-07-2024,Air Freight,13.73,7722.94
SHP_07786,PLNT_05,08-05-2025,Ocean Cargo,10.05,2775.65
SHP_07787,PLNT_01,22-03-2024,Ocean Cargo,11.92,165.24
SHP_07788,PLNT_01,25-07-2025,Ocean Cargo,5.95,9309.38
SHP_07789,PLNT_04,05-02-2025,Ocean Cargo,14.07,11296.04
SHP_07790,PLNT_05,08-11-2025,Heavy Truck,17.65,524.95
SHP_07791,PLNT_02,26-02-2025,Ocean Cargo,13.45,10039.65
SHP_07792,PLNT_04,19-10-2026,Ocean Cargo,19.46,752.58
SHP_07793,PLNT_01,15-05-2024,Heavy Truck,2.86,148.95
SHP_07794,PLNT_01,15-12-2024,Ocean Cargo,13.93,3908.48
SHP_07795,PLNT_01,25-06-2026,Ocean Cargo,16.24,6945.77
SHP_07796,PLNT_03,23-03-2025,Ocean Cargo,10.22,9999.23
SHP_07797,PLNT_03,18-12-2026,Heavy Truck,20.29,659.87
SHP_07798,PLNT_01,25-08-2024,Ocean Cargo,22.45,480.57
SHP_07799,PLNT_02,10-10-2025,Heavy Truck,19.46,182.56
SHP_07800,PLNT_04,16-06-2024,Heavy Truck,22.11,243.03
SHP_07801,PLNT_03,21-10-2024,Heavy Truck,15.27,260.96
SHP_07802,PLNT_01,08-02-2026,Heavy Truck,2.35,491.85
SHP_07803,PLNT_05,17-03-2024,Rail,10.67,732.35
SHP_07804,PLNT_04,08-04-2024,Ocean Cargo,3.69,7153.45
SHP_07805,PLNT_01,25-07-2025,Air Freight,11.44,10914.85
SHP_07806,PLNT_01,01-11-2026,Heavy Truck,8.91,626.59
SHP_07807,PLNT_02,03-03-2025,Ocean Cargo,15.82,7705.89
SHP_07808,PLNT_03,05-12-2024,Ocean Cargo,8.34,9711.97
SHP_07809,PLNT_05,20-06-2025,Ocean Cargo,3.63,7637.41
SHP_07810,PLNT_01,25-01-2024,Ocean Cargo,20.3,5689.67
SHP_07811,PLNT_02,26-12-2024,Ocean Cargo,6.27,989.87
SHP_07812,PLNT_01,24-08-2026,Heavy Truck,15.12,77.93
SHP_07813,PLNT_01,21-05-2024,Heavy Truck,2.6,500.73
SHP_07814,PLNT_05,17-11-2025,Ocean Cargo,19.09,675.23
SHP_07815,PLNT_01,14-06-2026,Ocean Cargo,17.27,11806.48
SHP_07816,PLNT_01,17-04-2025,Heavy Truck,3.29,679.05
SHP_07817,PLNT_04,22-06-2025,Heavy Truck,13.55,787.01
SHP_07818,PLNT_03,04-03-2025,Heavy Truck,2.6,105.74
SHP_07819,PLNT_05,26-09-2024,Heavy Truck,21.29,588.12
SHP_07820,PLNT_05,19-02-2024,Rail,8.86,496.25
SHP_07821,PLNT_03,14-01-2026,Ocean Cargo,2.29,10992.99
SHP_07822,PLNT_03,12-05-2024,Heavy Truck,17.35,703.54
SHP_07823,PLNT_01,19-11-2026,Ocean Cargo,22.69,4644.8
SHP_07824,PLNT_01,11-03-2026,Ocean Cargo,14.45,11413.27
SHP_07825,PLNT_03,25-07-2024,Rail,7.3,658.06
SHP_07826,PLNT_02,08-03-2025,Heavy Truck,3.46,723.22
SHP_07827,PLNT_05,25-11-2025,Heavy Truck,22.98,104.79
SHP_07828,PLNT_05,25-03-2026,Heavy Truck,20.39,321.69
SHP_07829,PLNT_05,17-01-2026,Ocean Cargo,17.88,3869.31
SHP_07830,PLNT_03,21-02-2025,Ocean Cargo,21.09,10904.58
SHP_07831,PLNT_03,06-01-2025,Air Freight,19.52,4858.78
SHP_07832,PLNT_05,18-09-2026,Heavy Truck,22.23,414.57
SHP_07833,PLNT_03,20-06-2025,Heavy Truck,20.19,317.72
SHP_07834,PLNT_04,23-04-2025,Heavy Truck,8,528.76
SHP_07835,PLNT_03,22-08-2025,Heavy Truck,10.57,715.68
SHP_07836,PLNT_02,01-08-2024,Heavy Truck,3.77,346.06
SHP_07837,PLNT_02,19-09-2025,Ocean Cargo,4.25,8966.84
SHP_07838,PLNT_02,11-04-2024,Ocean Cargo,16.24,8287.72
SHP_07839,PLNT_04,17-08-2026,Heavy Truck,2.13,106.54
SHP_07840,PLNT_02,07-01-2026,Heavy Truck,22.88,444.99
SHP_07841,PLNT_03,11-11-2025,Ocean Cargo,19.62,4142.74
SHP_07842,PLNT_04,11-03-2025,Rail,12.16,190.25
SHP_07843,PLNT_05,03-02-2025,Heavy Truck,12.59,342.46
SHP_07844,PLNT_03,24-06-2024,Ocean Cargo,23.12,9474.58
SHP_07845,PLNT_01,03-06-2024,Heavy Truck,20.03,545.59
SHP_07846,PLNT_02,14-01-2025,Ocean Cargo,11,6767.96
SHP_07847,PLNT_05,07-06-2026,Heavy Truck,9.39,220.56
SHP_07848,PLNT_03,26-02-2024,Ocean Cargo,15.94,11244.38
SHP_07849,PLNT_02,01-07-2025,Ocean Cargo,16.6,3873.73
SHP_07850,PLNT_04,20-12-2026,Ocean Cargo,12.33,5887.41
SHP_07851,PLNT_03,07-09-2025,Air Freight,22.55,10263.69
SHP_07852,PLNT_05,26-07-2026,Heavy Truck,2.8,438.68
SHP_07853,PLNT_05,07-02-2025,Heavy Truck,3.81,678.03
SHP_07854,PLNT_01,19-08-2025,Air Freight,4.42,10532.64
SHP_07855,PLNT_05,07-10-2024,Rail,12.46,745.01
SHP_07856,PLNT_02,27-07-2025,Air Freight,21.99,10829.09
SHP_07857,PLNT_03,27-11-2024,Heavy Truck,18.9,370.37
SHP_07858,PLNT_05,21-05-2026,Heavy Truck,5.78,780.24
SHP_07859,PLNT_01,08-07-2024,Ocean Cargo,3.79,9804.13
SHP_07860,PLNT_03,05-10-2024,Ocean Cargo,21.8,6116.91
SHP_07861,PLNT_01,19-02-2025,Heavy Truck,4.13,371.05
SHP_07862,PLNT_03,27-04-2024,Heavy Truck,21.56,462.41
SHP_07863,PLNT_04,06-12-2024,Ocean Cargo,7.26,5819.76
SHP_07864,PLNT_03,03-09-2024,Heavy Truck,16.53,573.01
SHP_07865,PLNT_05,03-05-2025,Air Freight,15.61,1908.02
SHP_07866,PLNT_02,24-06-2026,Heavy Truck,4.27,107.96
SHP_07867,PLNT_01,01-03-2024,Heavy Truck,16.77,53.9
SHP_07868,PLNT_04,07-03-2024,Air Freight,6.92,7053.33
SHP_07869,PLNT_04,12-08-2026,Heavy Truck,24.58,369.1
SHP_07870,PLNT_01,19-05-2024,Air Freight,12.43,11682.63
SHP_07871,PLNT_02,17-10-2024,Heavy Truck,20.96,635.19
SHP_07872,PLNT_02,03-11-2026,Heavy Truck,22.4,89.16
SHP_07873,PLNT_03,10-04-2024,Ocean Cargo,24.7,6489.95
SHP_07874,PLNT_03,01-01-2026,Rail,8.25,219.99
SHP_07875,PLNT_04,24-12-2025,Ocean Cargo,11.82,7571.83
SHP_07876,PLNT_01,24-08-2026,Heavy Truck,13.5,487.71
SHP_07877,PLNT_03,05-05-2024,Heavy Truck,9.49,563.03
SHP_07878,PLNT_05,11-02-2025,Heavy Truck,23.77,527.62
SHP_07879,PLNT_03,11-01-2024,Ocean Cargo,3.22,1739.53
SHP_07880,PLNT_03,25-03-2026,Ocean Cargo,8.46,9418.74
SHP_07881,PLNT_03,10-10-2025,Rail,17.79,736.29
SHP_07882,PLNT_01,27-05-2026,Ocean Cargo,19.43,11948.56
SHP_07883,PLNT_01,10-12-2025,Ocean Cargo,7.2,6005.98
SHP_07884,PLNT_01,05-11-2025,Ocean Cargo,2.1,2371.81
SHP_07885,PLNT_02,14-05-2025,Heavy Truck,18.1,286.19
SHP_07886,PLNT_01,11-08-2024,Heavy Truck,23.42,581.61
SHP_07887,PLNT_05,07-05-2026,Ocean Cargo,18.91,5332.36
SHP_07888,PLNT_01,23-08-2025,Heavy Truck,17.99,382.4
SHP_07889,PLNT_05,01-10-2024,Heavy Truck,21.4,613.85
SHP_07890,PLNT_02,16-06-2026,Ocean Cargo,22.94,2880.7
SHP_07891,PLNT_05,07-04-2026,Air Freight,17.56,3108.57
SHP_07892,PLNT_01,18-09-2025,Heavy Truck,3.65,380.24
SHP_07893,PLNT_05,05-11-2025,Heavy Truck,12.89,748.86
SHP_07894,PLNT_05,18-07-2024,Ocean Cargo,18.03,2758.42
SHP_07895,PLNT_05,14-07-2026,Heavy Truck,8.92,322.54
SHP_07896,PLNT_04,13-08-2024,Heavy Truck,9.36,573.42
SHP_07897,PLNT_02,04-11-2024,Heavy Truck,8.89,714.61
SHP_07898,PLNT_03,19-03-2025,Rail,23.78,489.46
SHP_07899,PLNT_04,22-11-2026,Ocean Cargo,12.42,7459.75
SHP_07900,PLNT_03,04-11-2025,Rail,9.65,266.42
SHP_07901,PLNT_04,09-03-2025,Ocean Cargo,4.66,4579.67
SHP_07902,PLNT_03,07-12-2024,Ocean Cargo,19.82,11896.69
SHP_07903,PLNT_03,26-04-2024,Heavy Truck,15.82,615.66
SHP_07904,PLNT_04,04-07-2024,Ocean Cargo,11.61,6592.12
SHP_07905,PLNT_02,12-09-2024,Ocean Cargo,11.82,194.74
SHP_07906,PLNT_04,11-03-2024,Rail,23.06,471.54
SHP_07907,PLNT_01,15-05-2025,Ocean Cargo,16.85,11580.13
SHP_07908,PLNT_05,17-03-2025,Rail,22.22,635.14
SHP_07909,PLNT_03,09-10-2024,Air Freight,17.32,6385.53
SHP_07910,PLNT_04,26-09-2026,Ocean Cargo,3.25,10812.78
SHP_07911,PLNT_04,23-06-2026,Ocean Cargo,24.52,6204.42
SHP_07912,PLNT_03,13-12-2026,Heavy Truck,4.68,475.11
SHP_07913,PLNT_04,15-11-2026,Rail,18.12,127.84
SHP_07914,PLNT_02,27-12-2025,Heavy Truck,9.68,182.01
SHP_07915,PLNT_03,20-05-2024,Rail,15.74,414.37
SHP_07916,PLNT_02,09-02-2024,Heavy Truck,16.52,91.91
SHP_07917,PLNT_03,23-05-2024,Ocean Cargo,6.73,4597.21
SHP_07918,PLNT_04,21-11-2025,Ocean Cargo,24.22,11274.13
SHP_07919,PLNT_05,13-10-2025,Heavy Truck,16.55,796.17
SHP_07920,PLNT_03,27-01-2025,Heavy Truck,13.68,383.46
SHP_07921,PLNT_01,02-04-2024,Heavy Truck,15.16,134.41
SHP_07922,PLNT_01,12-05-2025,Ocean Cargo,17.04,6513.89
SHP_07923,PLNT_02,14-12-2025,Rail,5.61,473.35
SHP_07924,PLNT_04,26-11-2026,Ocean Cargo,3.89,4004.8
SHP_07925,PLNT_01,09-07-2026,Rail,10.78,628.95
SHP_07926,PLNT_05,21-05-2024,Heavy Truck,5.98,755.06
SHP_07927,PLNT_04,22-12-2024,Heavy Truck,20.48,409.08
SHP_07928,PLNT_02,19-06-2026,Ocean Cargo,5.81,9456.73
SHP_07929,PLNT_04,23-11-2024,Heavy Truck,10.39,221.44
SHP_07930,PLNT_03,09-12-2024,Heavy Truck,8.15,734.27
SHP_07931,PLNT_03,23-09-2024,Heavy Truck,2.95,349.51
SHP_07932,PLNT_02,20-12-2025,Heavy Truck,6.52,113.51
SHP_07933,PLNT_01,22-08-2025,Air Freight,14.97,7046.99
SHP_07934,PLNT_03,26-11-2025,Heavy Truck,12.02,643.5
SHP_07935,PLNT_04,13-07-2025,Heavy Truck,5.48,343.51
SHP_07936,PLNT_03,02-07-2026,Heavy Truck,7.99,195.87
SHP_07937,PLNT_04,12-12-2026,Ocean Cargo,3.61,3330.35
SHP_07938,PLNT_04,06-09-2026,Ocean Cargo,15.31,6051.72
SHP_07939,PLNT_04,21-09-2024,Ocean Cargo,1.61,8153.8
SHP_07940,PLNT_02,13-02-2026,Ocean Cargo,23.4,8419.15
SHP_07941,PLNT_03,02-09-2025,Ocean Cargo,9.1,3151.94
SHP_07942,PLNT_05,23-02-2024,Heavy Truck,16.28,379.89
SHP_07943,PLNT_01,09-10-2025,Ocean Cargo,12.77,7602.66
SHP_07944,PLNT_04,24-08-2025,Ocean Cargo,13.25,8575.88
SHP_07945,PLNT_01,18-11-2024,Heavy Truck,3.75,125.57
SHP_07946,PLNT_03,18-01-2025,Heavy Truck,1.53,630.06
SHP_07947,PLNT_02,11-11-2026,Heavy Truck,12.78,241.3
SHP_07948,PLNT_05,03-10-2024,Ocean Cargo,13.22,11092.89
SHP_07949,PLNT_02,02-06-2024,Rail,8.64,298.15
SHP_07950,PLNT_03,22-06-2024,Air Freight,8.35,7386.12
SHP_07951,PLNT_05,27-07-2024,Heavy Truck,16.58,302.53
SHP_07952,PLNT_01,02-05-2024,Ocean Cargo,19.09,9260.19
SHP_07953,PLNT_05,26-12-2024,Heavy Truck,14.82,649.83
SHP_07954,PLNT_02,06-01-2024,Heavy Truck,5.24,194.49
SHP_07955,PLNT_01,06-09-2024,Heavy Truck,5.22,233.77
SHP_07956,PLNT_04,27-08-2026,Heavy Truck,15.89,586.27
SHP_07957,PLNT_03,07-12-2026,Ocean Cargo,12.16,7223.6
SHP_07958,PLNT_05,23-04-2025,Ocean Cargo,1.68,7204.96
SHP_07959,PLNT_01,03-03-2025,Ocean Cargo,24.81,3000.55
SHP_07960,PLNT_03,21-03-2025,Ocean Cargo,23.9,8287.56
SHP_07961,PLNT_05,08-07-2025,Ocean Cargo,2.99,5052
SHP_07962,PLNT_01,16-04-2025,Heavy Truck,15.55,139.09
SHP_07963,PLNT_01,16-07-2026,Ocean Cargo,11.16,1427.88
SHP_07964,PLNT_01,23-06-2026,Rail,19.47,314.26
SHP_07965,PLNT_01,27-07-2025,Heavy Truck,23.54,355.71
SHP_07966,PLNT_05,11-09-2024,Heavy Truck,5.27,125.68
SHP_07967,PLNT_05,04-05-2026,Heavy Truck,1.85,553.04
SHP_07968,PLNT_02,10-02-2024,Heavy Truck,11.93,604.42
SHP_07969,PLNT_01,04-02-2025,Ocean Cargo,15.03,2735.45
SHP_07970,PLNT_03,23-12-2025,Heavy Truck,3.49,564.91
SHP_07971,PLNT_05,06-02-2024,Heavy Truck,24.08,417.65
SHP_07972,PLNT_05,05-05-2024,Heavy Truck,15.61,703.95
SHP_07973,PLNT_03,17-12-2024,Rail,6.3,134.09
SHP_07974,PLNT_05,09-07-2024,Heavy Truck,6.67,116.11
SHP_07975,PLNT_01,18-06-2025,Ocean Cargo,21.92,3200.32
SHP_07976,PLNT_04,05-11-2025,Heavy Truck,12.19,609.67
SHP_07977,PLNT_01,02-11-2024,Ocean Cargo,11.49,9894.96
SHP_07978,PLNT_05,27-04-2026,Ocean Cargo,16.74,1313.76
SHP_07979,PLNT_05,07-07-2024,Ocean Cargo,12.51,6251.88
SHP_07980,PLNT_05,07-02-2024,Ocean Cargo,18.08,3641.44
SHP_07981,PLNT_04,16-04-2026,Heavy Truck,12.36,107.02
SHP_07982,PLNT_01,14-09-2024,Rail,5.1,527.11
SHP_07983,PLNT_03,19-12-2026,Ocean Cargo,2.69,11002.92
SHP_07984,PLNT_03,23-05-2026,Heavy Truck,5.68,397.51
SHP_07985,PLNT_01,06-11-2024,Rail,4.05,422.1
SHP_07986,PLNT_05,25-12-2025,Ocean Cargo,9.56,927.54
SHP_07987,PLNT_01,08-08-2024,Heavy Truck,5.85,455.15
SHP_07988,PLNT_04,21-05-2025,Heavy Truck,16.14,671.95
SHP_07989,PLNT_03,19-05-2025,Heavy Truck,21.63,799.58
SHP_07990,PLNT_03,02-03-2026,Ocean Cargo,17.36,9777.29
SHP_07991,PLNT_03,10-03-2026,Heavy Truck,13,243.03
SHP_07992,PLNT_02,26-10-2024,Heavy Truck,6.44,574.06
SHP_07993,PLNT_03,08-06-2025,Ocean Cargo,17.7,1887.29
SHP_07994,PLNT_04,15-04-2026,Heavy Truck,7.69,103.69
SHP_07995,PLNT_05,14-01-2025,Ocean Cargo,21.81,11945.53
SHP_07996,PLNT_03,03-06-2026,Ocean Cargo,22.31,2665.95
SHP_07997,PLNT_03,14-11-2026,Ocean Cargo,17.65,3466.15
SHP_07998,PLNT_01,06-01-2025,Ocean Cargo,15.59,6107.51
SHP_07999,PLNT_03,24-10-2025,Heavy Truck,17.95,242.51
